#-----------------------------------------------------------
# Vivado v2024.1 (64-bit)
# SW Build 5076996 on Wed May 22 18:36:09 MDT 2024
# IP Build 5075265 on Wed May 22 21:45:21 MDT 2024
# SharedData Build 5076995 on Wed May 22 18:29:18 MDT 2024
# Start of session at: Sun Jul 12 21:20:42 2026
# Process ID: 60
# Current directory: /home/ronny/tec/high-level-design-for-electronics/homework/homework-3/hls-gem5-rgb2gray
# Command line: vivado -mode batch -source vivado/scripts/build_bitstream_xsa.tcl
# Log file: /home/ronny/tec/high-level-design-for-electronics/homework/homework-3/hls-gem5-rgb2gray/vivado.log
# Journal file: /home/ronny/tec/high-level-design-for-electronics/homework/homework-3/hls-gem5-rgb2gray/vivado.jou
# Running On        :192.168.1.25
# Platform          :unknown
# Operating System  :unknown
# Processor Detail  :Intel(R) Core(TM) i5-8250U CPU @ 1.60GHz
# CPU Frequency     :2600.027 MHz
# CPU Physical cores:4
# CPU Logical cores :8
# Host memory       :8170 MB
# Swap memory       :8169 MB
# Total Virtual     :16339 MB
# Available Virtual :6604 MB
#-----------------------------------------------------------
CRITICAL WARNING: [Common 17-741] No write access right to the local Tcl store at '/home/ronny/.Xilinx/Vivado/2024.1/XilinxTclStore'. XilinxTclStore is reverted to the installation area. If you want to use local Tcl Store, please change the access right and relaunch Vivado.
source vivado/scripts/build_bitstream_xsa.tcl
# set script_dir [file dirname [file normalize [info script]]]
# set vivado_dir [file dirname $script_dir]
# set project_name image_accel_kv260
# set bd_name image_accel_system
# set build_dir [file join $vivado_dir build]
# set export_dir [file join $vivado_dir export]
# set project_dir [file join $build_dir $project_name]
# set project_xpr [file join $project_dir ${project_name}.xpr]
# set xsa_path [file join $export_dir ${project_name}_bitstream.xsa]
# set bd_path [file join $project_dir ${project_name}.srcs sources_1 bd $bd_name ${bd_name}.bd]
# set wrapper_path [file join $project_dir ${project_name}.gen sources_1 bd $bd_name hdl ${bd_name}_wrapper.v]
# set bit_path [file join $project_dir ${project_name}.runs impl_1 ${bd_name}_wrapper.bit]
# set jobs 2
# proc require_run_complete {run_name} {
#     set run_obj [get_runs $run_name]
#     set status [get_property STATUS $run_obj]
#     if {[string first "Complete" $status] < 0} {
#         puts stderr "ERROR: Vivado run $run_name did not complete. Status: $status"
#         exit 1
#     }
# }
# if {![file exists $project_xpr]} {
#     puts stderr "ERROR: Vivado project not found: $project_xpr"
#     puts stderr "Run first: vivado -mode batch -source vivado/scripts/create_image_accel_bd.tcl"
#     exit 1
# }
# file mkdir $export_dir
# open_project $project_xpr
Scanning sources...
Finished scanning sources
INFO: [IP_Flow 19-234] Refreshing IP repositories
INFO: [IP_Flow 19-1700] Loaded user IP repository '/home/ronny/tec/high-level-design-for-electronics/homework/homework-3/hls-gem5-rgb2gray/vivado/build/ip_repo/image_accel_1_0'.
INFO: [IP_Flow 19-2313] Loaded Vivado IP repository '/tools/Xilinx/Vivado/2024.1/data/ip'.
open_project: Time (s): cpu = 00:00:20 ; elapsed = 00:00:21 . Memory (MB): peak = 1716.750 ; gain = 98.645 ; free physical = 163 ; free virtual = 5908
# open_bd_design /home/ronny/tec/high-level-design-for-electronics/homework/homework-3/hls-gem5-rgb2gray/vivado/build/image_accel_kv260/image_accel_kv260.srcs/sources_1/bd/image_accel_system/image_accel_system.bd
Reading block design file </home/ronny/tec/high-level-design-for-electronics/homework/homework-3/hls-gem5-rgb2gray/vivado/build/image_accel_kv260/image_accel_kv260.srcs/sources_1/bd/image_accel_system/image_accel_system.bd>...
Adding component instance block -- xilinx.com:ip:zynq_ultra_ps_e:3.5 - zynq_ultra_ps_e_0
Adding component instance block -- xilinx.com:hls:image_accel:1.0 - image_accel_0
Adding component instance block -- xilinx.com:ip:smartconnect:1.0 - smartconnect_ctrl
Adding component instance block -- xilinx.com:ip:smartconnect:1.0 - smartconnect_mem
Adding component instance block -- xilinx.com:ip:proc_sys_reset:5.0 - rst_ps_pl_250m
Adding component instance block -- xilinx.com:ip:util_vector_logic:2.0 - rstn_to_rst
Adding component instance block -- xilinx.com:ip:xlconstant:1.1 - const_one
Adding component instance block -- xilinx.com:ip:xlconstant:1.1 - const_zero
Excluding slave segment /zynq_ultra_ps_e_0/SAXIGP2/HP0_LPS_OCM from address space /image_accel_0/Data_m_axi_gmem0.
Excluding slave segment /zynq_ultra_ps_e_0/SAXIGP2/HP0_LPS_OCM from address space /image_accel_0/Data_m_axi_gmem1.
Successfully read diagram <image_accel_system> from block design file </home/ronny/tec/high-level-design-for-electronics/homework/homework-3/hls-gem5-rgb2gray/vivado/build/image_accel_kv260/image_accel_kv260.srcs/sources_1/bd/image_accel_system/image_accel_system.bd>
# validate_bd_design
INFO: [BD 5-320] Validate design is not run, since the design is already validated.
# save_bd_design
# generate_target all [get_files $bd_path]
INFO: [BD 41-1637] Generated targets are already up-to-date for block design 'image_accel_system' - hence not re-generating.
# if {![file exists $wrapper_path]} {
#     make_wrapper -files [get_files $bd_path] -top
#     add_files -norecurse $wrapper_path
# }
# set_property top ${bd_name}_wrapper [current_fileset]
# update_compile_order -fileset sources_1
# reset_run synth_1
# launch_runs synth_1 -jobs $jobs
INFO: [IP_Flow 19-6930] IPCACHE: runCacheChecks() number of threads = 8
INFO: [IP_Flow 19-6921] IPCACHE: Adding cache check func to thread queue for IP image_accel_system_image_accel_0_0
INFO: [IP_Flow 19-6921] IPCACHE: Adding cache check func to thread queue for IP image_accel_system_rst_ps_pl_250m_0
INFO: [IP_Flow 19-6921] IPCACHE: Adding cache check func to thread queue for IP image_accel_system_rstn_to_rst_0
INFO: [IP_Flow 19-6921] IPCACHE: Adding cache check func to thread queue for IP image_accel_system_smartconnect_ctrl_0
INFO: [IP_Flow 19-6921] IPCACHE: Adding cache check func to thread queue for IP image_accel_system_smartconnect_mem_0
INFO: [IP_Flow 19-6921] IPCACHE: Adding cache check func to thread queue for IP image_accel_system_zynq_ultra_ps_e_0_0
INFO: [IP_Flow 19-8020] IPCACHE: runCacheChecks() calling threadPool finishWork()
INFO: [IP_Flow 19-6924] IPCACHE: Running cache check for IP inst: image_accel_system_image_accel_0_0
INFO: [IP_Flow 19-6924] IPCACHE: Running cache check for IP inst: image_accel_system_rst_ps_pl_250m_0
INFO: [IP_Flow 19-6924] IPCACHE: Running cache check for IP inst: image_accel_system_rstn_to_rst_0
INFO: [IP_Flow 19-6924] IPCACHE: Running cache check for IP inst: image_accel_system_smartconnect_ctrl_0
INFO: [IP_Flow 19-6924] IPCACHE: Running cache check for IP inst: image_accel_system_smartconnect_mem_0
INFO: [IP_Flow 19-6924] IPCACHE: Running cache check for IP inst: image_accel_system_zynq_ultra_ps_e_0_0
WARNING: [Vivado 12-7122] Auto Incremental Compile:: No reference checkpoint was found in run synth_1. Auto-incremental flow will not be run, the standard flow will be run instead.
[Sun Jul 12 21:21:21 2026] Launched image_accel_system_zynq_ultra_ps_e_0_0_synth_1, image_accel_system_image_accel_0_0_synth_1, image_accel_system_smartconnect_ctrl_0_synth_1, image_accel_system_smartconnect_mem_0_synth_1, image_accel_system_rst_ps_pl_250m_0_synth_1, image_accel_system_rstn_to_rst_0_synth_1...
Run output will be captured here:
image_accel_system_zynq_ultra_ps_e_0_0_synth_1: /home/ronny/tec/high-level-design-for-electronics/homework/homework-3/hls-gem5-rgb2gray/vivado/build/image_accel_kv260/image_accel_kv260.runs/image_accel_system_zynq_ultra_ps_e_0_0_synth_1/runme.log
image_accel_system_image_accel_0_0_synth_1: /home/ronny/tec/high-level-design-for-electronics/homework/homework-3/hls-gem5-rgb2gray/vivado/build/image_accel_kv260/image_accel_kv260.runs/image_accel_system_image_accel_0_0_synth_1/runme.log
image_accel_system_smartconnect_ctrl_0_synth_1: /home/ronny/tec/high-level-design-for-electronics/homework/homework-3/hls-gem5-rgb2gray/vivado/build/image_accel_kv260/image_accel_kv260.runs/image_accel_system_smartconnect_ctrl_0_synth_1/runme.log
image_accel_system_smartconnect_mem_0_synth_1: /home/ronny/tec/high-level-design-for-electronics/homework/homework-3/hls-gem5-rgb2gray/vivado/build/image_accel_kv260/image_accel_kv260.runs/image_accel_system_smartconnect_mem_0_synth_1/runme.log
image_accel_system_rst_ps_pl_250m_0_synth_1: /home/ronny/tec/high-level-design-for-electronics/homework/homework-3/hls-gem5-rgb2gray/vivado/build/image_accel_kv260/image_accel_kv260.runs/image_accel_system_rst_ps_pl_250m_0_synth_1/runme.log
image_accel_system_rstn_to_rst_0_synth_1: /home/ronny/tec/high-level-design-for-electronics/homework/homework-3/hls-gem5-rgb2gray/vivado/build/image_accel_kv260/image_accel_kv260.runs/image_accel_system_rstn_to_rst_0_synth_1/runme.log
[Sun Jul 12 21:21:21 2026] Launched synth_1...
Run output will be captured here: /home/ronny/tec/high-level-design-for-electronics/homework/homework-3/hls-gem5-rgb2gray/vivado/build/image_accel_kv260/image_accel_kv260.runs/synth_1/runme.log
# wait_on_run synth_1
[Sun Jul 12 21:21:21 2026] Waiting for synth_1 to finish...

*** Running vivado
    with args -log image_accel_system_wrapper.vds -m64 -product Vivado -mode batch -messageDb vivado.pb -notrace -source image_accel_system_wrapper.tcl


****** Vivado v2024.1 (64-bit)
  **** SW Build 5076996 on Wed May 22 18:36:09 MDT 2024
  **** IP Build 5075265 on Wed May 22 21:45:21 MDT 2024
  **** SharedData Build 5076995 on Wed May 22 18:29:18 MDT 2024
  **** Start of session at: Sun Jul 12 21:30:37 2026
    ** Copyright 1986-2022 Xilinx, Inc. All Rights Reserved.
    ** Copyright 2022-2024 Advanced Micro Devices, Inc. All Rights Reserved.

CRITICAL WARNING: [Common 17-741] No write access right to the local Tcl store at '/home/ronny/.Xilinx/Vivado/2024.1/XilinxTclStore'. XilinxTclStore is reverted to the installation area. If you want to use local Tcl Store, please change the access right and relaunch Vivado.
source image_accel_system_wrapper.tcl -notrace
create_project: Time (s): cpu = 00:00:09 ; elapsed = 00:00:10 . Memory (MB): peak = 1661.941 ; gain = 42.832 ; free physical = 2899 ; free virtual = 7841
INFO: [IP_Flow 19-234] Refreshing IP repositories
INFO: [IP_Flow 19-1700] Loaded user IP repository '/home/ronny/tec/high-level-design-for-electronics/homework/homework-3/hls-gem5-rgb2gray/vivado/build/ip_repo/image_accel_1_0'.
INFO: [IP_Flow 19-2313] Loaded Vivado IP repository '/tools/Xilinx/Vivado/2024.1/data/ip'.
Command: synth_design -top image_accel_system_wrapper -part xck26-sfvc784-2LV-c
Starting synth_design
Attempting to get a license for feature 'Synthesis' and/or device 'xck26'
INFO: [Common 17-349] Got license for feature 'Synthesis' and/or device 'xck26'
INFO: [Device 21-403] Loading part xck26-sfvc784-2LV-c
INFO: [Synth 8-7079] Multithreading enabled for synth_design using a maximum of 4 processes.
INFO: [Synth 8-7078] Launching helper process for spawning children vivado processes
INFO: [Synth 8-7075] Helper process launched with PID 885
---------------------------------------------------------------------------------
Starting RTL Elaboration : Time (s): cpu = 00:00:06 ; elapsed = 00:00:06 . Memory (MB): peak = 2975.578 ; gain = 298.777 ; free physical = 887 ; free virtual = 6193
---------------------------------------------------------------------------------
INFO: [Synth 8-6157] synthesizing module 'image_accel_system_wrapper' [/home/ronny/tec/high-level-design-for-electronics/homework/homework-3/hls-gem5-rgb2gray/vivado/build/image_accel_kv260/image_accel_kv260.gen/sources_1/bd/image_accel_system/hdl/image_accel_system_wrapper.v:13]
INFO: [Synth 8-6157] synthesizing module 'image_accel_system' [/home/ronny/tec/high-level-design-for-electronics/homework/homework-3/hls-gem5-rgb2gray/vivado/build/image_accel_kv260/image_accel_kv260.gen/sources_1/bd/image_accel_system/synth/image_accel_system.v:13]
INFO: [Synth 8-6157] synthesizing module 'image_accel_system_const_one_0' [/home/ronny/tec/high-level-design-for-electronics/homework/homework-3/hls-gem5-rgb2gray/vivado/build/image_accel_kv260/image_accel_kv260.gen/sources_1/bd/image_accel_system/ip/image_accel_system_const_one_0/synth/image_accel_system_const_one_0.v:53]
INFO: [Synth 8-6157] synthesizing module 'xlconstant_v1_1_9_xlconstant' [/home/ronny/tec/high-level-design-for-electronics/homework/homework-3/hls-gem5-rgb2gray/vivado/build/image_accel_kv260/image_accel_kv260.gen/sources_1/bd/image_accel_system/ipshared/e2d2/hdl/xlconstant_v1_1_vl_rfs.v:68]
INFO: [Synth 8-6155] done synthesizing module 'xlconstant_v1_1_9_xlconstant' (0#1) [/home/ronny/tec/high-level-design-for-electronics/homework/homework-3/hls-gem5-rgb2gray/vivado/build/image_accel_kv260/image_accel_kv260.gen/sources_1/bd/image_accel_system/ipshared/e2d2/hdl/xlconstant_v1_1_vl_rfs.v:68]
INFO: [Synth 8-6155] done synthesizing module 'image_accel_system_const_one_0' (0#1) [/home/ronny/tec/high-level-design-for-electronics/homework/homework-3/hls-gem5-rgb2gray/vivado/build/image_accel_kv260/image_accel_kv260.gen/sources_1/bd/image_accel_system/ip/image_accel_system_const_one_0/synth/image_accel_system_const_one_0.v:53]
INFO: [Synth 8-6157] synthesizing module 'image_accel_system_const_zero_0' [/home/ronny/tec/high-level-design-for-electronics/homework/homework-3/hls-gem5-rgb2gray/vivado/build/image_accel_kv260/image_accel_kv260.gen/sources_1/bd/image_accel_system/ip/image_accel_system_const_zero_0/synth/image_accel_system_const_zero_0.v:53]
INFO: [Synth 8-6157] synthesizing module 'xlconstant_v1_1_9_xlconstant__parameterized0' [/home/ronny/tec/high-level-design-for-electronics/homework/homework-3/hls-gem5-rgb2gray/vivado/build/image_accel_kv260/image_accel_kv260.gen/sources_1/bd/image_accel_system/ipshared/e2d2/hdl/xlconstant_v1_1_vl_rfs.v:68]
INFO: [Synth 8-6155] done synthesizing module 'xlconstant_v1_1_9_xlconstant__parameterized0' (0#1) [/home/ronny/tec/high-level-design-for-electronics/homework/homework-3/hls-gem5-rgb2gray/vivado/build/image_accel_kv260/image_accel_kv260.gen/sources_1/bd/image_accel_system/ipshared/e2d2/hdl/xlconstant_v1_1_vl_rfs.v:68]
INFO: [Synth 8-6155] done synthesizing module 'image_accel_system_const_zero_0' (0#1) [/home/ronny/tec/high-level-design-for-electronics/homework/homework-3/hls-gem5-rgb2gray/vivado/build/image_accel_kv260/image_accel_kv260.gen/sources_1/bd/image_accel_system/ip/image_accel_system_const_zero_0/synth/image_accel_system_const_zero_0.v:53]
INFO: [Synth 8-6157] synthesizing module 'image_accel_system_image_accel_0_0' [/home/ronny/tec/high-level-design-for-electronics/homework/homework-3/hls-gem5-rgb2gray/vivado/build/image_accel_kv260/image_accel_kv260.runs/synth_1/.Xil/Vivado-880-192.168.1.25/realtime/image_accel_system_image_accel_0_0_stub.v:6]
INFO: [Synth 8-6155] done synthesizing module 'image_accel_system_image_accel_0_0' (0#1) [/home/ronny/tec/high-level-design-for-electronics/homework/homework-3/hls-gem5-rgb2gray/vivado/build/image_accel_kv260/image_accel_kv260.runs/synth_1/.Xil/Vivado-880-192.168.1.25/realtime/image_accel_system_image_accel_0_0_stub.v:6]
WARNING: [Synth 8-7071] port 'm_axi_gmem0_ARREGION' of module 'image_accel_system_image_accel_0_0' is unconnected for instance 'image_accel_0' [/home/ronny/tec/high-level-design-for-electronics/homework/homework-3/hls-gem5-rgb2gray/vivado/build/image_accel_kv260/image_accel_kv260.gen/sources_1/bd/image_accel_system/synth/image_accel_system.v:155]
WARNING: [Synth 8-7071] port 'm_axi_gmem0_AWADDR' of module 'image_accel_system_image_accel_0_0' is unconnected for instance 'image_accel_0' [/home/ronny/tec/high-level-design-for-electronics/homework/homework-3/hls-gem5-rgb2gray/vivado/build/image_accel_kv260/image_accel_kv260.gen/sources_1/bd/image_accel_system/synth/image_accel_system.v:155]
WARNING: [Synth 8-7071] port 'm_axi_gmem0_AWBURST' of module 'image_accel_system_image_accel_0_0' is unconnected for instance 'image_accel_0' [/home/ronny/tec/high-level-design-for-electronics/homework/homework-3/hls-gem5-rgb2gray/vivado/build/image_accel_kv260/image_accel_kv260.gen/sources_1/bd/image_accel_system/synth/image_accel_system.v:155]
WARNING: [Synth 8-7071] port 'm_axi_gmem0_AWCACHE' of module 'image_accel_system_image_accel_0_0' is unconnected for instance 'image_accel_0' [/home/ronny/tec/high-level-design-for-electronics/homework/homework-3/hls-gem5-rgb2gray/vivado/build/image_accel_kv260/image_accel_kv260.gen/sources_1/bd/image_accel_system/synth/image_accel_system.v:155]
WARNING: [Synth 8-7071] port 'm_axi_gmem0_AWID' of module 'image_accel_system_image_accel_0_0' is unconnected for instance 'image_accel_0' [/home/ronny/tec/high-level-design-for-electronics/homework/homework-3/hls-gem5-rgb2gray/vivado/build/image_accel_kv260/image_accel_kv260.gen/sources_1/bd/image_accel_system/synth/image_accel_system.v:155]
WARNING: [Synth 8-7071] port 'm_axi_gmem0_AWLEN' of module 'image_accel_system_image_accel_0_0' is unconnected for instance 'image_accel_0' [/home/ronny/tec/high-level-design-for-electronics/homework/homework-3/hls-gem5-rgb2gray/vivado/build/image_accel_kv260/image_accel_kv260.gen/sources_1/bd/image_accel_system/synth/image_accel_system.v:155]
WARNING: [Synth 8-7071] port 'm_axi_gmem0_AWLOCK' of module 'image_accel_system_image_accel_0_0' is unconnected for instance 'image_accel_0' [/home/ronny/tec/high-level-design-for-electronics/homework/homework-3/hls-gem5-rgb2gray/vivado/build/image_accel_kv260/image_accel_kv260.gen/sources_1/bd/image_accel_system/synth/image_accel_system.v:155]
WARNING: [Synth 8-7071] port 'm_axi_gmem0_AWPROT' of module 'image_accel_system_image_accel_0_0' is unconnected for instance 'image_accel_0' [/home/ronny/tec/high-level-design-for-electronics/homework/homework-3/hls-gem5-rgb2gray/vivado/build/image_accel_kv260/image_accel_kv260.gen/sources_1/bd/image_accel_system/synth/image_accel_system.v:155]
WARNING: [Synth 8-7071] port 'm_axi_gmem0_AWQOS' of module 'image_accel_system_image_accel_0_0' is unconnected for instance 'image_accel_0' [/home/ronny/tec/high-level-design-for-electronics/homework/homework-3/hls-gem5-rgb2gray/vivado/build/image_accel_kv260/image_accel_kv260.gen/sources_1/bd/image_accel_system/synth/image_accel_system.v:155]
WARNING: [Synth 8-7071] port 'm_axi_gmem0_AWREGION' of module 'image_accel_system_image_accel_0_0' is unconnected for instance 'image_accel_0' [/home/ronny/tec/high-level-design-for-electronics/homework/homework-3/hls-gem5-rgb2gray/vivado/build/image_accel_kv260/image_accel_kv260.gen/sources_1/bd/image_accel_system/synth/image_accel_system.v:155]
WARNING: [Synth 8-7071] port 'm_axi_gmem0_AWSIZE' of module 'image_accel_system_image_accel_0_0' is unconnected for instance 'image_accel_0' [/home/ronny/tec/high-level-design-for-electronics/homework/homework-3/hls-gem5-rgb2gray/vivado/build/image_accel_kv260/image_accel_kv260.gen/sources_1/bd/image_accel_system/synth/image_accel_system.v:155]
WARNING: [Synth 8-7071] port 'm_axi_gmem0_AWVALID' of module 'image_accel_system_image_accel_0_0' is unconnected for instance 'image_accel_0' [/home/ronny/tec/high-level-design-for-electronics/homework/homework-3/hls-gem5-rgb2gray/vivado/build/image_accel_kv260/image_accel_kv260.gen/sources_1/bd/image_accel_system/synth/image_accel_system.v:155]
WARNING: [Synth 8-7071] port 'm_axi_gmem0_BREADY' of module 'image_accel_system_image_accel_0_0' is unconnected for instance 'image_accel_0' [/home/ronny/tec/high-level-design-for-electronics/homework/homework-3/hls-gem5-rgb2gray/vivado/build/image_accel_kv260/image_accel_kv260.gen/sources_1/bd/image_accel_system/synth/image_accel_system.v:155]
WARNING: [Synth 8-7071] port 'm_axi_gmem0_WDATA' of module 'image_accel_system_image_accel_0_0' is unconnected for instance 'image_accel_0' [/home/ronny/tec/high-level-design-for-electronics/homework/homework-3/hls-gem5-rgb2gray/vivado/build/image_accel_kv260/image_accel_kv260.gen/sources_1/bd/image_accel_system/synth/image_accel_system.v:155]
WARNING: [Synth 8-7071] port 'm_axi_gmem0_WID' of module 'image_accel_system_image_accel_0_0' is unconnected for instance 'image_accel_0' [/home/ronny/tec/high-level-design-for-electronics/homework/homework-3/hls-gem5-rgb2gray/vivado/build/image_accel_kv260/image_accel_kv260.gen/sources_1/bd/image_accel_system/synth/image_accel_system.v:155]
WARNING: [Synth 8-7071] port 'm_axi_gmem0_WLAST' of module 'image_accel_system_image_accel_0_0' is unconnected for instance 'image_accel_0' [/home/ronny/tec/high-level-design-for-electronics/homework/homework-3/hls-gem5-rgb2gray/vivado/build/image_accel_kv260/image_accel_kv260.gen/sources_1/bd/image_accel_system/synth/image_accel_system.v:155]
WARNING: [Synth 8-7071] port 'm_axi_gmem0_WSTRB' of module 'image_accel_system_image_accel_0_0' is unconnected for instance 'image_accel_0' [/home/ronny/tec/high-level-design-for-electronics/homework/homework-3/hls-gem5-rgb2gray/vivado/build/image_accel_kv260/image_accel_kv260.gen/sources_1/bd/image_accel_system/synth/image_accel_system.v:155]
WARNING: [Synth 8-7071] port 'm_axi_gmem0_WVALID' of module 'image_accel_system_image_accel_0_0' is unconnected for instance 'image_accel_0' [/home/ronny/tec/high-level-design-for-electronics/homework/homework-3/hls-gem5-rgb2gray/vivado/build/image_accel_kv260/image_accel_kv260.gen/sources_1/bd/image_accel_system/synth/image_accel_system.v:155]
WARNING: [Synth 8-7071] port 'm_axi_gmem1_ARADDR' of module 'image_accel_system_image_accel_0_0' is unconnected for instance 'image_accel_0' [/home/ronny/tec/high-level-design-for-electronics/homework/homework-3/hls-gem5-rgb2gray/vivado/build/image_accel_kv260/image_accel_kv260.gen/sources_1/bd/image_accel_system/synth/image_accel_system.v:155]
WARNING: [Synth 8-7071] port 'm_axi_gmem1_ARBURST' of module 'image_accel_system_image_accel_0_0' is unconnected for instance 'image_accel_0' [/home/ronny/tec/high-level-design-for-electronics/homework/homework-3/hls-gem5-rgb2gray/vivado/build/image_accel_kv260/image_accel_kv260.gen/sources_1/bd/image_accel_system/synth/image_accel_system.v:155]
WARNING: [Synth 8-7071] port 'm_axi_gmem1_ARCACHE' of module 'image_accel_system_image_accel_0_0' is unconnected for instance 'image_accel_0' [/home/ronny/tec/high-level-design-for-electronics/homework/homework-3/hls-gem5-rgb2gray/vivado/build/image_accel_kv260/image_accel_kv260.gen/sources_1/bd/image_accel_system/synth/image_accel_system.v:155]
WARNING: [Synth 8-7071] port 'm_axi_gmem1_ARID' of module 'image_accel_system_image_accel_0_0' is unconnected for instance 'image_accel_0' [/home/ronny/tec/high-level-design-for-electronics/homework/homework-3/hls-gem5-rgb2gray/vivado/build/image_accel_kv260/image_accel_kv260.gen/sources_1/bd/image_accel_system/synth/image_accel_system.v:155]
WARNING: [Synth 8-7071] port 'm_axi_gmem1_ARLEN' of module 'image_accel_system_image_accel_0_0' is unconnected for instance 'image_accel_0' [/home/ronny/tec/high-level-design-for-electronics/homework/homework-3/hls-gem5-rgb2gray/vivado/build/image_accel_kv260/image_accel_kv260.gen/sources_1/bd/image_accel_system/synth/image_accel_system.v:155]
WARNING: [Synth 8-7071] port 'm_axi_gmem1_ARLOCK' of module 'image_accel_system_image_accel_0_0' is unconnected for instance 'image_accel_0' [/home/ronny/tec/high-level-design-for-electronics/homework/homework-3/hls-gem5-rgb2gray/vivado/build/image_accel_kv260/image_accel_kv260.gen/sources_1/bd/image_accel_system/synth/image_accel_system.v:155]
WARNING: [Synth 8-7071] port 'm_axi_gmem1_ARPROT' of module 'image_accel_system_image_accel_0_0' is unconnected for instance 'image_accel_0' [/home/ronny/tec/high-level-design-for-electronics/homework/homework-3/hls-gem5-rgb2gray/vivado/build/image_accel_kv260/image_accel_kv260.gen/sources_1/bd/image_accel_system/synth/image_accel_system.v:155]
WARNING: [Synth 8-7071] port 'm_axi_gmem1_ARQOS' of module 'image_accel_system_image_accel_0_0' is unconnected for instance 'image_accel_0' [/home/ronny/tec/high-level-design-for-electronics/homework/homework-3/hls-gem5-rgb2gray/vivado/build/image_accel_kv260/image_accel_kv260.gen/sources_1/bd/image_accel_system/synth/image_accel_system.v:155]
WARNING: [Synth 8-7071] port 'm_axi_gmem1_ARREGION' of module 'image_accel_system_image_accel_0_0' is unconnected for instance 'image_accel_0' [/home/ronny/tec/high-level-design-for-electronics/homework/homework-3/hls-gem5-rgb2gray/vivado/build/image_accel_kv260/image_accel_kv260.gen/sources_1/bd/image_accel_system/synth/image_accel_system.v:155]
WARNING: [Synth 8-7071] port 'm_axi_gmem1_ARSIZE' of module 'image_accel_system_image_accel_0_0' is unconnected for instance 'image_accel_0' [/home/ronny/tec/high-level-design-for-electronics/homework/homework-3/hls-gem5-rgb2gray/vivado/build/image_accel_kv260/image_accel_kv260.gen/sources_1/bd/image_accel_system/synth/image_accel_system.v:155]
WARNING: [Synth 8-7071] port 'm_axi_gmem1_ARVALID' of module 'image_accel_system_image_accel_0_0' is unconnected for instance 'image_accel_0' [/home/ronny/tec/high-level-design-for-electronics/homework/homework-3/hls-gem5-rgb2gray/vivado/build/image_accel_kv260/image_accel_kv260.gen/sources_1/bd/image_accel_system/synth/image_accel_system.v:155]
WARNING: [Synth 8-7071] port 'm_axi_gmem1_AWREGION' of module 'image_accel_system_image_accel_0_0' is unconnected for instance 'image_accel_0' [/home/ronny/tec/high-level-design-for-electronics/homework/homework-3/hls-gem5-rgb2gray/vivado/build/image_accel_kv260/image_accel_kv260.gen/sources_1/bd/image_accel_system/synth/image_accel_system.v:155]
WARNING: [Synth 8-7071] port 'm_axi_gmem1_RREADY' of module 'image_accel_system_image_accel_0_0' is unconnected for instance 'image_accel_0' [/home/ronny/tec/high-level-design-for-electronics/homework/homework-3/hls-gem5-rgb2gray/vivado/build/image_accel_kv260/image_accel_kv260.gen/sources_1/bd/image_accel_system/synth/image_accel_system.v:155]
WARNING: [Synth 8-7071] port 'm_axi_gmem1_WID' of module 'image_accel_system_image_accel_0_0' is unconnected for instance 'image_accel_0' [/home/ronny/tec/high-level-design-for-electronics/homework/homework-3/hls-gem5-rgb2gray/vivado/build/image_accel_kv260/image_accel_kv260.gen/sources_1/bd/image_accel_system/synth/image_accel_system.v:155]
WARNING: [Synth 8-7023] instance 'image_accel_0' of module 'image_accel_system_image_accel_0_0' has 100 connections declared, but only 68 given [/home/ronny/tec/high-level-design-for-electronics/homework/homework-3/hls-gem5-rgb2gray/vivado/build/image_accel_kv260/image_accel_kv260.gen/sources_1/bd/image_accel_system/synth/image_accel_system.v:155]
INFO: [Synth 8-6157] synthesizing module 'image_accel_system_rst_ps_pl_250m_0' [/home/ronny/tec/high-level-design-for-electronics/homework/homework-3/hls-gem5-rgb2gray/vivado/build/image_accel_kv260/image_accel_kv260.runs/synth_1/.Xil/Vivado-880-192.168.1.25/realtime/image_accel_system_rst_ps_pl_250m_0_stub.v:6]
INFO: [Synth 8-6155] done synthesizing module 'image_accel_system_rst_ps_pl_250m_0' (0#1) [/home/ronny/tec/high-level-design-for-electronics/homework/homework-3/hls-gem5-rgb2gray/vivado/build/image_accel_kv260/image_accel_kv260.runs/synth_1/.Xil/Vivado-880-192.168.1.25/realtime/image_accel_system_rst_ps_pl_250m_0_stub.v:6]
WARNING: [Synth 8-7071] port 'mb_reset' of module 'image_accel_system_rst_ps_pl_250m_0' is unconnected for instance 'rst_ps_pl_250m' [/home/ronny/tec/high-level-design-for-electronics/homework/homework-3/hls-gem5-rgb2gray/vivado/build/image_accel_kv260/image_accel_kv260.gen/sources_1/bd/image_accel_system/synth/image_accel_system.v:224]
WARNING: [Synth 8-7071] port 'bus_struct_reset' of module 'image_accel_system_rst_ps_pl_250m_0' is unconnected for instance 'rst_ps_pl_250m' [/home/ronny/tec/high-level-design-for-electronics/homework/homework-3/hls-gem5-rgb2gray/vivado/build/image_accel_kv260/image_accel_kv260.gen/sources_1/bd/image_accel_system/synth/image_accel_system.v:224]
WARNING: [Synth 8-7071] port 'peripheral_reset' of module 'image_accel_system_rst_ps_pl_250m_0' is unconnected for instance 'rst_ps_pl_250m' [/home/ronny/tec/high-level-design-for-electronics/homework/homework-3/hls-gem5-rgb2gray/vivado/build/image_accel_kv260/image_accel_kv260.gen/sources_1/bd/image_accel_system/synth/image_accel_system.v:224]
WARNING: [Synth 8-7071] port 'interconnect_aresetn' of module 'image_accel_system_rst_ps_pl_250m_0' is unconnected for instance 'rst_ps_pl_250m' [/home/ronny/tec/high-level-design-for-electronics/homework/homework-3/hls-gem5-rgb2gray/vivado/build/image_accel_kv260/image_accel_kv260.gen/sources_1/bd/image_accel_system/synth/image_accel_system.v:224]
WARNING: [Synth 8-7023] instance 'rst_ps_pl_250m' of module 'image_accel_system_rst_ps_pl_250m_0' has 10 connections declared, but only 6 given [/home/ronny/tec/high-level-design-for-electronics/homework/homework-3/hls-gem5-rgb2gray/vivado/build/image_accel_kv260/image_accel_kv260.gen/sources_1/bd/image_accel_system/synth/image_accel_system.v:224]
INFO: [Synth 8-6157] synthesizing module 'image_accel_system_rstn_to_rst_0' [/home/ronny/tec/high-level-design-for-electronics/homework/homework-3/hls-gem5-rgb2gray/vivado/build/image_accel_kv260/image_accel_kv260.runs/synth_1/.Xil/Vivado-880-192.168.1.25/realtime/image_accel_system_rstn_to_rst_0_stub.v:6]
INFO: [Synth 8-6155] done synthesizing module 'image_accel_system_rstn_to_rst_0' (0#1) [/home/ronny/tec/high-level-design-for-electronics/homework/homework-3/hls-gem5-rgb2gray/vivado/build/image_accel_kv260/image_accel_kv260.runs/synth_1/.Xil/Vivado-880-192.168.1.25/realtime/image_accel_system_rstn_to_rst_0_stub.v:6]
INFO: [Synth 8-6157] synthesizing module 'image_accel_system_smartconnect_ctrl_0' [/home/ronny/tec/high-level-design-for-electronics/homework/homework-3/hls-gem5-rgb2gray/vivado/build/image_accel_kv260/image_accel_kv260.runs/synth_1/.Xil/Vivado-880-192.168.1.25/realtime/image_accel_system_smartconnect_ctrl_0_stub.v:6]
INFO: [Synth 8-6155] done synthesizing module 'image_accel_system_smartconnect_ctrl_0' (0#1) [/home/ronny/tec/high-level-design-for-electronics/homework/homework-3/hls-gem5-rgb2gray/vivado/build/image_accel_kv260/image_accel_kv260.runs/synth_1/.Xil/Vivado-880-192.168.1.25/realtime/image_accel_system_smartconnect_ctrl_0_stub.v:6]
WARNING: [Synth 8-7071] port 'M00_AXI_awprot' of module 'image_accel_system_smartconnect_ctrl_0' is unconnected for instance 'smartconnect_ctrl' [/home/ronny/tec/high-level-design-for-electronics/homework/homework-3/hls-gem5-rgb2gray/vivado/build/image_accel_kv260/image_accel_kv260.gen/sources_1/bd/image_accel_system/synth/image_accel_system.v:234]
WARNING: [Synth 8-7071] port 'M00_AXI_arprot' of module 'image_accel_system_smartconnect_ctrl_0' is unconnected for instance 'smartconnect_ctrl' [/home/ronny/tec/high-level-design-for-electronics/homework/homework-3/hls-gem5-rgb2gray/vivado/build/image_accel_kv260/image_accel_kv260.gen/sources_1/bd/image_accel_system/synth/image_accel_system.v:234]
WARNING: [Synth 8-7023] instance 'smartconnect_ctrl' of module 'image_accel_system_smartconnect_ctrl_0' has 60 connections declared, but only 58 given [/home/ronny/tec/high-level-design-for-electronics/homework/homework-3/hls-gem5-rgb2gray/vivado/build/image_accel_kv260/image_accel_kv260.gen/sources_1/bd/image_accel_system/synth/image_accel_system.v:234]
INFO: [Synth 8-6157] synthesizing module 'image_accel_system_smartconnect_mem_0' [/home/ronny/tec/high-level-design-for-electronics/homework/homework-3/hls-gem5-rgb2gray/vivado/build/image_accel_kv260/image_accel_kv260.runs/synth_1/.Xil/Vivado-880-192.168.1.25/realtime/image_accel_system_smartconnect_mem_0_stub.v:6]
INFO: [Synth 8-6155] done synthesizing module 'image_accel_system_smartconnect_mem_0' (0#1) [/home/ronny/tec/high-level-design-for-electronics/homework/homework-3/hls-gem5-rgb2gray/vivado/build/image_accel_kv260/image_accel_kv260.runs/synth_1/.Xil/Vivado-880-192.168.1.25/realtime/image_accel_system_smartconnect_mem_0_stub.v:6]
INFO: [Synth 8-6157] synthesizing module 'image_accel_system_zynq_ultra_ps_e_0_0' [/home/ronny/tec/high-level-design-for-electronics/homework/homework-3/hls-gem5-rgb2gray/vivado/build/image_accel_kv260/image_accel_kv260.runs/synth_1/.Xil/Vivado-880-192.168.1.25/realtime/image_accel_system_zynq_ultra_ps_e_0_0_stub.v:6]
INFO: [Synth 8-6155] done synthesizing module 'image_accel_system_zynq_ultra_ps_e_0_0' (0#1) [/home/ronny/tec/high-level-design-for-electronics/homework/homework-3/hls-gem5-rgb2gray/vivado/build/image_accel_kv260/image_accel_kv260.runs/synth_1/.Xil/Vivado-880-192.168.1.25/realtime/image_accel_system_zynq_ultra_ps_e_0_0_stub.v:6]
WARNING: [Synth 8-7071] port 'saxigp2_bid' of module 'image_accel_system_zynq_ultra_ps_e_0_0' is unconnected for instance 'zynq_ultra_ps_e_0' [/home/ronny/tec/high-level-design-for-electronics/homework/homework-3/hls-gem5-rgb2gray/vivado/build/image_accel_kv260/image_accel_kv260.gen/sources_1/bd/image_accel_system/synth/image_accel_system.v:366]
WARNING: [Synth 8-7071] port 'saxigp2_rid' of module 'image_accel_system_zynq_ultra_ps_e_0_0' is unconnected for instance 'zynq_ultra_ps_e_0' [/home/ronny/tec/high-level-design-for-electronics/homework/homework-3/hls-gem5-rgb2gray/vivado/build/image_accel_kv260/image_accel_kv260.gen/sources_1/bd/image_accel_system/synth/image_accel_system.v:366]
WARNING: [Synth 8-7023] instance 'zynq_ultra_ps_e_0' of module 'image_accel_system_zynq_ultra_ps_e_0_0' has 83 connections declared, but only 81 given [/home/ronny/tec/high-level-design-for-electronics/homework/homework-3/hls-gem5-rgb2gray/vivado/build/image_accel_kv260/image_accel_kv260.gen/sources_1/bd/image_accel_system/synth/image_accel_system.v:366]
INFO: [Synth 8-6155] done synthesizing module 'image_accel_system' (0#1) [/home/ronny/tec/high-level-design-for-electronics/homework/homework-3/hls-gem5-rgb2gray/vivado/build/image_accel_kv260/image_accel_kv260.gen/sources_1/bd/image_accel_system/synth/image_accel_system.v:13]
INFO: [Synth 8-6155] done synthesizing module 'image_accel_system_wrapper' (0#1) [/home/ronny/tec/high-level-design-for-electronics/homework/homework-3/hls-gem5-rgb2gray/vivado/build/image_accel_kv260/image_accel_kv260.gen/sources_1/bd/image_accel_system/hdl/image_accel_system_wrapper.v:13]
---------------------------------------------------------------------------------
Finished RTL Elaboration : Time (s): cpu = 00:00:08 ; elapsed = 00:00:08 . Memory (MB): peak = 3057.516 ; gain = 380.715 ; free physical = 797 ; free virtual = 6088
---------------------------------------------------------------------------------
---------------------------------------------------------------------------------
Start Handling Custom Attributes
---------------------------------------------------------------------------------
---------------------------------------------------------------------------------
Finished Handling Custom Attributes : Time (s): cpu = 00:00:08 ; elapsed = 00:00:08 . Memory (MB): peak = 3060.484 ; gain = 383.684 ; free physical = 789 ; free virtual = 6086
---------------------------------------------------------------------------------
---------------------------------------------------------------------------------
Finished RTL Optimization Phase 1 : Time (s): cpu = 00:00:08 ; elapsed = 00:00:08 . Memory (MB): peak = 3060.484 ; gain = 383.684 ; free physical = 789 ; free virtual = 6086
---------------------------------------------------------------------------------
Netlist sorting complete. Time (s): cpu = 00:00:00 ; elapsed = 00:00:00.01 . Memory (MB): peak = 3060.484 ; gain = 0.000 ; free physical = 790 ; free virtual = 6089
INFO: [Project 1-570] Preparing netlist for logic optimization

Processing XDC Constraints
Initializing timing engine
Parsing XDC File [/home/ronny/tec/high-level-design-for-electronics/homework/homework-3/hls-gem5-rgb2gray/vivado/build/image_accel_kv260/image_accel_kv260.gen/sources_1/bd/image_accel_system/ip/image_accel_system_zynq_ultra_ps_e_0_0/image_accel_system_zynq_ultra_ps_e_0_0/image_accel_system_zynq_ultra_ps_e_0_0_in_context.xdc] for cell 'image_accel_system_i/zynq_ultra_ps_e_0'
create_clock: Time (s): cpu = 00:00:06 ; elapsed = 00:00:06 . Memory (MB): peak = 3130.453 ; gain = 0.000 ; free physical = 786 ; free virtual = 6111
Finished Parsing XDC File [/home/ronny/tec/high-level-design-for-electronics/homework/homework-3/hls-gem5-rgb2gray/vivado/build/image_accel_kv260/image_accel_kv260.gen/sources_1/bd/image_accel_system/ip/image_accel_system_zynq_ultra_ps_e_0_0/image_accel_system_zynq_ultra_ps_e_0_0/image_accel_system_zynq_ultra_ps_e_0_0_in_context.xdc] for cell 'image_accel_system_i/zynq_ultra_ps_e_0'
Parsing XDC File [/home/ronny/tec/high-level-design-for-electronics/homework/homework-3/hls-gem5-rgb2gray/vivado/build/image_accel_kv260/image_accel_kv260.gen/sources_1/bd/image_accel_system/ip/image_accel_system_image_accel_0_0/image_accel_system_image_accel_0_0/image_accel_system_image_accel_0_0_in_context.xdc] for cell 'image_accel_system_i/image_accel_0'
Finished Parsing XDC File [/home/ronny/tec/high-level-design-for-electronics/homework/homework-3/hls-gem5-rgb2gray/vivado/build/image_accel_kv260/image_accel_kv260.gen/sources_1/bd/image_accel_system/ip/image_accel_system_image_accel_0_0/image_accel_system_image_accel_0_0/image_accel_system_image_accel_0_0_in_context.xdc] for cell 'image_accel_system_i/image_accel_0'
Parsing XDC File [/home/ronny/tec/high-level-design-for-electronics/homework/homework-3/hls-gem5-rgb2gray/vivado/build/image_accel_kv260/image_accel_kv260.gen/sources_1/bd/image_accel_system/ip/image_accel_system_smartconnect_ctrl_0/image_accel_system_smartconnect_ctrl_0/image_accel_system_smartconnect_ctrl_0_in_context.xdc] for cell 'image_accel_system_i/smartconnect_ctrl'
Finished Parsing XDC File [/home/ronny/tec/high-level-design-for-electronics/homework/homework-3/hls-gem5-rgb2gray/vivado/build/image_accel_kv260/image_accel_kv260.gen/sources_1/bd/image_accel_system/ip/image_accel_system_smartconnect_ctrl_0/image_accel_system_smartconnect_ctrl_0/image_accel_system_smartconnect_ctrl_0_in_context.xdc] for cell 'image_accel_system_i/smartconnect_ctrl'
Parsing XDC File [/home/ronny/tec/high-level-design-for-electronics/homework/homework-3/hls-gem5-rgb2gray/vivado/build/image_accel_kv260/image_accel_kv260.gen/sources_1/bd/image_accel_system/ip/image_accel_system_smartconnect_mem_0/image_accel_system_smartconnect_mem_0/image_accel_system_smartconnect_mem_0_in_context.xdc] for cell 'image_accel_system_i/smartconnect_mem'
Finished Parsing XDC File [/home/ronny/tec/high-level-design-for-electronics/homework/homework-3/hls-gem5-rgb2gray/vivado/build/image_accel_kv260/image_accel_kv260.gen/sources_1/bd/image_accel_system/ip/image_accel_system_smartconnect_mem_0/image_accel_system_smartconnect_mem_0/image_accel_system_smartconnect_mem_0_in_context.xdc] for cell 'image_accel_system_i/smartconnect_mem'
Parsing XDC File [/home/ronny/tec/high-level-design-for-electronics/homework/homework-3/hls-gem5-rgb2gray/vivado/build/image_accel_kv260/image_accel_kv260.gen/sources_1/bd/image_accel_system/ip/image_accel_system_rst_ps_pl_250m_0/image_accel_system_rst_ps_pl_250m_0/image_accel_system_rst_ps_pl_250m_0_in_context.xdc] for cell 'image_accel_system_i/rst_ps_pl_250m'
Finished Parsing XDC File [/home/ronny/tec/high-level-design-for-electronics/homework/homework-3/hls-gem5-rgb2gray/vivado/build/image_accel_kv260/image_accel_kv260.gen/sources_1/bd/image_accel_system/ip/image_accel_system_rst_ps_pl_250m_0/image_accel_system_rst_ps_pl_250m_0/image_accel_system_rst_ps_pl_250m_0_in_context.xdc] for cell 'image_accel_system_i/rst_ps_pl_250m'
Parsing XDC File [/home/ronny/tec/high-level-design-for-electronics/homework/homework-3/hls-gem5-rgb2gray/vivado/build/image_accel_kv260/image_accel_kv260.gen/sources_1/bd/image_accel_system/ip/image_accel_system_rstn_to_rst_0/image_accel_system_rstn_to_rst_0/image_accel_system_rstn_to_rst_0_in_context.xdc] for cell 'image_accel_system_i/rstn_to_rst'
Finished Parsing XDC File [/home/ronny/tec/high-level-design-for-electronics/homework/homework-3/hls-gem5-rgb2gray/vivado/build/image_accel_kv260/image_accel_kv260.gen/sources_1/bd/image_accel_system/ip/image_accel_system_rstn_to_rst_0/image_accel_system_rstn_to_rst_0/image_accel_system_rstn_to_rst_0_in_context.xdc] for cell 'image_accel_system_i/rstn_to_rst'
Parsing XDC File [/home/ronny/tec/high-level-design-for-electronics/homework/homework-3/hls-gem5-rgb2gray/vivado/build/image_accel_kv260/image_accel_kv260.runs/synth_1/dont_touch.xdc]
Finished Parsing XDC File [/home/ronny/tec/high-level-design-for-electronics/homework/homework-3/hls-gem5-rgb2gray/vivado/build/image_accel_kv260/image_accel_kv260.runs/synth_1/dont_touch.xdc]
Completed Processing XDC Constraints

Netlist sorting complete. Time (s): cpu = 00:00:00 ; elapsed = 00:00:00 . Memory (MB): peak = 3130.453 ; gain = 0.000 ; free physical = 785 ; free virtual = 6113
INFO: [Project 1-111] Unisim Transformation Summary:
No Unisim elements were transformed.

Constraint Validation Runtime : Time (s): cpu = 00:00:00 ; elapsed = 00:00:00.01 . Memory (MB): peak = 3130.453 ; gain = 0.000 ; free physical = 785 ; free virtual = 6113
---------------------------------------------------------------------------------
Finished Constraint Validation : Time (s): cpu = 00:00:22 ; elapsed = 00:00:22 . Memory (MB): peak = 3130.453 ; gain = 453.652 ; free physical = 828 ; free virtual = 6145
---------------------------------------------------------------------------------
---------------------------------------------------------------------------------
Start Loading Part and Timing Information
---------------------------------------------------------------------------------
Loading part: xck26-sfvc784-2LV-c
INFO: [Synth 8-6742] Reading net delay rules and data
---------------------------------------------------------------------------------
Finished Loading Part and Timing Information : Time (s): cpu = 00:00:22 ; elapsed = 00:00:22 . Memory (MB): peak = 3138.457 ; gain = 461.656 ; free physical = 828 ; free virtual = 6145
---------------------------------------------------------------------------------
---------------------------------------------------------------------------------
Start Applying 'set_property' XDC Constraints
---------------------------------------------------------------------------------
Applied set_property KEEP_HIERARCHY = SOFT for image_accel_system_i. (constraint file  auto generated constraint).
Applied set_property KEEP_HIERARCHY = SOFT for image_accel_system_i/zynq_ultra_ps_e_0. (constraint file  auto generated constraint).
Applied set_property KEEP_HIERARCHY = SOFT for image_accel_system_i/image_accel_0. (constraint file  auto generated constraint).
Applied set_property KEEP_HIERARCHY = SOFT for image_accel_system_i/smartconnect_ctrl. (constraint file  auto generated constraint).
Applied set_property KEEP_HIERARCHY = SOFT for image_accel_system_i/smartconnect_mem. (constraint file  auto generated constraint).
Applied set_property KEEP_HIERARCHY = SOFT for image_accel_system_i/rst_ps_pl_250m. (constraint file  auto generated constraint).
Applied set_property KEEP_HIERARCHY = SOFT for image_accel_system_i/rstn_to_rst. (constraint file  auto generated constraint).
Applied set_property KEEP_HIERARCHY = SOFT for image_accel_system_i/const_one. (constraint file  auto generated constraint).
Applied set_property KEEP_HIERARCHY = SOFT for image_accel_system_i/const_zero. (constraint file  auto generated constraint).
---------------------------------------------------------------------------------
Finished applying 'set_property' XDC Constraints : Time (s): cpu = 00:00:22 ; elapsed = 00:00:22 . Memory (MB): peak = 3138.457 ; gain = 461.656 ; free physical = 824 ; free virtual = 6144
---------------------------------------------------------------------------------
---------------------------------------------------------------------------------
Finished RTL Optimization Phase 2 : Time (s): cpu = 00:00:22 ; elapsed = 00:00:22 . Memory (MB): peak = 3138.457 ; gain = 461.656 ; free physical = 814 ; free virtual = 6141
---------------------------------------------------------------------------------
---------------------------------------------------------------------------------
Start RTL Component Statistics 
---------------------------------------------------------------------------------
Detailed RTL Component Info : 
---------------------------------------------------------------------------------
Finished RTL Component Statistics 
---------------------------------------------------------------------------------
---------------------------------------------------------------------------------
Start Part Resource Summary
---------------------------------------------------------------------------------
Part Resources:
DSPs: 1248 (col length:96)
BRAMs: 288 (col length: RAMB18 96 RAMB36 48)
---------------------------------------------------------------------------------
Finished Part Resource Summary
---------------------------------------------------------------------------------
---------------------------------------------------------------------------------
Start Cross Boundary and Area Optimization
---------------------------------------------------------------------------------
WARNING: [Synth 8-7080] Parallel synthesis criteria is not met
---------------------------------------------------------------------------------
Finished Cross Boundary and Area Optimization : Time (s): cpu = 00:00:23 ; elapsed = 00:00:24 . Memory (MB): peak = 3138.457 ; gain = 461.656 ; free physical = 782 ; free virtual = 6119
---------------------------------------------------------------------------------
---------------------------------------------------------------------------------
Start Applying XDC Timing Constraints
---------------------------------------------------------------------------------
---------------------------------------------------------------------------------
Finished Applying XDC Timing Constraints : Time (s): cpu = 00:00:40 ; elapsed = 00:00:41 . Memory (MB): peak = 3608.059 ; gain = 931.258 ; free physical = 386 ; free virtual = 5742
---------------------------------------------------------------------------------
---------------------------------------------------------------------------------
Start Timing Optimization
---------------------------------------------------------------------------------
---------------------------------------------------------------------------------
Finished Timing Optimization : Time (s): cpu = 00:00:40 ; elapsed = 00:00:41 . Memory (MB): peak = 3608.059 ; gain = 931.258 ; free physical = 386 ; free virtual = 5742
---------------------------------------------------------------------------------
---------------------------------------------------------------------------------
Start Technology Mapping
---------------------------------------------------------------------------------
---------------------------------------------------------------------------------
Finished Technology Mapping : Time (s): cpu = 00:00:40 ; elapsed = 00:00:41 . Memory (MB): peak = 3618.074 ; gain = 941.273 ; free physical = 374 ; free virtual = 5733
---------------------------------------------------------------------------------
---------------------------------------------------------------------------------
Start IO Insertion
---------------------------------------------------------------------------------
---------------------------------------------------------------------------------
Start Flattening Before IO Insertion
---------------------------------------------------------------------------------
---------------------------------------------------------------------------------
Finished Flattening Before IO Insertion
---------------------------------------------------------------------------------
---------------------------------------------------------------------------------
Start Final Netlist Cleanup
---------------------------------------------------------------------------------
---------------------------------------------------------------------------------
Finished Final Netlist Cleanup
---------------------------------------------------------------------------------
---------------------------------------------------------------------------------
Finished IO Insertion : Time (s): cpu = 00:00:50 ; elapsed = 00:00:51 . Memory (MB): peak = 3631.949 ; gain = 955.148 ; free physical = 387 ; free virtual = 5716
---------------------------------------------------------------------------------
---------------------------------------------------------------------------------
Start Renaming Generated Instances
---------------------------------------------------------------------------------
---------------------------------------------------------------------------------
Finished Renaming Generated Instances : Time (s): cpu = 00:00:50 ; elapsed = 00:00:51 . Memory (MB): peak = 3631.949 ; gain = 955.148 ; free physical = 387 ; free virtual = 5716
---------------------------------------------------------------------------------
---------------------------------------------------------------------------------
Start Rebuilding User Hierarchy
---------------------------------------------------------------------------------
---------------------------------------------------------------------------------
Finished Rebuilding User Hierarchy : Time (s): cpu = 00:00:50 ; elapsed = 00:00:51 . Memory (MB): peak = 3631.949 ; gain = 955.148 ; free physical = 387 ; free virtual = 5716
---------------------------------------------------------------------------------
---------------------------------------------------------------------------------
Start Renaming Generated Ports
---------------------------------------------------------------------------------
---------------------------------------------------------------------------------
Finished Renaming Generated Ports : Time (s): cpu = 00:00:50 ; elapsed = 00:00:51 . Memory (MB): peak = 3631.949 ; gain = 955.148 ; free physical = 387 ; free virtual = 5716
---------------------------------------------------------------------------------
---------------------------------------------------------------------------------
Start Handling Custom Attributes
---------------------------------------------------------------------------------
---------------------------------------------------------------------------------
Finished Handling Custom Attributes : Time (s): cpu = 00:00:50 ; elapsed = 00:00:51 . Memory (MB): peak = 3631.949 ; gain = 955.148 ; free physical = 387 ; free virtual = 5716
---------------------------------------------------------------------------------
---------------------------------------------------------------------------------
Start Renaming Generated Nets
---------------------------------------------------------------------------------
---------------------------------------------------------------------------------
Finished Renaming Generated Nets : Time (s): cpu = 00:00:50 ; elapsed = 00:00:51 . Memory (MB): peak = 3631.949 ; gain = 955.148 ; free physical = 387 ; free virtual = 5716
---------------------------------------------------------------------------------
---------------------------------------------------------------------------------
Start Writing Synthesis Report
---------------------------------------------------------------------------------

Report BlackBoxes: 
+------+---------------------------------------+----------+
|      |BlackBox name                          |Instances |
+------+---------------------------------------+----------+
|1     |image_accel_system_image_accel_0_0     |         1|
|2     |image_accel_system_rst_ps_pl_250m_0    |         1|
|3     |image_accel_system_rstn_to_rst_0       |         1|
|4     |image_accel_system_smartconnect_ctrl_0 |         1|
|5     |image_accel_system_smartconnect_mem_0  |         1|
|6     |image_accel_system_zynq_ultra_ps_e_0_0 |         1|
+------+---------------------------------------+----------+

Report Cell Usage: 
+------+-------------------------------------+------+
|      |Cell                                 |Count |
+------+-------------------------------------+------+
|1     |image_accel_system_image_accel_0     |     1|
|2     |image_accel_system_rst_ps_pl_250m    |     1|
|3     |image_accel_system_rstn_to_rst       |     1|
|4     |image_accel_system_smartconnect_ctrl |     1|
|5     |image_accel_system_smartconnect_mem  |     1|
|6     |image_accel_system_zynq_ultra_ps_e_0 |     1|
+------+-------------------------------------+------+
---------------------------------------------------------------------------------
Finished Writing Synthesis Report : Time (s): cpu = 00:00:50 ; elapsed = 00:00:51 . Memory (MB): peak = 3631.949 ; gain = 955.148 ; free physical = 387 ; free virtual = 5716
---------------------------------------------------------------------------------
Synthesis finished with 0 errors, 0 critical warnings and 1 warnings.
Synthesis Optimization Runtime : Time (s): cpu = 00:00:42 ; elapsed = 00:00:44 . Memory (MB): peak = 3631.949 ; gain = 885.180 ; free physical = 372 ; free virtual = 5719
Synthesis Optimization Complete : Time (s): cpu = 00:00:51 ; elapsed = 00:00:52 . Memory (MB): peak = 3631.949 ; gain = 955.148 ; free physical = 372 ; free virtual = 5719
INFO: [Project 1-571] Translating synthesized netlist
Netlist sorting complete. Time (s): cpu = 00:00:00.01 ; elapsed = 00:00:00.01 . Memory (MB): peak = 3631.949 ; gain = 0.000 ; free physical = 367 ; free virtual = 5718
INFO: [Project 1-570] Preparing netlist for logic optimization
INFO: [Opt 31-138] Pushed 0 inverter(s) to 0 load pin(s).
Netlist sorting complete. Time (s): cpu = 00:00:00 ; elapsed = 00:00:00 . Memory (MB): peak = 3631.949 ; gain = 0.000 ; free physical = 729 ; free virtual = 6072
INFO: [Project 1-111] Unisim Transformation Summary:
No Unisim elements were transformed.

Synth Design complete | Checksum: a80c8441
INFO: [Common 17-83] Releasing license: Synthesis
40 Infos, 45 Warnings, 0 Critical Warnings and 0 Errors encountered.
synth_design completed successfully
synth_design: Time (s): cpu = 00:01:03 ; elapsed = 00:01:01 . Memory (MB): peak = 3631.949 ; gain = 1911.469 ; free physical = 718 ; free virtual = 6077
INFO: [Common 17-2834] synth_design peak Physical Memory [PSS] (MB): overall = 3157.368; main = 2793.445; forked = 490.179
INFO: [Common 17-2834] synth_design peak Virtual Memory [VSS] (MB): overall = 5366.301; main = 3618.078; forked = 1748.223
INFO: [Common 17-1381] The checkpoint '/home/ronny/tec/high-level-design-for-electronics/homework/homework-3/hls-gem5-rgb2gray/vivado/build/image_accel_kv260/image_accel_kv260.runs/synth_1/image_accel_system_wrapper.dcp' has been generated.
INFO: [Vivado 12-24828] Executing command : report_utilization -file image_accel_system_wrapper_utilization_synth.rpt -pb image_accel_system_wrapper_utilization_synth.pb
INFO: [Common 17-206] Exiting Vivado at Sun Jul 12 21:32:00 2026...
[Sun Jul 12 21:32:01 2026] synth_1 finished
wait_on_runs: Time (s): cpu = 00:15:25 ; elapsed = 00:10:40 . Memory (MB): peak = 2000.770 ; gain = 0.000 ; free physical = 3008 ; free virtual = 8352
# require_run_complete synth_1
# reset_run impl_1
# launch_runs impl_1 -to_step write_bitstream -jobs $jobs
[Sun Jul 12 21:32:05 2026] Launched impl_1...
Run output will be captured here: /home/ronny/tec/high-level-design-for-electronics/homework/homework-3/hls-gem5-rgb2gray/vivado/build/image_accel_kv260/image_accel_kv260.runs/impl_1/runme.log
# wait_on_run impl_1
[Sun Jul 12 21:32:05 2026] Waiting for impl_1 to finish...

*** Running vivado
    with args -log image_accel_system_wrapper.vdi -applog -m64 -product Vivado -messageDb vivado.pb -mode batch -source image_accel_system_wrapper.tcl -notrace


****** Vivado v2024.1 (64-bit)
  **** SW Build 5076996 on Wed May 22 18:36:09 MDT 2024
  **** IP Build 5075265 on Wed May 22 21:45:21 MDT 2024
  **** SharedData Build 5076995 on Wed May 22 18:29:18 MDT 2024
  **** Start of session at: Sun Jul 12 21:32:09 2026
    ** Copyright 1986-2022 Xilinx, Inc. All Rights Reserved.
    ** Copyright 2022-2024 Advanced Micro Devices, Inc. All Rights Reserved.

CRITICAL WARNING: [Common 17-741] No write access right to the local Tcl store at '/home/ronny/.Xilinx/Vivado/2024.1/XilinxTclStore'. XilinxTclStore is reverted to the installation area. If you want to use local Tcl Store, please change the access right and relaunch Vivado.
source image_accel_system_wrapper.tcl -notrace
create_project: Time (s): cpu = 00:00:09 ; elapsed = 00:00:10 . Memory (MB): peak = 1661.754 ; gain = 17.863 ; free physical = 2529 ; free virtual = 7899
INFO: [IP_Flow 19-234] Refreshing IP repositories
INFO: [IP_Flow 19-1700] Loaded user IP repository '/home/ronny/tec/high-level-design-for-electronics/homework/homework-3/hls-gem5-rgb2gray/vivado/build/ip_repo/image_accel_1_0'.
INFO: [IP_Flow 19-2313] Loaded Vivado IP repository '/tools/Xilinx/Vivado/2024.1/data/ip'.
Command: link_design -top image_accel_system_wrapper -part xck26-sfvc784-2LV-c
Design is defaulting to srcset: sources_1
Design is defaulting to constrset: constrs_1
INFO: [Device 21-403] Loading part xck26-sfvc784-2LV-c
INFO: [Project 1-454] Reading design checkpoint '/home/ronny/tec/high-level-design-for-electronics/homework/homework-3/hls-gem5-rgb2gray/vivado/build/image_accel_kv260/image_accel_kv260.gen/sources_1/bd/image_accel_system/ip/image_accel_system_image_accel_0_0/image_accel_system_image_accel_0_0.dcp' for cell 'image_accel_system_i/image_accel_0'
INFO: [Project 1-454] Reading design checkpoint '/home/ronny/tec/high-level-design-for-electronics/homework/homework-3/hls-gem5-rgb2gray/vivado/build/image_accel_kv260/image_accel_kv260.gen/sources_1/bd/image_accel_system/ip/image_accel_system_rst_ps_pl_250m_0/image_accel_system_rst_ps_pl_250m_0.dcp' for cell 'image_accel_system_i/rst_ps_pl_250m'
INFO: [Project 1-454] Reading design checkpoint '/home/ronny/tec/high-level-design-for-electronics/homework/homework-3/hls-gem5-rgb2gray/vivado/build/image_accel_kv260/image_accel_kv260.gen/sources_1/bd/image_accel_system/ip/image_accel_system_rstn_to_rst_0/image_accel_system_rstn_to_rst_0.dcp' for cell 'image_accel_system_i/rstn_to_rst'
INFO: [Project 1-454] Reading design checkpoint '/home/ronny/tec/high-level-design-for-electronics/homework/homework-3/hls-gem5-rgb2gray/vivado/build/image_accel_kv260/image_accel_kv260.gen/sources_1/bd/image_accel_system/ip/image_accel_system_smartconnect_ctrl_0/image_accel_system_smartconnect_ctrl_0.dcp' for cell 'image_accel_system_i/smartconnect_ctrl'
INFO: [Project 1-454] Reading design checkpoint '/home/ronny/tec/high-level-design-for-electronics/homework/homework-3/hls-gem5-rgb2gray/vivado/build/image_accel_kv260/image_accel_kv260.gen/sources_1/bd/image_accel_system/ip/image_accel_system_smartconnect_mem_0/image_accel_system_smartconnect_mem_0.dcp' for cell 'image_accel_system_i/smartconnect_mem'
INFO: [Project 1-454] Reading design checkpoint '/home/ronny/tec/high-level-design-for-electronics/homework/homework-3/hls-gem5-rgb2gray/vivado/build/image_accel_kv260/image_accel_kv260.gen/sources_1/bd/image_accel_system/ip/image_accel_system_zynq_ultra_ps_e_0_0/image_accel_system_zynq_ultra_ps_e_0_0.dcp' for cell 'image_accel_system_i/zynq_ultra_ps_e_0'
Netlist sorting complete. Time (s): cpu = 00:00:00.39 ; elapsed = 00:00:00.39 . Memory (MB): peak = 2679.863 ; gain = 0.000 ; free physical = 1449 ; free virtual = 6862
INFO: [Netlist 29-17] Analyzing 262 Unisim elements for replacement
INFO: [Netlist 29-28] Unisim Transformation completed in 0 CPU seconds
INFO: [Project 1-479] Netlist was created with Vivado 2024.1
INFO: [Project 1-570] Preparing netlist for logic optimization
Parsing XDC File [/home/ronny/tec/high-level-design-for-electronics/homework/homework-3/hls-gem5-rgb2gray/vivado/build/image_accel_kv260/image_accel_kv260.gen/sources_1/bd/image_accel_system/ip/image_accel_system_smartconnect_mem_0/bd_0/ip/ip_12/bd_982d_srn_0_clocks.xdc] for cell 'image_accel_system_i/smartconnect_mem/inst/s00_nodes/s00_r_node/inst'
WARNING: [Vivado_Tcl 4-921] Waiver ID 'CDC-1' -to list should not be empty. [/home/ronny/tec/high-level-design-for-electronics/homework/homework-3/hls-gem5-rgb2gray/vivado/build/image_accel_kv260/image_accel_kv260.gen/sources_1/bd/image_accel_system/ip/image_accel_system_smartconnect_mem_0/bd_0/ip/ip_12/bd_982d_srn_0_clocks.xdc:49]
WARNING: [Vivado_Tcl 4-921] Waiver ID 'CDC-1' -to list should not be empty. [/home/ronny/tec/high-level-design-for-electronics/homework/homework-3/hls-gem5-rgb2gray/vivado/build/image_accel_kv260/image_accel_kv260.gen/sources_1/bd/image_accel_system/ip/image_accel_system_smartconnect_mem_0/bd_0/ip/ip_12/bd_982d_srn_0_clocks.xdc:52]
WARNING: [Vivado_Tcl 4-921] Waiver ID 'CDC-1' -to list should not be empty. [/home/ronny/tec/high-level-design-for-electronics/homework/homework-3/hls-gem5-rgb2gray/vivado/build/image_accel_kv260/image_accel_kv260.gen/sources_1/bd/image_accel_system/ip/image_accel_system_smartconnect_mem_0/bd_0/ip/ip_12/bd_982d_srn_0_clocks.xdc:55]
WARNING: [Vivado_Tcl 4-921] Waiver ID 'CDC-1' -to list should not be empty. [/home/ronny/tec/high-level-design-for-electronics/homework/homework-3/hls-gem5-rgb2gray/vivado/build/image_accel_kv260/image_accel_kv260.gen/sources_1/bd/image_accel_system/ip/image_accel_system_smartconnect_mem_0/bd_0/ip/ip_12/bd_982d_srn_0_clocks.xdc:59]
WARNING: [Vivado_Tcl 4-921] Waiver ID 'CDC-1' -to list should not be empty. [/home/ronny/tec/high-level-design-for-electronics/homework/homework-3/hls-gem5-rgb2gray/vivado/build/image_accel_kv260/image_accel_kv260.gen/sources_1/bd/image_accel_system/ip/image_accel_system_smartconnect_mem_0/bd_0/ip/ip_12/bd_982d_srn_0_clocks.xdc:63]
WARNING: [Vivado_Tcl 4-921] Waiver ID 'CDC-1' -to list should not be empty. [/home/ronny/tec/high-level-design-for-electronics/homework/homework-3/hls-gem5-rgb2gray/vivado/build/image_accel_kv260/image_accel_kv260.gen/sources_1/bd/image_accel_system/ip/image_accel_system_smartconnect_mem_0/bd_0/ip/ip_12/bd_982d_srn_0_clocks.xdc:66]
WARNING: [Vivado_Tcl 4-921] Waiver ID 'CDC-1' -to list should not be empty. [/home/ronny/tec/high-level-design-for-electronics/homework/homework-3/hls-gem5-rgb2gray/vivado/build/image_accel_kv260/image_accel_kv260.gen/sources_1/bd/image_accel_system/ip/image_accel_system_smartconnect_mem_0/bd_0/ip/ip_12/bd_982d_srn_0_clocks.xdc:70]
WARNING: [Vivado_Tcl 4-921] Waiver ID 'CDC-1' -to list should not be empty. [/home/ronny/tec/high-level-design-for-electronics/homework/homework-3/hls-gem5-rgb2gray/vivado/build/image_accel_kv260/image_accel_kv260.gen/sources_1/bd/image_accel_system/ip/image_accel_system_smartconnect_mem_0/bd_0/ip/ip_12/bd_982d_srn_0_clocks.xdc:73]
WARNING: [Vivado_Tcl 4-921] Waiver ID 'CDC-1' -to list should not be empty. [/home/ronny/tec/high-level-design-for-electronics/homework/homework-3/hls-gem5-rgb2gray/vivado/build/image_accel_kv260/image_accel_kv260.gen/sources_1/bd/image_accel_system/ip/image_accel_system_smartconnect_mem_0/bd_0/ip/ip_12/bd_982d_srn_0_clocks.xdc:76]
WARNING: [Vivado_Tcl 4-921] Waiver ID 'CDC-1' -to list should not be empty. [/home/ronny/tec/high-level-design-for-electronics/homework/homework-3/hls-gem5-rgb2gray/vivado/build/image_accel_kv260/image_accel_kv260.gen/sources_1/bd/image_accel_system/ip/image_accel_system_smartconnect_mem_0/bd_0/ip/ip_12/bd_982d_srn_0_clocks.xdc:79]
WARNING: [Vivado_Tcl 4-921] Waiver ID 'CDC-1' -to list should not be empty. [/home/ronny/tec/high-level-design-for-electronics/homework/homework-3/hls-gem5-rgb2gray/vivado/build/image_accel_kv260/image_accel_kv260.gen/sources_1/bd/image_accel_system/ip/image_accel_system_smartconnect_mem_0/bd_0/ip/ip_12/bd_982d_srn_0_clocks.xdc:82]
WARNING: [Vivado_Tcl 4-921] Waiver ID 'CDC-4' -to list should not be empty. [/home/ronny/tec/high-level-design-for-electronics/homework/homework-3/hls-gem5-rgb2gray/vivado/build/image_accel_kv260/image_accel_kv260.gen/sources_1/bd/image_accel_system/ip/image_accel_system_smartconnect_mem_0/bd_0/ip/ip_12/bd_982d_srn_0_clocks.xdc:85]
WARNING: [Vivado_Tcl 4-921] Waiver ID 'CDC-4' -to list should not be empty. [/home/ronny/tec/high-level-design-for-electronics/homework/homework-3/hls-gem5-rgb2gray/vivado/build/image_accel_kv260/image_accel_kv260.gen/sources_1/bd/image_accel_system/ip/image_accel_system_smartconnect_mem_0/bd_0/ip/ip_12/bd_982d_srn_0_clocks.xdc:88]
WARNING: [Vivado_Tcl 4-921] Waiver ID 'CDC-2' -to list should not be empty. [/home/ronny/tec/high-level-design-for-electronics/homework/homework-3/hls-gem5-rgb2gray/vivado/build/image_accel_kv260/image_accel_kv260.gen/sources_1/bd/image_accel_system/ip/image_accel_system_smartconnect_mem_0/bd_0/ip/ip_12/bd_982d_srn_0_clocks.xdc:91]
WARNING: [Vivado_Tcl 4-921] Waiver ID 'CDC-2' -to list should not be empty. [/home/ronny/tec/high-level-design-for-electronics/homework/homework-3/hls-gem5-rgb2gray/vivado/build/image_accel_kv260/image_accel_kv260.gen/sources_1/bd/image_accel_system/ip/image_accel_system_smartconnect_mem_0/bd_0/ip/ip_12/bd_982d_srn_0_clocks.xdc:94]
WARNING: [Vivado_Tcl 4-921] Waiver ID 'CDC-2' -to list should not be empty. [/home/ronny/tec/high-level-design-for-electronics/homework/homework-3/hls-gem5-rgb2gray/vivado/build/image_accel_kv260/image_accel_kv260.gen/sources_1/bd/image_accel_system/ip/image_accel_system_smartconnect_mem_0/bd_0/ip/ip_12/bd_982d_srn_0_clocks.xdc:97]
WARNING: [Vivado_Tcl 4-921] Waiver ID 'CDC-2' -to list should not be empty. [/home/ronny/tec/high-level-design-for-electronics/homework/homework-3/hls-gem5-rgb2gray/vivado/build/image_accel_kv260/image_accel_kv260.gen/sources_1/bd/image_accel_system/ip/image_accel_system_smartconnect_mem_0/bd_0/ip/ip_12/bd_982d_srn_0_clocks.xdc:100]
WARNING: [Vivado_Tcl 4-921] Waiver ID 'CDC-1' -to list should not be empty. [/home/ronny/tec/high-level-design-for-electronics/homework/homework-3/hls-gem5-rgb2gray/vivado/build/image_accel_kv260/image_accel_kv260.gen/sources_1/bd/image_accel_system/ip/image_accel_system_smartconnect_mem_0/bd_0/ip/ip_12/bd_982d_srn_0_clocks.xdc:104]
WARNING: [Vivado_Tcl 4-921] Waiver ID 'CDC-10' -to list should not be empty. [/home/ronny/tec/high-level-design-for-electronics/homework/homework-3/hls-gem5-rgb2gray/vivado/build/image_accel_kv260/image_accel_kv260.gen/sources_1/bd/image_accel_system/ip/image_accel_system_smartconnect_mem_0/bd_0/ip/ip_12/bd_982d_srn_0_clocks.xdc:107]
WARNING: [Vivado_Tcl 4-921] Waiver ID 'CDC-10' -to list should not be empty. [/home/ronny/tec/high-level-design-for-electronics/homework/homework-3/hls-gem5-rgb2gray/vivado/build/image_accel_kv260/image_accel_kv260.gen/sources_1/bd/image_accel_system/ip/image_accel_system_smartconnect_mem_0/bd_0/ip/ip_12/bd_982d_srn_0_clocks.xdc:110]
WARNING: [Vivado_Tcl 4-921] Waiver ID 'CDC-1' -to list should not be empty. [/home/ronny/tec/high-level-design-for-electronics/homework/homework-3/hls-gem5-rgb2gray/vivado/build/image_accel_kv260/image_accel_kv260.gen/sources_1/bd/image_accel_system/ip/image_accel_system_smartconnect_mem_0/bd_0/ip/ip_12/bd_982d_srn_0_clocks.xdc:113]
WARNING: [Vivado_Tcl 4-921] Waiver ID 'CDC-1' -to list should not be empty. [/home/ronny/tec/high-level-design-for-electronics/homework/homework-3/hls-gem5-rgb2gray/vivado/build/image_accel_kv260/image_accel_kv260.gen/sources_1/bd/image_accel_system/ip/image_accel_system_smartconnect_mem_0/bd_0/ip/ip_12/bd_982d_srn_0_clocks.xdc:116]
WARNING: [Vivado_Tcl 4-921] Waiver ID 'CDC-1' -to list should not be empty. [/home/ronny/tec/high-level-design-for-electronics/homework/homework-3/hls-gem5-rgb2gray/vivado/build/image_accel_kv260/image_accel_kv260.gen/sources_1/bd/image_accel_system/ip/image_accel_system_smartconnect_mem_0/bd_0/ip/ip_12/bd_982d_srn_0_clocks.xdc:119]
WARNING: [Vivado_Tcl 4-921] Waiver ID 'CDC-13' -to list should not be empty. [/home/ronny/tec/high-level-design-for-electronics/homework/homework-3/hls-gem5-rgb2gray/vivado/build/image_accel_kv260/image_accel_kv260.gen/sources_1/bd/image_accel_system/ip/image_accel_system_smartconnect_mem_0/bd_0/ip/ip_12/bd_982d_srn_0_clocks.xdc:122]
WARNING: [Vivado_Tcl 4-921] Waiver ID 'CDC-1' -to list should not be empty. [/home/ronny/tec/high-level-design-for-electronics/homework/homework-3/hls-gem5-rgb2gray/vivado/build/image_accel_kv260/image_accel_kv260.gen/sources_1/bd/image_accel_system/ip/image_accel_system_smartconnect_mem_0/bd_0/ip/ip_12/bd_982d_srn_0_clocks.xdc:125]
WARNING: [Vivado_Tcl 4-921] Waiver ID 'CDC-1' -to list should not be empty. [/home/ronny/tec/high-level-design-for-electronics/homework/homework-3/hls-gem5-rgb2gray/vivado/build/image_accel_kv260/image_accel_kv260.gen/sources_1/bd/image_accel_system/ip/image_accel_system_smartconnect_mem_0/bd_0/ip/ip_12/bd_982d_srn_0_clocks.xdc:128]
WARNING: [Vivado_Tcl 4-921] Waiver ID 'CDC-13' -to list should not be empty. [/home/ronny/tec/high-level-design-for-electronics/homework/homework-3/hls-gem5-rgb2gray/vivado/build/image_accel_kv260/image_accel_kv260.gen/sources_1/bd/image_accel_system/ip/image_accel_system_smartconnect_mem_0/bd_0/ip/ip_12/bd_982d_srn_0_clocks.xdc:131]
WARNING: [Vivado_Tcl 4-921] Waiver ID 'CDC-1' -to list should not be empty. [/home/ronny/tec/high-level-design-for-electronics/homework/homework-3/hls-gem5-rgb2gray/vivado/build/image_accel_kv260/image_accel_kv260.gen/sources_1/bd/image_accel_system/ip/image_accel_system_smartconnect_mem_0/bd_0/ip/ip_12/bd_982d_srn_0_clocks.xdc:134]
WARNING: [Vivado_Tcl 4-921] Waiver ID 'CDC-10' -to list should not be empty. [/home/ronny/tec/high-level-design-for-electronics/homework/homework-3/hls-gem5-rgb2gray/vivado/build/image_accel_kv260/image_accel_kv260.gen/sources_1/bd/image_accel_system/ip/image_accel_system_smartconnect_mem_0/bd_0/ip/ip_12/bd_982d_srn_0_clocks.xdc:137]
WARNING: [Vivado_Tcl 4-921] Waiver ID 'CDC-2' -to list should not be empty. [/home/ronny/tec/high-level-design-for-electronics/homework/homework-3/hls-gem5-rgb2gray/vivado/build/image_accel_kv260/image_accel_kv260.gen/sources_1/bd/image_accel_system/ip/image_accel_system_smartconnect_mem_0/bd_0/ip/ip_12/bd_982d_srn_0_clocks.xdc:149]
WARNING: [Vivado_Tcl 4-921] Waiver ID 'CDC-1' -to list should not be empty. [/home/ronny/tec/high-level-design-for-electronics/homework/homework-3/hls-gem5-rgb2gray/vivado/build/image_accel_kv260/image_accel_kv260.gen/sources_1/bd/image_accel_system/ip/image_accel_system_smartconnect_mem_0/bd_0/ip/ip_12/bd_982d_srn_0_clocks.xdc:158]
WARNING: [Vivado_Tcl 4-921] Waiver ID 'CDC-10' -to list should not be empty. [/home/ronny/tec/high-level-design-for-electronics/homework/homework-3/hls-gem5-rgb2gray/vivado/build/image_accel_kv260/image_accel_kv260.gen/sources_1/bd/image_accel_system/ip/image_accel_system_smartconnect_mem_0/bd_0/ip/ip_12/bd_982d_srn_0_clocks.xdc:161]
WARNING: [Vivado_Tcl 4-921] Waiver ID 'CDC-4' -to list should not be empty. [/home/ronny/tec/high-level-design-for-electronics/homework/homework-3/hls-gem5-rgb2gray/vivado/build/image_accel_kv260/image_accel_kv260.gen/sources_1/bd/image_accel_system/ip/image_accel_system_smartconnect_mem_0/bd_0/ip/ip_12/bd_982d_srn_0_clocks.xdc:164]
WARNING: [Vivado_Tcl 4-921] Waiver ID 'CDC-4' -to list should not be empty. [/home/ronny/tec/high-level-design-for-electronics/homework/homework-3/hls-gem5-rgb2gray/vivado/build/image_accel_kv260/image_accel_kv260.gen/sources_1/bd/image_accel_system/ip/image_accel_system_smartconnect_mem_0/bd_0/ip/ip_12/bd_982d_srn_0_clocks.xdc:167]
WARNING: [Vivado_Tcl 4-921] Waiver ID 'CDC-4' -to list should not be empty. [/home/ronny/tec/high-level-design-for-electronics/homework/homework-3/hls-gem5-rgb2gray/vivado/build/image_accel_kv260/image_accel_kv260.gen/sources_1/bd/image_accel_system/ip/image_accel_system_smartconnect_mem_0/bd_0/ip/ip_12/bd_982d_srn_0_clocks.xdc:171]
WARNING: [Vivado_Tcl 4-921] Waiver ID 'CDC-4' -to list should not be empty. [/home/ronny/tec/high-level-design-for-electronics/homework/homework-3/hls-gem5-rgb2gray/vivado/build/image_accel_kv260/image_accel_kv260.gen/sources_1/bd/image_accel_system/ip/image_accel_system_smartconnect_mem_0/bd_0/ip/ip_12/bd_982d_srn_0_clocks.xdc:174]
WARNING: [Vivado_Tcl 4-921] Waiver ID 'CDC-1' -to list should not be empty. [/home/ronny/tec/high-level-design-for-electronics/homework/homework-3/hls-gem5-rgb2gray/vivado/build/image_accel_kv260/image_accel_kv260.gen/sources_1/bd/image_accel_system/ip/image_accel_system_smartconnect_mem_0/bd_0/ip/ip_12/bd_982d_srn_0_clocks.xdc:178]
WARNING: [Vivado_Tcl 4-921] Waiver ID 'CDC-1' -to list should not be empty. [/home/ronny/tec/high-level-design-for-electronics/homework/homework-3/hls-gem5-rgb2gray/vivado/build/image_accel_kv260/image_accel_kv260.gen/sources_1/bd/image_accel_system/ip/image_accel_system_smartconnect_mem_0/bd_0/ip/ip_12/bd_982d_srn_0_clocks.xdc:181]
WARNING: [Vivado_Tcl 4-921] Waiver ID 'CDC-13' -to list should not be empty. [/home/ronny/tec/high-level-design-for-electronics/homework/homework-3/hls-gem5-rgb2gray/vivado/build/image_accel_kv260/image_accel_kv260.gen/sources_1/bd/image_accel_system/ip/image_accel_system_smartconnect_mem_0/bd_0/ip/ip_12/bd_982d_srn_0_clocks.xdc:184]
Finished Parsing XDC File [/home/ronny/tec/high-level-design-for-electronics/homework/homework-3/hls-gem5-rgb2gray/vivado/build/image_accel_kv260/image_accel_kv260.gen/sources_1/bd/image_accel_system/ip/image_accel_system_smartconnect_mem_0/bd_0/ip/ip_12/bd_982d_srn_0_clocks.xdc] for cell 'image_accel_system_i/smartconnect_mem/inst/s00_nodes/s00_r_node/inst'
Parsing XDC File [/home/ronny/tec/high-level-design-for-electronics/homework/homework-3/hls-gem5-rgb2gray/vivado/build/image_accel_kv260/image_accel_kv260.gen/sources_1/bd/image_accel_system/ip/image_accel_system_rst_ps_pl_250m_0/image_accel_system_rst_ps_pl_250m_0.xdc] for cell 'image_accel_system_i/rst_ps_pl_250m/U0'
Finished Parsing XDC File [/home/ronny/tec/high-level-design-for-electronics/homework/homework-3/hls-gem5-rgb2gray/vivado/build/image_accel_kv260/image_accel_kv260.gen/sources_1/bd/image_accel_system/ip/image_accel_system_rst_ps_pl_250m_0/image_accel_system_rst_ps_pl_250m_0.xdc] for cell 'image_accel_system_i/rst_ps_pl_250m/U0'
Parsing XDC File [/home/ronny/tec/high-level-design-for-electronics/homework/homework-3/hls-gem5-rgb2gray/vivado/build/image_accel_kv260/image_accel_kv260.gen/sources_1/bd/image_accel_system/ip/image_accel_system_rst_ps_pl_250m_0/image_accel_system_rst_ps_pl_250m_0_board.xdc] for cell 'image_accel_system_i/rst_ps_pl_250m/U0'
Finished Parsing XDC File [/home/ronny/tec/high-level-design-for-electronics/homework/homework-3/hls-gem5-rgb2gray/vivado/build/image_accel_kv260/image_accel_kv260.gen/sources_1/bd/image_accel_system/ip/image_accel_system_rst_ps_pl_250m_0/image_accel_system_rst_ps_pl_250m_0_board.xdc] for cell 'image_accel_system_i/rst_ps_pl_250m/U0'
Parsing XDC File [/home/ronny/tec/high-level-design-for-electronics/homework/homework-3/hls-gem5-rgb2gray/vivado/build/image_accel_kv260/image_accel_kv260.gen/sources_1/bd/image_accel_system/ip/image_accel_system_smartconnect_mem_0/smartconnect.xdc] for cell 'image_accel_system_i/smartconnect_mem/inst'
WARNING: [Vivado_Tcl 4-919] Waiver ID 'CDC-1' -from list should not be empty. [/home/ronny/tec/high-level-design-for-electronics/homework/homework-3/hls-gem5-rgb2gray/vivado/build/image_accel_kv260/image_accel_kv260.gen/sources_1/bd/image_accel_system/ip/image_accel_system_smartconnect_mem_0/smartconnect.xdc:1]
WARNING: [Vivado_Tcl 4-921] Waiver ID 'CDC-1' -to list should not be empty. [/home/ronny/tec/high-level-design-for-electronics/homework/homework-3/hls-gem5-rgb2gray/vivado/build/image_accel_kv260/image_accel_kv260.gen/sources_1/bd/image_accel_system/ip/image_accel_system_smartconnect_mem_0/smartconnect.xdc:2]
WARNING: [Vivado_Tcl 4-921] Waiver ID 'CDC-1' -to list should not be empty. [/home/ronny/tec/high-level-design-for-electronics/homework/homework-3/hls-gem5-rgb2gray/vivado/build/image_accel_kv260/image_accel_kv260.gen/sources_1/bd/image_accel_system/ip/image_accel_system_smartconnect_mem_0/smartconnect.xdc:3]
WARNING: [Vivado_Tcl 4-921] Waiver ID 'CDC-1' -to list should not be empty. [/home/ronny/tec/high-level-design-for-electronics/homework/homework-3/hls-gem5-rgb2gray/vivado/build/image_accel_kv260/image_accel_kv260.gen/sources_1/bd/image_accel_system/ip/image_accel_system_smartconnect_mem_0/smartconnect.xdc:4]
WARNING: [Vivado_Tcl 4-921] Waiver ID 'CDC-1' -to list should not be empty. [/home/ronny/tec/high-level-design-for-electronics/homework/homework-3/hls-gem5-rgb2gray/vivado/build/image_accel_kv260/image_accel_kv260.gen/sources_1/bd/image_accel_system/ip/image_accel_system_smartconnect_mem_0/smartconnect.xdc:5]
WARNING: [Vivado_Tcl 4-921] Waiver ID 'CDC-1' -to list should not be empty. [/home/ronny/tec/high-level-design-for-electronics/homework/homework-3/hls-gem5-rgb2gray/vivado/build/image_accel_kv260/image_accel_kv260.gen/sources_1/bd/image_accel_system/ip/image_accel_system_smartconnect_mem_0/smartconnect.xdc:6]
WARNING: [Vivado_Tcl 4-921] Waiver ID 'CDC-1' -to list should not be empty. [/home/ronny/tec/high-level-design-for-electronics/homework/homework-3/hls-gem5-rgb2gray/vivado/build/image_accel_kv260/image_accel_kv260.gen/sources_1/bd/image_accel_system/ip/image_accel_system_smartconnect_mem_0/smartconnect.xdc:7]
WARNING: [Vivado_Tcl 4-921] Waiver ID 'CDC-1' -to list should not be empty. [/home/ronny/tec/high-level-design-for-electronics/homework/homework-3/hls-gem5-rgb2gray/vivado/build/image_accel_kv260/image_accel_kv260.gen/sources_1/bd/image_accel_system/ip/image_accel_system_smartconnect_mem_0/smartconnect.xdc:8]
WARNING: [Vivado_Tcl 4-921] Waiver ID 'CDC-1' -to list should not be empty. [/home/ronny/tec/high-level-design-for-electronics/homework/homework-3/hls-gem5-rgb2gray/vivado/build/image_accel_kv260/image_accel_kv260.gen/sources_1/bd/image_accel_system/ip/image_accel_system_smartconnect_mem_0/smartconnect.xdc:9]
WARNING: [Vivado_Tcl 4-921] Waiver ID 'CDC-1' -to list should not be empty. [/home/ronny/tec/high-level-design-for-electronics/homework/homework-3/hls-gem5-rgb2gray/vivado/build/image_accel_kv260/image_accel_kv260.gen/sources_1/bd/image_accel_system/ip/image_accel_system_smartconnect_mem_0/smartconnect.xdc:10]
Finished Parsing XDC File [/home/ronny/tec/high-level-design-for-electronics/homework/homework-3/hls-gem5-rgb2gray/vivado/build/image_accel_kv260/image_accel_kv260.gen/sources_1/bd/image_accel_system/ip/image_accel_system_smartconnect_mem_0/smartconnect.xdc] for cell 'image_accel_system_i/smartconnect_mem/inst'
Parsing XDC File [/home/ronny/tec/high-level-design-for-electronics/homework/homework-3/hls-gem5-rgb2gray/vivado/build/image_accel_kv260/image_accel_kv260.gen/sources_1/bd/image_accel_system/ip/image_accel_system_smartconnect_mem_0/bd_0/ip/ip_25/bd_982d_m00bn_0_clocks.xdc] for cell 'image_accel_system_i/smartconnect_mem/inst/m00_nodes/m00_b_node/inst'
WARNING: [Vivado_Tcl 4-921] Waiver ID 'CDC-1' -to list should not be empty. [/home/ronny/tec/high-level-design-for-electronics/homework/homework-3/hls-gem5-rgb2gray/vivado/build/image_accel_kv260/image_accel_kv260.gen/sources_1/bd/image_accel_system/ip/image_accel_system_smartconnect_mem_0/bd_0/ip/ip_25/bd_982d_m00bn_0_clocks.xdc:49]
WARNING: [Vivado_Tcl 4-921] Waiver ID 'CDC-1' -to list should not be empty. [/home/ronny/tec/high-level-design-for-electronics/homework/homework-3/hls-gem5-rgb2gray/vivado/build/image_accel_kv260/image_accel_kv260.gen/sources_1/bd/image_accel_system/ip/image_accel_system_smartconnect_mem_0/bd_0/ip/ip_25/bd_982d_m00bn_0_clocks.xdc:52]
WARNING: [Vivado_Tcl 4-921] Waiver ID 'CDC-1' -to list should not be empty. [/home/ronny/tec/high-level-design-for-electronics/homework/homework-3/hls-gem5-rgb2gray/vivado/build/image_accel_kv260/image_accel_kv260.gen/sources_1/bd/image_accel_system/ip/image_accel_system_smartconnect_mem_0/bd_0/ip/ip_25/bd_982d_m00bn_0_clocks.xdc:55]
WARNING: [Vivado_Tcl 4-921] Waiver ID 'CDC-1' -to list should not be empty. [/home/ronny/tec/high-level-design-for-electronics/homework/homework-3/hls-gem5-rgb2gray/vivado/build/image_accel_kv260/image_accel_kv260.gen/sources_1/bd/image_accel_system/ip/image_accel_system_smartconnect_mem_0/bd_0/ip/ip_25/bd_982d_m00bn_0_clocks.xdc:59]
WARNING: [Vivado_Tcl 4-921] Waiver ID 'CDC-1' -to list should not be empty. [/home/ronny/tec/high-level-design-for-electronics/homework/homework-3/hls-gem5-rgb2gray/vivado/build/image_accel_kv260/image_accel_kv260.gen/sources_1/bd/image_accel_system/ip/image_accel_system_smartconnect_mem_0/bd_0/ip/ip_25/bd_982d_m00bn_0_clocks.xdc:63]
WARNING: [Vivado_Tcl 4-921] Waiver ID 'CDC-1' -to list should not be empty. [/home/ronny/tec/high-level-design-for-electronics/homework/homework-3/hls-gem5-rgb2gray/vivado/build/image_accel_kv260/image_accel_kv260.gen/sources_1/bd/image_accel_system/ip/image_accel_system_smartconnect_mem_0/bd_0/ip/ip_25/bd_982d_m00bn_0_clocks.xdc:66]
WARNING: [Vivado_Tcl 4-921] Waiver ID 'CDC-1' -to list should not be empty. [/home/ronny/tec/high-level-design-for-electronics/homework/homework-3/hls-gem5-rgb2gray/vivado/build/image_accel_kv260/image_accel_kv260.gen/sources_1/bd/image_accel_system/ip/image_accel_system_smartconnect_mem_0/bd_0/ip/ip_25/bd_982d_m00bn_0_clocks.xdc:70]
WARNING: [Vivado_Tcl 4-921] Waiver ID 'CDC-1' -to list should not be empty. [/home/ronny/tec/high-level-design-for-electronics/homework/homework-3/hls-gem5-rgb2gray/vivado/build/image_accel_kv260/image_accel_kv260.gen/sources_1/bd/image_accel_system/ip/image_accel_system_smartconnect_mem_0/bd_0/ip/ip_25/bd_982d_m00bn_0_clocks.xdc:73]
WARNING: [Vivado_Tcl 4-921] Waiver ID 'CDC-1' -to list should not be empty. [/home/ronny/tec/high-level-design-for-electronics/homework/homework-3/hls-gem5-rgb2gray/vivado/build/image_accel_kv260/image_accel_kv260.gen/sources_1/bd/image_accel_system/ip/image_accel_system_smartconnect_mem_0/bd_0/ip/ip_25/bd_982d_m00bn_0_clocks.xdc:76]
WARNING: [Vivado_Tcl 4-921] Waiver ID 'CDC-1' -to list should not be empty. [/home/ronny/tec/high-level-design-for-electronics/homework/homework-3/hls-gem5-rgb2gray/vivado/build/image_accel_kv260/image_accel_kv260.gen/sources_1/bd/image_accel_system/ip/image_accel_system_smartconnect_mem_0/bd_0/ip/ip_25/bd_982d_m00bn_0_clocks.xdc:79]
WARNING: [Vivado_Tcl 4-921] Waiver ID 'CDC-4' -to list should not be empty. [/home/ronny/tec/high-level-design-for-electronics/homework/homework-3/hls-gem5-rgb2gray/vivado/build/image_accel_kv260/image_accel_kv260.gen/sources_1/bd/image_accel_system/ip/image_accel_system_smartconnect_mem_0/bd_0/ip/ip_25/bd_982d_m00bn_0_clocks.xdc:85]
WARNING: [Vivado_Tcl 4-921] Waiver ID 'CDC-4' -to list should not be empty. [/home/ronny/tec/high-level-design-for-electronics/homework/homework-3/hls-gem5-rgb2gray/vivado/build/image_accel_kv260/image_accel_kv260.gen/sources_1/bd/image_accel_system/ip/image_accel_system_smartconnect_mem_0/bd_0/ip/ip_25/bd_982d_m00bn_0_clocks.xdc:88]
WARNING: [Vivado_Tcl 4-921] Waiver ID 'CDC-2' -to list should not be empty. [/home/ronny/tec/high-level-design-for-electronics/homework/homework-3/hls-gem5-rgb2gray/vivado/build/image_accel_kv260/image_accel_kv260.gen/sources_1/bd/image_accel_system/ip/image_accel_system_smartconnect_mem_0/bd_0/ip/ip_25/bd_982d_m00bn_0_clocks.xdc:91]
WARNING: [Vivado_Tcl 4-921] Waiver ID 'CDC-2' -to list should not be empty. [/home/ronny/tec/high-level-design-for-electronics/homework/homework-3/hls-gem5-rgb2gray/vivado/build/image_accel_kv260/image_accel_kv260.gen/sources_1/bd/image_accel_system/ip/image_accel_system_smartconnect_mem_0/bd_0/ip/ip_25/bd_982d_m00bn_0_clocks.xdc:94]
WARNING: [Vivado_Tcl 4-921] Waiver ID 'CDC-2' -to list should not be empty. [/home/ronny/tec/high-level-design-for-electronics/homework/homework-3/hls-gem5-rgb2gray/vivado/build/image_accel_kv260/image_accel_kv260.gen/sources_1/bd/image_accel_system/ip/image_accel_system_smartconnect_mem_0/bd_0/ip/ip_25/bd_982d_m00bn_0_clocks.xdc:97]
WARNING: [Vivado_Tcl 4-921] Waiver ID 'CDC-2' -to list should not be empty. [/home/ronny/tec/high-level-design-for-electronics/homework/homework-3/hls-gem5-rgb2gray/vivado/build/image_accel_kv260/image_accel_kv260.gen/sources_1/bd/image_accel_system/ip/image_accel_system_smartconnect_mem_0/bd_0/ip/ip_25/bd_982d_m00bn_0_clocks.xdc:100]
WARNING: [Vivado_Tcl 4-921] Waiver ID 'CDC-1' -to list should not be empty. [/home/ronny/tec/high-level-design-for-electronics/homework/homework-3/hls-gem5-rgb2gray/vivado/build/image_accel_kv260/image_accel_kv260.gen/sources_1/bd/image_accel_system/ip/image_accel_system_smartconnect_mem_0/bd_0/ip/ip_25/bd_982d_m00bn_0_clocks.xdc:104]
WARNING: [Vivado_Tcl 4-921] Waiver ID 'CDC-10' -to list should not be empty. [/home/ronny/tec/high-level-design-for-electronics/homework/homework-3/hls-gem5-rgb2gray/vivado/build/image_accel_kv260/image_accel_kv260.gen/sources_1/bd/image_accel_system/ip/image_accel_system_smartconnect_mem_0/bd_0/ip/ip_25/bd_982d_m00bn_0_clocks.xdc:107]
WARNING: [Vivado_Tcl 4-921] Waiver ID 'CDC-10' -to list should not be empty. [/home/ronny/tec/high-level-design-for-electronics/homework/homework-3/hls-gem5-rgb2gray/vivado/build/image_accel_kv260/image_accel_kv260.gen/sources_1/bd/image_accel_system/ip/image_accel_system_smartconnect_mem_0/bd_0/ip/ip_25/bd_982d_m00bn_0_clocks.xdc:110]
WARNING: [Vivado_Tcl 4-921] Waiver ID 'CDC-1' -to list should not be empty. [/home/ronny/tec/high-level-design-for-electronics/homework/homework-3/hls-gem5-rgb2gray/vivado/build/image_accel_kv260/image_accel_kv260.gen/sources_1/bd/image_accel_system/ip/image_accel_system_smartconnect_mem_0/bd_0/ip/ip_25/bd_982d_m00bn_0_clocks.xdc:113]
WARNING: [Vivado_Tcl 4-921] Waiver ID 'CDC-1' -to list should not be empty. [/home/ronny/tec/high-level-design-for-electronics/homework/homework-3/hls-gem5-rgb2gray/vivado/build/image_accel_kv260/image_accel_kv260.gen/sources_1/bd/image_accel_system/ip/image_accel_system_smartconnect_mem_0/bd_0/ip/ip_25/bd_982d_m00bn_0_clocks.xdc:116]
WARNING: [Vivado_Tcl 4-921] Waiver ID 'CDC-1' -to list should not be empty. [/home/ronny/tec/high-level-design-for-electronics/homework/homework-3/hls-gem5-rgb2gray/vivado/build/image_accel_kv260/image_accel_kv260.gen/sources_1/bd/image_accel_system/ip/image_accel_system_smartconnect_mem_0/bd_0/ip/ip_25/bd_982d_m00bn_0_clocks.xdc:119]
WARNING: [Vivado_Tcl 4-921] Waiver ID 'CDC-13' -to list should not be empty. [/home/ronny/tec/high-level-design-for-electronics/homework/homework-3/hls-gem5-rgb2gray/vivado/build/image_accel_kv260/image_accel_kv260.gen/sources_1/bd/image_accel_system/ip/image_accel_system_smartconnect_mem_0/bd_0/ip/ip_25/bd_982d_m00bn_0_clocks.xdc:122]
WARNING: [Vivado_Tcl 4-921] Waiver ID 'CDC-1' -to list should not be empty. [/home/ronny/tec/high-level-design-for-electronics/homework/homework-3/hls-gem5-rgb2gray/vivado/build/image_accel_kv260/image_accel_kv260.gen/sources_1/bd/image_accel_system/ip/image_accel_system_smartconnect_mem_0/bd_0/ip/ip_25/bd_982d_m00bn_0_clocks.xdc:125]
WARNING: [Vivado_Tcl 4-921] Waiver ID 'CDC-1' -to list should not be empty. [/home/ronny/tec/high-level-design-for-electronics/homework/homework-3/hls-gem5-rgb2gray/vivado/build/image_accel_kv260/image_accel_kv260.gen/sources_1/bd/image_accel_system/ip/image_accel_system_smartconnect_mem_0/bd_0/ip/ip_25/bd_982d_m00bn_0_clocks.xdc:128]
WARNING: [Vivado_Tcl 4-921] Waiver ID 'CDC-13' -to list should not be empty. [/home/ronny/tec/high-level-design-for-electronics/homework/homework-3/hls-gem5-rgb2gray/vivado/build/image_accel_kv260/image_accel_kv260.gen/sources_1/bd/image_accel_system/ip/image_accel_system_smartconnect_mem_0/bd_0/ip/ip_25/bd_982d_m00bn_0_clocks.xdc:131]
WARNING: [Vivado_Tcl 4-921] Waiver ID 'CDC-1' -to list should not be empty. [/home/ronny/tec/high-level-design-for-electronics/homework/homework-3/hls-gem5-rgb2gray/vivado/build/image_accel_kv260/image_accel_kv260.gen/sources_1/bd/image_accel_system/ip/image_accel_system_smartconnect_mem_0/bd_0/ip/ip_25/bd_982d_m00bn_0_clocks.xdc:134]
WARNING: [Vivado_Tcl 4-921] Waiver ID 'CDC-10' -to list should not be empty. [/home/ronny/tec/high-level-design-for-electronics/homework/homework-3/hls-gem5-rgb2gray/vivado/build/image_accel_kv260/image_accel_kv260.gen/sources_1/bd/image_accel_system/ip/image_accel_system_smartconnect_mem_0/bd_0/ip/ip_25/bd_982d_m00bn_0_clocks.xdc:137]
WARNING: [Vivado_Tcl 4-921] Waiver ID 'CDC-1' -to list should not be empty. [/home/ronny/tec/high-level-design-for-electronics/homework/homework-3/hls-gem5-rgb2gray/vivado/build/image_accel_kv260/image_accel_kv260.gen/sources_1/bd/image_accel_system/ip/image_accel_system_smartconnect_mem_0/bd_0/ip/ip_25/bd_982d_m00bn_0_clocks.xdc:140]
WARNING: [Vivado_Tcl 4-921] Waiver ID 'CDC-1' -to list should not be empty. [/home/ronny/tec/high-level-design-for-electronics/homework/homework-3/hls-gem5-rgb2gray/vivado/build/image_accel_kv260/image_accel_kv260.gen/sources_1/bd/image_accel_system/ip/image_accel_system_smartconnect_mem_0/bd_0/ip/ip_25/bd_982d_m00bn_0_clocks.xdc:143]
WARNING: [Vivado_Tcl 4-921] Waiver ID 'CDC-1' -to list should not be empty. [/home/ronny/tec/high-level-design-for-electronics/homework/homework-3/hls-gem5-rgb2gray/vivado/build/image_accel_kv260/image_accel_kv260.gen/sources_1/bd/image_accel_system/ip/image_accel_system_smartconnect_mem_0/bd_0/ip/ip_25/bd_982d_m00bn_0_clocks.xdc:146]
WARNING: [Vivado_Tcl 4-921] Waiver ID 'CDC-2' -to list should not be empty. [/home/ronny/tec/high-level-design-for-electronics/homework/homework-3/hls-gem5-rgb2gray/vivado/build/image_accel_kv260/image_accel_kv260.gen/sources_1/bd/image_accel_system/ip/image_accel_system_smartconnect_mem_0/bd_0/ip/ip_25/bd_982d_m00bn_0_clocks.xdc:149]
WARNING: [Vivado_Tcl 4-921] Waiver ID 'CDC-1' -to list should not be empty. [/home/ronny/tec/high-level-design-for-electronics/homework/homework-3/hls-gem5-rgb2gray/vivado/build/image_accel_kv260/image_accel_kv260.gen/sources_1/bd/image_accel_system/ip/image_accel_system_smartconnect_mem_0/bd_0/ip/ip_25/bd_982d_m00bn_0_clocks.xdc:152]
WARNING: [Vivado_Tcl 4-921] Waiver ID 'CDC-1' -to list should not be empty. [/home/ronny/tec/high-level-design-for-electronics/homework/homework-3/hls-gem5-rgb2gray/vivado/build/image_accel_kv260/image_accel_kv260.gen/sources_1/bd/image_accel_system/ip/image_accel_system_smartconnect_mem_0/bd_0/ip/ip_25/bd_982d_m00bn_0_clocks.xdc:155]
WARNING: [Vivado_Tcl 4-921] Waiver ID 'CDC-10' -to list should not be empty. [/home/ronny/tec/high-level-design-for-electronics/homework/homework-3/hls-gem5-rgb2gray/vivado/build/image_accel_kv260/image_accel_kv260.gen/sources_1/bd/image_accel_system/ip/image_accel_system_smartconnect_mem_0/bd_0/ip/ip_25/bd_982d_m00bn_0_clocks.xdc:161]
WARNING: [Vivado_Tcl 4-921] Waiver ID 'CDC-4' -to list should not be empty. [/home/ronny/tec/high-level-design-for-electronics/homework/homework-3/hls-gem5-rgb2gray/vivado/build/image_accel_kv260/image_accel_kv260.gen/sources_1/bd/image_accel_system/ip/image_accel_system_smartconnect_mem_0/bd_0/ip/ip_25/bd_982d_m00bn_0_clocks.xdc:164]
WARNING: [Vivado_Tcl 4-921] Waiver ID 'CDC-4' -to list should not be empty. [/home/ronny/tec/high-level-design-for-electronics/homework/homework-3/hls-gem5-rgb2gray/vivado/build/image_accel_kv260/image_accel_kv260.gen/sources_1/bd/image_accel_system/ip/image_accel_system_smartconnect_mem_0/bd_0/ip/ip_25/bd_982d_m00bn_0_clocks.xdc:167]
WARNING: [Vivado_Tcl 4-921] Waiver ID 'CDC-4' -to list should not be empty. [/home/ronny/tec/high-level-design-for-electronics/homework/homework-3/hls-gem5-rgb2gray/vivado/build/image_accel_kv260/image_accel_kv260.gen/sources_1/bd/image_accel_system/ip/image_accel_system_smartconnect_mem_0/bd_0/ip/ip_25/bd_982d_m00bn_0_clocks.xdc:171]
WARNING: [Vivado_Tcl 4-921] Waiver ID 'CDC-4' -to list should not be empty. [/home/ronny/tec/high-level-design-for-electronics/homework/homework-3/hls-gem5-rgb2gray/vivado/build/image_accel_kv260/image_accel_kv260.gen/sources_1/bd/image_accel_system/ip/image_accel_system_smartconnect_mem_0/bd_0/ip/ip_25/bd_982d_m00bn_0_clocks.xdc:174]
WARNING: [Vivado_Tcl 4-921] Waiver ID 'CDC-1' -to list should not be empty. [/home/ronny/tec/high-level-design-for-electronics/homework/homework-3/hls-gem5-rgb2gray/vivado/build/image_accel_kv260/image_accel_kv260.gen/sources_1/bd/image_accel_system/ip/image_accel_system_smartconnect_mem_0/bd_0/ip/ip_25/bd_982d_m00bn_0_clocks.xdc:178]
WARNING: [Vivado_Tcl 4-921] Waiver ID 'CDC-1' -to list should not be empty. [/home/ronny/tec/high-level-design-for-electronics/homework/homework-3/hls-gem5-rgb2gray/vivado/build/image_accel_kv260/image_accel_kv260.gen/sources_1/bd/image_accel_system/ip/image_accel_system_smartconnect_mem_0/bd_0/ip/ip_25/bd_982d_m00bn_0_clocks.xdc:181]
WARNING: [Vivado_Tcl 4-921] Waiver ID 'CDC-13' -to list should not be empty. [/home/ronny/tec/high-level-design-for-electronics/homework/homework-3/hls-gem5-rgb2gray/vivado/build/image_accel_kv260/image_accel_kv260.gen/sources_1/bd/image_accel_system/ip/image_accel_system_smartconnect_mem_0/bd_0/ip/ip_25/bd_982d_m00bn_0_clocks.xdc:184]
Finished Parsing XDC File [/home/ronny/tec/high-level-design-for-electronics/homework/homework-3/hls-gem5-rgb2gray/vivado/build/image_accel_kv260/image_accel_kv260.gen/sources_1/bd/image_accel_system/ip/image_accel_system_smartconnect_mem_0/bd_0/ip/ip_25/bd_982d_m00bn_0_clocks.xdc] for cell 'image_accel_system_i/smartconnect_mem/inst/m00_nodes/m00_b_node/inst'
Parsing XDC File [/home/ronny/tec/high-level-design-for-electronics/homework/homework-3/hls-gem5-rgb2gray/vivado/build/image_accel_kv260/image_accel_kv260.gen/sources_1/bd/image_accel_system/ip/image_accel_system_smartconnect_mem_0/bd_0/ip/ip_24/bd_982d_m00wn_0_clocks.xdc] for cell 'image_accel_system_i/smartconnect_mem/inst/m00_nodes/m00_w_node/inst'
WARNING: [Vivado_Tcl 4-921] Waiver ID 'CDC-1' -to list should not be empty. [/home/ronny/tec/high-level-design-for-electronics/homework/homework-3/hls-gem5-rgb2gray/vivado/build/image_accel_kv260/image_accel_kv260.gen/sources_1/bd/image_accel_system/ip/image_accel_system_smartconnect_mem_0/bd_0/ip/ip_24/bd_982d_m00wn_0_clocks.xdc:49]
INFO: [Common 17-14] Message 'Vivado 12-180' appears 100 times and further instances of the messages will be disabled. Use the Tcl command set_msg_config to change the current settings. [/home/ronny/tec/high-level-design-for-electronics/homework/homework-3/hls-gem5-rgb2gray/vivado/build/image_accel_kv260/image_accel_kv260.gen/sources_1/bd/image_accel_system/ip/image_accel_system_smartconnect_mem_0/bd_0/ip/ip_24/bd_982d_m00wn_0_clocks.xdc:52]
WARNING: [Vivado_Tcl 4-921] Waiver ID 'CDC-1' -to list should not be empty. [/home/ronny/tec/high-level-design-for-electronics/homework/homework-3/hls-gem5-rgb2gray/vivado/build/image_accel_kv260/image_accel_kv260.gen/sources_1/bd/image_accel_system/ip/image_accel_system_smartconnect_mem_0/bd_0/ip/ip_24/bd_982d_m00wn_0_clocks.xdc:52]
WARNING: [Vivado_Tcl 4-921] Waiver ID 'CDC-1' -to list should not be empty. [/home/ronny/tec/high-level-design-for-electronics/homework/homework-3/hls-gem5-rgb2gray/vivado/build/image_accel_kv260/image_accel_kv260.gen/sources_1/bd/image_accel_system/ip/image_accel_system_smartconnect_mem_0/bd_0/ip/ip_24/bd_982d_m00wn_0_clocks.xdc:55]
WARNING: [Vivado_Tcl 4-921] Waiver ID 'CDC-1' -to list should not be empty. [/home/ronny/tec/high-level-design-for-electronics/homework/homework-3/hls-gem5-rgb2gray/vivado/build/image_accel_kv260/image_accel_kv260.gen/sources_1/bd/image_accel_system/ip/image_accel_system_smartconnect_mem_0/bd_0/ip/ip_24/bd_982d_m00wn_0_clocks.xdc:59]
WARNING: [Vivado_Tcl 4-921] Waiver ID 'CDC-1' -to list should not be empty. [/home/ronny/tec/high-level-design-for-electronics/homework/homework-3/hls-gem5-rgb2gray/vivado/build/image_accel_kv260/image_accel_kv260.gen/sources_1/bd/image_accel_system/ip/image_accel_system_smartconnect_mem_0/bd_0/ip/ip_24/bd_982d_m00wn_0_clocks.xdc:63]
WARNING: [Vivado_Tcl 4-921] Waiver ID 'CDC-1' -to list should not be empty. [/home/ronny/tec/high-level-design-for-electronics/homework/homework-3/hls-gem5-rgb2gray/vivado/build/image_accel_kv260/image_accel_kv260.gen/sources_1/bd/image_accel_system/ip/image_accel_system_smartconnect_mem_0/bd_0/ip/ip_24/bd_982d_m00wn_0_clocks.xdc:66]
WARNING: [Vivado_Tcl 4-921] Waiver ID 'CDC-1' -to list should not be empty. [/home/ronny/tec/high-level-design-for-electronics/homework/homework-3/hls-gem5-rgb2gray/vivado/build/image_accel_kv260/image_accel_kv260.gen/sources_1/bd/image_accel_system/ip/image_accel_system_smartconnect_mem_0/bd_0/ip/ip_24/bd_982d_m00wn_0_clocks.xdc:70]
WARNING: [Vivado_Tcl 4-921] Waiver ID 'CDC-1' -to list should not be empty. [/home/ronny/tec/high-level-design-for-electronics/homework/homework-3/hls-gem5-rgb2gray/vivado/build/image_accel_kv260/image_accel_kv260.gen/sources_1/bd/image_accel_system/ip/image_accel_system_smartconnect_mem_0/bd_0/ip/ip_24/bd_982d_m00wn_0_clocks.xdc:73]
WARNING: [Vivado_Tcl 4-921] Waiver ID 'CDC-1' -to list should not be empty. [/home/ronny/tec/high-level-design-for-electronics/homework/homework-3/hls-gem5-rgb2gray/vivado/build/image_accel_kv260/image_accel_kv260.gen/sources_1/bd/image_accel_system/ip/image_accel_system_smartconnect_mem_0/bd_0/ip/ip_24/bd_982d_m00wn_0_clocks.xdc:76]
WARNING: [Vivado_Tcl 4-921] Waiver ID 'CDC-1' -to list should not be empty. [/home/ronny/tec/high-level-design-for-electronics/homework/homework-3/hls-gem5-rgb2gray/vivado/build/image_accel_kv260/image_accel_kv260.gen/sources_1/bd/image_accel_system/ip/image_accel_system_smartconnect_mem_0/bd_0/ip/ip_24/bd_982d_m00wn_0_clocks.xdc:79]
INFO: [Common 17-14] Message 'Vivado_Tcl 4-921' appears 100 times and further instances of the messages will be disabled. Use the Tcl command set_msg_config to change the current settings. [/home/ronny/tec/high-level-design-for-electronics/homework/homework-3/hls-gem5-rgb2gray/vivado/build/image_accel_kv260/image_accel_kv260.gen/sources_1/bd/image_accel_system/ip/image_accel_system_smartconnect_mem_0/bd_0/ip/ip_24/bd_982d_m00wn_0_clocks.xdc:79]
Finished Parsing XDC File [/home/ronny/tec/high-level-design-for-electronics/homework/homework-3/hls-gem5-rgb2gray/vivado/build/image_accel_kv260/image_accel_kv260.gen/sources_1/bd/image_accel_system/ip/image_accel_system_smartconnect_mem_0/bd_0/ip/ip_24/bd_982d_m00wn_0_clocks.xdc] for cell 'image_accel_system_i/smartconnect_mem/inst/m00_nodes/m00_w_node/inst'
Parsing XDC File [/home/ronny/tec/high-level-design-for-electronics/homework/homework-3/hls-gem5-rgb2gray/vivado/build/image_accel_kv260/image_accel_kv260.gen/sources_1/bd/image_accel_system/ip/image_accel_system_smartconnect_mem_0/bd_0/ip/ip_23/bd_982d_m00awn_0_clocks.xdc] for cell 'image_accel_system_i/smartconnect_mem/inst/m00_nodes/m00_aw_node/inst'
Finished Parsing XDC File [/home/ronny/tec/high-level-design-for-electronics/homework/homework-3/hls-gem5-rgb2gray/vivado/build/image_accel_kv260/image_accel_kv260.gen/sources_1/bd/image_accel_system/ip/image_accel_system_smartconnect_mem_0/bd_0/ip/ip_23/bd_982d_m00awn_0_clocks.xdc] for cell 'image_accel_system_i/smartconnect_mem/inst/m00_nodes/m00_aw_node/inst'
Parsing XDC File [/home/ronny/tec/high-level-design-for-electronics/homework/homework-3/hls-gem5-rgb2gray/vivado/build/image_accel_kv260/image_accel_kv260.gen/sources_1/bd/image_accel_system/ip/image_accel_system_smartconnect_mem_0/bd_0/ip/ip_22/bd_982d_m00rn_0_clocks.xdc] for cell 'image_accel_system_i/smartconnect_mem/inst/m00_nodes/m00_r_node/inst'
Finished Parsing XDC File [/home/ronny/tec/high-level-design-for-electronics/homework/homework-3/hls-gem5-rgb2gray/vivado/build/image_accel_kv260/image_accel_kv260.gen/sources_1/bd/image_accel_system/ip/image_accel_system_smartconnect_mem_0/bd_0/ip/ip_22/bd_982d_m00rn_0_clocks.xdc] for cell 'image_accel_system_i/smartconnect_mem/inst/m00_nodes/m00_r_node/inst'
Parsing XDC File [/home/ronny/tec/high-level-design-for-electronics/homework/homework-3/hls-gem5-rgb2gray/vivado/build/image_accel_kv260/image_accel_kv260.gen/sources_1/bd/image_accel_system/ip/image_accel_system_smartconnect_mem_0/bd_0/ip/ip_21/bd_982d_m00arn_0_clocks.xdc] for cell 'image_accel_system_i/smartconnect_mem/inst/m00_nodes/m00_ar_node/inst'
Finished Parsing XDC File [/home/ronny/tec/high-level-design-for-electronics/homework/homework-3/hls-gem5-rgb2gray/vivado/build/image_accel_kv260/image_accel_kv260.gen/sources_1/bd/image_accel_system/ip/image_accel_system_smartconnect_mem_0/bd_0/ip/ip_21/bd_982d_m00arn_0_clocks.xdc] for cell 'image_accel_system_i/smartconnect_mem/inst/m00_nodes/m00_ar_node/inst'
Parsing XDC File [/home/ronny/tec/high-level-design-for-electronics/homework/homework-3/hls-gem5-rgb2gray/vivado/build/image_accel_kv260/image_accel_kv260.gen/sources_1/bd/image_accel_system/ip/image_accel_system_smartconnect_mem_0/bd_0/ip/ip_19/bd_982d_sbn_0_clocks.xdc] for cell 'image_accel_system_i/smartconnect_mem/inst/s01_nodes/s01_b_node/inst'
Finished Parsing XDC File [/home/ronny/tec/high-level-design-for-electronics/homework/homework-3/hls-gem5-rgb2gray/vivado/build/image_accel_kv260/image_accel_kv260.gen/sources_1/bd/image_accel_system/ip/image_accel_system_smartconnect_mem_0/bd_0/ip/ip_19/bd_982d_sbn_0_clocks.xdc] for cell 'image_accel_system_i/smartconnect_mem/inst/s01_nodes/s01_b_node/inst'
Parsing XDC File [/home/ronny/tec/high-level-design-for-electronics/homework/homework-3/hls-gem5-rgb2gray/vivado/build/image_accel_kv260/image_accel_kv260.gen/sources_1/bd/image_accel_system/ip/image_accel_system_smartconnect_mem_0/bd_0/ip/ip_18/bd_982d_swn_0_clocks.xdc] for cell 'image_accel_system_i/smartconnect_mem/inst/s01_nodes/s01_w_node/inst'
Finished Parsing XDC File [/home/ronny/tec/high-level-design-for-electronics/homework/homework-3/hls-gem5-rgb2gray/vivado/build/image_accel_kv260/image_accel_kv260.gen/sources_1/bd/image_accel_system/ip/image_accel_system_smartconnect_mem_0/bd_0/ip/ip_18/bd_982d_swn_0_clocks.xdc] for cell 'image_accel_system_i/smartconnect_mem/inst/s01_nodes/s01_w_node/inst'
Parsing XDC File [/home/ronny/tec/high-level-design-for-electronics/homework/homework-3/hls-gem5-rgb2gray/vivado/build/image_accel_kv260/image_accel_kv260.gen/sources_1/bd/image_accel_system/ip/image_accel_system_smartconnect_mem_0/bd_0/ip/ip_17/bd_982d_sawn_0_clocks.xdc] for cell 'image_accel_system_i/smartconnect_mem/inst/s01_nodes/s01_aw_node/inst'
Finished Parsing XDC File [/home/ronny/tec/high-level-design-for-electronics/homework/homework-3/hls-gem5-rgb2gray/vivado/build/image_accel_kv260/image_accel_kv260.gen/sources_1/bd/image_accel_system/ip/image_accel_system_smartconnect_mem_0/bd_0/ip/ip_17/bd_982d_sawn_0_clocks.xdc] for cell 'image_accel_system_i/smartconnect_mem/inst/s01_nodes/s01_aw_node/inst'
Parsing XDC File [/home/ronny/tec/high-level-design-for-electronics/homework/homework-3/hls-gem5-rgb2gray/vivado/build/image_accel_kv260/image_accel_kv260.gen/sources_1/bd/image_accel_system/ip/image_accel_system_zynq_ultra_ps_e_0_0/image_accel_system_zynq_ultra_ps_e_0_0.xdc] for cell 'image_accel_system_i/zynq_ultra_ps_e_0/inst'
create_clock: Time (s): cpu = 00:00:06 ; elapsed = 00:00:06 . Memory (MB): peak = 2846.422 ; gain = 30.719 ; free physical = 1398 ; free virtual = 6800
Finished Parsing XDC File [/home/ronny/tec/high-level-design-for-electronics/homework/homework-3/hls-gem5-rgb2gray/vivado/build/image_accel_kv260/image_accel_kv260.gen/sources_1/bd/image_accel_system/ip/image_accel_system_zynq_ultra_ps_e_0_0/image_accel_system_zynq_ultra_ps_e_0_0.xdc] for cell 'image_accel_system_i/zynq_ultra_ps_e_0/inst'
Parsing XDC File [/home/ronny/tec/high-level-design-for-electronics/homework/homework-3/hls-gem5-rgb2gray/vivado/build/image_accel_kv260/image_accel_kv260.gen/sources_1/bd/image_accel_system/ip/image_accel_system_smartconnect_mem_0/bd_0/ip/ip_11/bd_982d_sarn_0_clocks.xdc] for cell 'image_accel_system_i/smartconnect_mem/inst/s00_nodes/s00_ar_node/inst'
Finished Parsing XDC File [/home/ronny/tec/high-level-design-for-electronics/homework/homework-3/hls-gem5-rgb2gray/vivado/build/image_accel_kv260/image_accel_kv260.gen/sources_1/bd/image_accel_system/ip/image_accel_system_smartconnect_mem_0/bd_0/ip/ip_11/bd_982d_sarn_0_clocks.xdc] for cell 'image_accel_system_i/smartconnect_mem/inst/s00_nodes/s00_ar_node/inst'
Parsing XDC File [/home/ronny/tec/high-level-design-for-electronics/homework/homework-3/hls-gem5-rgb2gray/vivado/build/image_accel_kv260/image_accel_kv260.gen/sources_1/bd/image_accel_system/ip/image_accel_system_smartconnect_mem_0/bd_0/ip/ip_1/bd_982d_psr_aclk_0.xdc] for cell 'image_accel_system_i/smartconnect_mem/inst/clk_map/psr_aclk/U0'
Finished Parsing XDC File [/home/ronny/tec/high-level-design-for-electronics/homework/homework-3/hls-gem5-rgb2gray/vivado/build/image_accel_kv260/image_accel_kv260.gen/sources_1/bd/image_accel_system/ip/image_accel_system_smartconnect_mem_0/bd_0/ip/ip_1/bd_982d_psr_aclk_0.xdc] for cell 'image_accel_system_i/smartconnect_mem/inst/clk_map/psr_aclk/U0'
Parsing XDC File [/home/ronny/tec/high-level-design-for-electronics/homework/homework-3/hls-gem5-rgb2gray/vivado/build/image_accel_kv260/image_accel_kv260.gen/sources_1/bd/image_accel_system/ip/image_accel_system_smartconnect_mem_0/bd_0/ip/ip_1/bd_982d_psr_aclk_0_board.xdc] for cell 'image_accel_system_i/smartconnect_mem/inst/clk_map/psr_aclk/U0'
Finished Parsing XDC File [/home/ronny/tec/high-level-design-for-electronics/homework/homework-3/hls-gem5-rgb2gray/vivado/build/image_accel_kv260/image_accel_kv260.gen/sources_1/bd/image_accel_system/ip/image_accel_system_smartconnect_mem_0/bd_0/ip/ip_1/bd_982d_psr_aclk_0_board.xdc] for cell 'image_accel_system_i/smartconnect_mem/inst/clk_map/psr_aclk/U0'
Parsing XDC File [/home/ronny/tec/high-level-design-for-electronics/homework/homework-3/hls-gem5-rgb2gray/vivado/build/image_accel_kv260/image_accel_kv260.gen/sources_1/bd/image_accel_system/ip/image_accel_system_smartconnect_ctrl_0/smartconnect.xdc] for cell 'image_accel_system_i/smartconnect_ctrl/inst'
WARNING: [Vivado_Tcl 4-919] Waiver ID 'CDC-1' -from list should not be empty. [/home/ronny/tec/high-level-design-for-electronics/homework/homework-3/hls-gem5-rgb2gray/vivado/build/image_accel_kv260/image_accel_kv260.gen/sources_1/bd/image_accel_system/ip/image_accel_system_smartconnect_ctrl_0/smartconnect.xdc:1]
WARNING: [Vivado_Tcl 4-919] Waiver ID 'CDC-1' -from list should not be empty. [/home/ronny/tec/high-level-design-for-electronics/homework/homework-3/hls-gem5-rgb2gray/vivado/build/image_accel_kv260/image_accel_kv260.gen/sources_1/bd/image_accel_system/ip/image_accel_system_smartconnect_ctrl_0/smartconnect.xdc:2]
WARNING: [Vivado_Tcl 4-919] Waiver ID 'CDC-1' -from list should not be empty. [/home/ronny/tec/high-level-design-for-electronics/homework/homework-3/hls-gem5-rgb2gray/vivado/build/image_accel_kv260/image_accel_kv260.gen/sources_1/bd/image_accel_system/ip/image_accel_system_smartconnect_ctrl_0/smartconnect.xdc:6]
Finished Parsing XDC File [/home/ronny/tec/high-level-design-for-electronics/homework/homework-3/hls-gem5-rgb2gray/vivado/build/image_accel_kv260/image_accel_kv260.gen/sources_1/bd/image_accel_system/ip/image_accel_system_smartconnect_ctrl_0/smartconnect.xdc] for cell 'image_accel_system_i/smartconnect_ctrl/inst'
Parsing XDC File [/home/ronny/tec/high-level-design-for-electronics/homework/homework-3/hls-gem5-rgb2gray/vivado/build/image_accel_kv260/image_accel_kv260.gen/sources_1/bd/image_accel_system/ip/image_accel_system_smartconnect_ctrl_0/bd_0/ip/ip_10/bd_0f7f_sbn_0_clocks.xdc] for cell 'image_accel_system_i/smartconnect_ctrl/inst/s00_nodes/s00_b_node/inst'
WARNING: [Vivado_Tcl 4-935] Waiver ID 'CDC-1' is a duplicate and will not be added again. [/home/ronny/tec/high-level-design-for-electronics/homework/homework-3/hls-gem5-rgb2gray/vivado/build/image_accel_kv260/image_accel_kv260.gen/sources_1/bd/image_accel_system/ip/image_accel_system_smartconnect_ctrl_0/bd_0/ip/ip_10/bd_0f7f_sbn_0_clocks.xdc:181]
Finished Parsing XDC File [/home/ronny/tec/high-level-design-for-electronics/homework/homework-3/hls-gem5-rgb2gray/vivado/build/image_accel_kv260/image_accel_kv260.gen/sources_1/bd/image_accel_system/ip/image_accel_system_smartconnect_ctrl_0/bd_0/ip/ip_10/bd_0f7f_sbn_0_clocks.xdc] for cell 'image_accel_system_i/smartconnect_ctrl/inst/s00_nodes/s00_b_node/inst'
Parsing XDC File [/home/ronny/tec/high-level-design-for-electronics/homework/homework-3/hls-gem5-rgb2gray/vivado/build/image_accel_kv260/image_accel_kv260.gen/sources_1/bd/image_accel_system/ip/image_accel_system_smartconnect_ctrl_0/bd_0/ip/ip_9/bd_0f7f_swn_0_clocks.xdc] for cell 'image_accel_system_i/smartconnect_ctrl/inst/s00_nodes/s00_w_node/inst'
WARNING: [Vivado_Tcl 4-935] Waiver ID 'CDC-1' is a duplicate and will not be added again. [/home/ronny/tec/high-level-design-for-electronics/homework/homework-3/hls-gem5-rgb2gray/vivado/build/image_accel_kv260/image_accel_kv260.gen/sources_1/bd/image_accel_system/ip/image_accel_system_smartconnect_ctrl_0/bd_0/ip/ip_9/bd_0f7f_swn_0_clocks.xdc:181]
Finished Parsing XDC File [/home/ronny/tec/high-level-design-for-electronics/homework/homework-3/hls-gem5-rgb2gray/vivado/build/image_accel_kv260/image_accel_kv260.gen/sources_1/bd/image_accel_system/ip/image_accel_system_smartconnect_ctrl_0/bd_0/ip/ip_9/bd_0f7f_swn_0_clocks.xdc] for cell 'image_accel_system_i/smartconnect_ctrl/inst/s00_nodes/s00_w_node/inst'
Parsing XDC File [/home/ronny/tec/high-level-design-for-electronics/homework/homework-3/hls-gem5-rgb2gray/vivado/build/image_accel_kv260/image_accel_kv260.gen/sources_1/bd/image_accel_system/ip/image_accel_system_smartconnect_ctrl_0/bd_0/ip/ip_8/bd_0f7f_sawn_0_clocks.xdc] for cell 'image_accel_system_i/smartconnect_ctrl/inst/s00_nodes/s00_aw_node/inst'
WARNING: [Vivado_Tcl 4-935] Waiver ID 'CDC-1' is a duplicate and will not be added again. [/home/ronny/tec/high-level-design-for-electronics/homework/homework-3/hls-gem5-rgb2gray/vivado/build/image_accel_kv260/image_accel_kv260.gen/sources_1/bd/image_accel_system/ip/image_accel_system_smartconnect_ctrl_0/bd_0/ip/ip_8/bd_0f7f_sawn_0_clocks.xdc:181]
Finished Parsing XDC File [/home/ronny/tec/high-level-design-for-electronics/homework/homework-3/hls-gem5-rgb2gray/vivado/build/image_accel_kv260/image_accel_kv260.gen/sources_1/bd/image_accel_system/ip/image_accel_system_smartconnect_ctrl_0/bd_0/ip/ip_8/bd_0f7f_sawn_0_clocks.xdc] for cell 'image_accel_system_i/smartconnect_ctrl/inst/s00_nodes/s00_aw_node/inst'
Parsing XDC File [/home/ronny/tec/high-level-design-for-electronics/homework/homework-3/hls-gem5-rgb2gray/vivado/build/image_accel_kv260/image_accel_kv260.gen/sources_1/bd/image_accel_system/ip/image_accel_system_smartconnect_ctrl_0/bd_0/ip/ip_7/bd_0f7f_srn_0_clocks.xdc] for cell 'image_accel_system_i/smartconnect_ctrl/inst/s00_nodes/s00_r_node/inst'
WARNING: [Vivado_Tcl 4-935] Waiver ID 'CDC-1' is a duplicate and will not be added again. [/home/ronny/tec/high-level-design-for-electronics/homework/homework-3/hls-gem5-rgb2gray/vivado/build/image_accel_kv260/image_accel_kv260.gen/sources_1/bd/image_accel_system/ip/image_accel_system_smartconnect_ctrl_0/bd_0/ip/ip_7/bd_0f7f_srn_0_clocks.xdc:181]
Finished Parsing XDC File [/home/ronny/tec/high-level-design-for-electronics/homework/homework-3/hls-gem5-rgb2gray/vivado/build/image_accel_kv260/image_accel_kv260.gen/sources_1/bd/image_accel_system/ip/image_accel_system_smartconnect_ctrl_0/bd_0/ip/ip_7/bd_0f7f_srn_0_clocks.xdc] for cell 'image_accel_system_i/smartconnect_ctrl/inst/s00_nodes/s00_r_node/inst'
Parsing XDC File [/home/ronny/tec/high-level-design-for-electronics/homework/homework-3/hls-gem5-rgb2gray/vivado/build/image_accel_kv260/image_accel_kv260.gen/sources_1/bd/image_accel_system/ip/image_accel_system_smartconnect_ctrl_0/bd_0/ip/ip_6/bd_0f7f_sarn_0_clocks.xdc] for cell 'image_accel_system_i/smartconnect_ctrl/inst/s00_nodes/s00_ar_node/inst'
WARNING: [Vivado_Tcl 4-935] Waiver ID 'CDC-1' is a duplicate and will not be added again. [/home/ronny/tec/high-level-design-for-electronics/homework/homework-3/hls-gem5-rgb2gray/vivado/build/image_accel_kv260/image_accel_kv260.gen/sources_1/bd/image_accel_system/ip/image_accel_system_smartconnect_ctrl_0/bd_0/ip/ip_6/bd_0f7f_sarn_0_clocks.xdc:181]
Finished Parsing XDC File [/home/ronny/tec/high-level-design-for-electronics/homework/homework-3/hls-gem5-rgb2gray/vivado/build/image_accel_kv260/image_accel_kv260.gen/sources_1/bd/image_accel_system/ip/image_accel_system_smartconnect_ctrl_0/bd_0/ip/ip_6/bd_0f7f_sarn_0_clocks.xdc] for cell 'image_accel_system_i/smartconnect_ctrl/inst/s00_nodes/s00_ar_node/inst'
Parsing XDC File [/home/ronny/tec/high-level-design-for-electronics/homework/homework-3/hls-gem5-rgb2gray/vivado/build/image_accel_kv260/image_accel_kv260.gen/sources_1/bd/image_accel_system/ip/image_accel_system_smartconnect_ctrl_0/bd_0/ip/ip_1/bd_0f7f_psr_aclk_0.xdc] for cell 'image_accel_system_i/smartconnect_ctrl/inst/clk_map/psr_aclk/U0'
Finished Parsing XDC File [/home/ronny/tec/high-level-design-for-electronics/homework/homework-3/hls-gem5-rgb2gray/vivado/build/image_accel_kv260/image_accel_kv260.gen/sources_1/bd/image_accel_system/ip/image_accel_system_smartconnect_ctrl_0/bd_0/ip/ip_1/bd_0f7f_psr_aclk_0.xdc] for cell 'image_accel_system_i/smartconnect_ctrl/inst/clk_map/psr_aclk/U0'
Parsing XDC File [/home/ronny/tec/high-level-design-for-electronics/homework/homework-3/hls-gem5-rgb2gray/vivado/build/image_accel_kv260/image_accel_kv260.gen/sources_1/bd/image_accel_system/ip/image_accel_system_smartconnect_ctrl_0/bd_0/ip/ip_1/bd_0f7f_psr_aclk_0_board.xdc] for cell 'image_accel_system_i/smartconnect_ctrl/inst/clk_map/psr_aclk/U0'
Finished Parsing XDC File [/home/ronny/tec/high-level-design-for-electronics/homework/homework-3/hls-gem5-rgb2gray/vivado/build/image_accel_kv260/image_accel_kv260.gen/sources_1/bd/image_accel_system/ip/image_accel_system_smartconnect_ctrl_0/bd_0/ip/ip_1/bd_0f7f_psr_aclk_0_board.xdc] for cell 'image_accel_system_i/smartconnect_ctrl/inst/clk_map/psr_aclk/U0'
INFO: [Project 1-1714] 55 XPM XDC files have been applied to the design.
INFO: [Opt 31-138] Pushed 0 inverter(s) to 0 load pin(s).
INFO: [Project 1-1687] 668 scoped IP constraints or related sub-commands were skipped due to synthesis logic optimizations usually triggered by constant connectivity or unconnected output pins. To review the skipped constraints and messages, run the command 'set_param netlist.IPMsgFiltering false' before opening the design.
Netlist sorting complete. Time (s): cpu = 00:00:00 ; elapsed = 00:00:00.01 . Memory (MB): peak = 3849.891 ; gain = 0.000 ; free physical = 597 ; free virtual = 6037
INFO: [Project 1-111] Unisim Transformation Summary:
  A total of 94 instances were transformed.
  DSP48E2 => DSP48E2 (DSP_ALU, DSP_A_B_DATA, DSP_C_DATA, DSP_MULTIPLIER, DSP_M_DATA, DSP_OUTPUT, DSP_PREADD, DSP_PREADD_DATA): 3 instances
  RAM16X1D => RAM32X1D (RAMD32(x2)): 1 instance 
  RAM32M => RAM32M (RAMD32(x6), RAMS32(x2)): 3 instances
  RAM32M16 => RAM32M16 (RAMD32(x14), RAMS32(x2)): 83 instances
  RAM64M => RAM64M (RAMD64E(x4)): 1 instance 
  RAM64M8 => RAM64M8 (RAMD64E(x8)): 3 instances

20 Infos, 109 Warnings, 0 Critical Warnings and 0 Errors encountered.
link_design completed successfully
link_design: Time (s): cpu = 00:00:41 ; elapsed = 00:00:41 . Memory (MB): peak = 3849.891 ; gain = 2125.629 ; free physical = 597 ; free virtual = 6037
Command: opt_design
Attempting to get a license for feature 'Implementation' and/or device 'xck26'
INFO: [Common 17-349] Got license for feature 'Implementation' and/or device 'xck26'
Running DRC as a precondition to command opt_design

Starting DRC Task
INFO: [DRC 23-27] Running DRC with 8 threads
INFO: [Project 1-461] DRC finished with 0 Errors
INFO: [Project 1-462] Please refer to the DRC report (report_drc) for more information.

Time (s): cpu = 00:00:07 ; elapsed = 00:00:07 . Memory (MB): peak = 3849.891 ; gain = 0.000 ; free physical = 627 ; free virtual = 6040

Starting Cache Timing Information Task
INFO: [Timing 38-35] Done setting XDC timing constraints.
Ending Cache Timing Information Task | Checksum: 19894335b

Time (s): cpu = 00:00:02 ; elapsed = 00:00:00.86 . Memory (MB): peak = 3849.891 ; gain = 0.000 ; free physical = 596 ; free virtual = 6051

Starting Logic Optimization Task

Phase 1 Initialization

Phase 1.1 Core Generation And Design Setup
Phase 1.1 Core Generation And Design Setup | Checksum: 19894335b

Time (s): cpu = 00:00:00.01 ; elapsed = 00:00:00.01 . Memory (MB): peak = 4037.742 ; gain = 0.000 ; free physical = 290 ; free virtual = 5747

Phase 1.2 Setup Constraints And Sort Netlist
Phase 1.2 Setup Constraints And Sort Netlist | Checksum: 19894335b

Time (s): cpu = 00:00:00.02 ; elapsed = 00:00:00.02 . Memory (MB): peak = 4037.742 ; gain = 0.000 ; free physical = 298 ; free virtual = 5746
Phase 1 Initialization | Checksum: 19894335b

Time (s): cpu = 00:00:00.03 ; elapsed = 00:00:00.03 . Memory (MB): peak = 4037.742 ; gain = 0.000 ; free physical = 322 ; free virtual = 5749

Phase 2 Timer Update And Timing Data Collection

Phase 2.1 Timer Update
Phase 2.1 Timer Update | Checksum: 19894335b

Time (s): cpu = 00:00:01 ; elapsed = 00:00:00.34 . Memory (MB): peak = 4037.742 ; gain = 0.000 ; free physical = 327 ; free virtual = 5748

Phase 2.2 Timing Data Collection
Phase 2.2 Timing Data Collection | Checksum: 19894335b

Time (s): cpu = 00:00:01 ; elapsed = 00:00:00.39 . Memory (MB): peak = 4037.742 ; gain = 0.000 ; free physical = 324 ; free virtual = 5747
Phase 2 Timer Update And Timing Data Collection | Checksum: 19894335b

Time (s): cpu = 00:00:01 ; elapsed = 00:00:00.39 . Memory (MB): peak = 4037.742 ; gain = 0.000 ; free physical = 324 ; free virtual = 5747

Phase 3 Retarget
INFO: [Opt 31-1834] Total Chains To Be Transformed Were: 0 AND Number of Transformed insts Created are: 0
INFO: [Opt 31-1566] Pulled 4 inverters resulting in an inversion of 31 pins
INFO: [Opt 31-138] Pushed 72 inverter(s) to 2199 load pin(s).
INFO: [Opt 31-49] Retargeted 0 cell(s).
Phase 3 Retarget | Checksum: 206b51d78

Time (s): cpu = 00:00:02 ; elapsed = 00:00:01 . Memory (MB): peak = 4037.742 ; gain = 0.000 ; free physical = 321 ; free virtual = 5758
Retarget | Checksum: 206b51d78
INFO: [Opt 31-389] Phase Retarget created 49 cells and removed 396 cells
INFO: [Opt 31-1021] In phase Retarget, 61 netlist objects are constrained preventing optimization. Please run opt_design with -debug_log to get more detail. 

Phase 4 Constant propagation
INFO: [Opt 31-138] Pushed 0 inverter(s) to 0 load pin(s).
Phase 4 Constant propagation | Checksum: 205b5a874

Time (s): cpu = 00:00:02 ; elapsed = 00:00:01 . Memory (MB): peak = 4037.742 ; gain = 0.000 ; free physical = 312 ; free virtual = 5754
Constant propagation | Checksum: 205b5a874
INFO: [Opt 31-389] Phase Constant propagation created 42 cells and removed 280 cells
INFO: [Opt 31-1021] In phase Constant propagation, 60 netlist objects are constrained preventing optimization. Please run opt_design with -debug_log to get more detail. 

Phase 5 Sweep
Phase 5 Sweep | Checksum: 19d797991

Time (s): cpu = 00:00:04 ; elapsed = 00:00:02 . Memory (MB): peak = 4037.742 ; gain = 0.000 ; free physical = 333 ; free virtual = 5758
Sweep | Checksum: 19d797991
INFO: [Opt 31-389] Phase Sweep created 0 cells and removed 194 cells
INFO: [Opt 31-1021] In phase Sweep, 76 netlist objects are constrained preventing optimization. Please run opt_design with -debug_log to get more detail. 

Phase 6 BUFG optimization
INFO: [Opt 31-1077] Phase BUFG optimization inserted 0 global clock buffer(s) for CLOCK_LOW_FANOUT.
Phase 6 BUFG optimization | Checksum: 19d797991

Time (s): cpu = 00:00:04 ; elapsed = 00:00:03 . Memory (MB): peak = 4037.742 ; gain = 0.000 ; free physical = 313 ; free virtual = 5756
BUFG optimization | Checksum: 19d797991
INFO: [Opt 31-662] Phase BUFG optimization created 0 cells of which 0 are BUFGs and removed 0 cells.

Phase 7 Shift Register Optimization
INFO: [Opt 31-1064] SRL Remap converted 0 SRLs to 0 registers and converted 0 registers of register chains to 0 SRLs
Phase 7 Shift Register Optimization | Checksum: 19d797991

Time (s): cpu = 00:00:04 ; elapsed = 00:00:03 . Memory (MB): peak = 4037.742 ; gain = 0.000 ; free physical = 310 ; free virtual = 5754
Shift Register Optimization | Checksum: 19d797991
INFO: [Opt 31-389] Phase Shift Register Optimization created 0 cells and removed 0 cells

Phase 8 Post Processing Netlist
Phase 8 Post Processing Netlist | Checksum: 1cb9aa13d

Time (s): cpu = 00:00:04 ; elapsed = 00:00:03 . Memory (MB): peak = 4037.742 ; gain = 0.000 ; free physical = 309 ; free virtual = 5756
Post Processing Netlist | Checksum: 1cb9aa13d
INFO: [Opt 31-389] Phase Post Processing Netlist created 0 cells and removed 0 cells
INFO: [Opt 31-1021] In phase Post Processing Netlist, 60 netlist objects are constrained preventing optimization. Please run opt_design with -debug_log to get more detail. 

Phase 9 Finalization

Phase 9.1 Finalizing Design Cores and Updating Shapes
Phase 9.1 Finalizing Design Cores and Updating Shapes | Checksum: 15a6ff6a8

Time (s): cpu = 00:00:05 ; elapsed = 00:00:03 . Memory (MB): peak = 4037.742 ; gain = 0.000 ; free physical = 320 ; free virtual = 5757

Phase 9.2 Verifying Netlist Connectivity

Starting Connectivity Check Task

Time (s): cpu = 00:00:00.02 ; elapsed = 00:00:00.02 . Memory (MB): peak = 4037.742 ; gain = 0.000 ; free physical = 317 ; free virtual = 5756
Phase 9.2 Verifying Netlist Connectivity | Checksum: 15a6ff6a8

Time (s): cpu = 00:00:05 ; elapsed = 00:00:03 . Memory (MB): peak = 4037.742 ; gain = 0.000 ; free physical = 317 ; free virtual = 5756
Phase 9 Finalization | Checksum: 15a6ff6a8

Time (s): cpu = 00:00:05 ; elapsed = 00:00:03 . Memory (MB): peak = 4037.742 ; gain = 0.000 ; free physical = 317 ; free virtual = 5756
Opt_design Change Summary
=========================


-------------------------------------------------------------------------------------------------------------------------
|  Phase                        |  #Cells created  |  #Cells Removed  |  #Constrained objects preventing optimizations  |
-------------------------------------------------------------------------------------------------------------------------
|  Retarget                     |              49  |             396  |                                             61  |
|  Constant propagation         |              42  |             280  |                                             60  |
|  Sweep                        |               0  |             194  |                                             76  |
|  BUFG optimization            |               0  |               0  |                                              0  |
|  Shift Register Optimization  |               0  |               0  |                                              0  |
|  Post Processing Netlist      |               0  |               0  |                                             60  |
-------------------------------------------------------------------------------------------------------------------------


Ending Logic Optimization Task | Checksum: 15a6ff6a8

Time (s): cpu = 00:00:05 ; elapsed = 00:00:03 . Memory (MB): peak = 4037.742 ; gain = 0.000 ; free physical = 317 ; free virtual = 5756

Starting Power Optimization Task
INFO: [Pwropt 34-132] Skipping clock gating for clocks with a period < 2.00 ns.
INFO: [Pwropt 34-9] Applying IDT optimizations ...
INFO: [Pwropt 34-10] Applying ODC optimizations ...
INFO: [Timing 38-35] Done setting XDC timing constraints.
Running Vector-less Activity Propagation...

Finished Running Vector-less Activity Propagation


Starting PowerOpt Patch Enables Task
INFO: [Pwropt 34-162] WRITE_MODE attribute of 0 BRAM(s) out of a total of 2 has been updated to save power. Run report_power_opt to get a complete listing of the BRAMs updated.
INFO: [Pwropt 34-201] Structural ODC has moved 2 WE to EN ports
Number of BRAM Ports augmented: 0 newly gated: 2 Total Ports: 4
Ending PowerOpt Patch Enables Task | Checksum: 1d5b6afe7

Time (s): cpu = 00:00:00.14 ; elapsed = 00:00:00.08 . Memory (MB): peak = 4303.652 ; gain = 0.000 ; free physical = 266 ; free virtual = 5688
Ending Power Optimization Task | Checksum: 1d5b6afe7

Time (s): cpu = 00:00:10 ; elapsed = 00:00:06 . Memory (MB): peak = 4303.652 ; gain = 265.910 ; free physical = 266 ; free virtual = 5690

Starting Final Cleanup Task
Ending Final Cleanup Task | Checksum: 1d5b6afe7

Time (s): cpu = 00:00:00 ; elapsed = 00:00:00 . Memory (MB): peak = 4303.652 ; gain = 0.000 ; free physical = 266 ; free virtual = 5690

Starting Netlist Obfuscation Task
Netlist sorting complete. Time (s): cpu = 00:00:00 ; elapsed = 00:00:00 . Memory (MB): peak = 4303.652 ; gain = 0.000 ; free physical = 266 ; free virtual = 5690
Ending Netlist Obfuscation Task | Checksum: 194d4ae86

Time (s): cpu = 00:00:00 ; elapsed = 00:00:00 . Memory (MB): peak = 4303.652 ; gain = 0.000 ; free physical = 266 ; free virtual = 5680
INFO: [Common 17-83] Releasing license: Implementation
49 Infos, 109 Warnings, 0 Critical Warnings and 0 Errors encountered.
opt_design completed successfully
opt_design: Time (s): cpu = 00:00:27 ; elapsed = 00:00:20 . Memory (MB): peak = 4303.652 ; gain = 453.762 ; free physical = 266 ; free virtual = 5663
INFO: [Vivado 12-24828] Executing command : report_drc -file image_accel_system_wrapper_drc_opted.rpt -pb image_accel_system_wrapper_drc_opted.pb -rpx image_accel_system_wrapper_drc_opted.rpx
Command: report_drc -file image_accel_system_wrapper_drc_opted.rpt -pb image_accel_system_wrapper_drc_opted.pb -rpx image_accel_system_wrapper_drc_opted.rpx
INFO: [IP_Flow 19-1839] IP Catalog is up to date.
INFO: [Timing 38-35] Done setting XDC timing constraints.
WARNING: [Device 21-9073] RSS factor Speedmodel not found for intent code NODE_GLOBAL_VDISTR
WARNING: [Device 21-9073] RSS factor Speedmodel not found for intent code NODE_GLOBAL_VROUTE
WARNING: [Device 21-9073] RSS factor Speedmodel not found for intent code NODE_GLOBAL_HDISTR
WARNING: [Device 21-9073] RSS factor Speedmodel not found for intent code NODE_GLOBAL_HROUTE
WARNING: [Device 21-9073] RSS factor Speedmodel not found for intent code NODE_GLOBAL_BUFG
WARNING: [Device 21-9073] RSS factor Speedmodel not found for intent code NODE_GLOBAL_LEAF
INFO: [DRC 23-27] Running DRC with 8 threads
INFO: [Vivado_Tcl 2-168] The results of DRC are in file /home/ronny/tec/high-level-design-for-electronics/homework/homework-3/hls-gem5-rgb2gray/vivado/build/image_accel_kv260/image_accel_kv260.runs/impl_1/image_accel_system_wrapper_drc_opted.rpt.
report_drc completed successfully
report_drc: Time (s): cpu = 00:00:38 ; elapsed = 00:00:28 . Memory (MB): peak = 4945.461 ; gain = 641.809 ; free physical = 195 ; free virtual = 4973
generate_parallel_reports: Time (s): cpu = 00:00:38 ; elapsed = 00:00:28 . Memory (MB): peak = 4945.461 ; gain = 641.809 ; free physical = 195 ; free virtual = 4973
INFO: [Timing 38-480] Writing timing data to binary archive.
Write ShapeDB Complete: Time (s): cpu = 00:00:00.17 ; elapsed = 00:00:00.05 . Memory (MB): peak = 4945.461 ; gain = 0.000 ; free physical = 178 ; free virtual = 4965
INFO: [Common 17-1381] The checkpoint '/home/ronny/tec/high-level-design-for-electronics/homework/homework-3/hls-gem5-rgb2gray/vivado/build/image_accel_kv260/image_accel_kv260.runs/impl_1/image_accel_system_wrapper_opt.dcp' has been generated.
Command: place_design
Attempting to get a license for feature 'Implementation' and/or device 'xck26'
INFO: [Common 17-349] Got license for feature 'Implementation' and/or device 'xck26'
INFO: [Common 17-83] Releasing license: Implementation
INFO: [DRC 23-27] Running DRC with 8 threads
INFO: [Vivado_Tcl 4-198] DRC finished with 0 Errors
INFO: [Vivado_Tcl 4-199] Please refer to the DRC report (report_drc) for more information.
Running DRC as a precondition to command place_design
INFO: [DRC 23-27] Running DRC with 8 threads
INFO: [Vivado_Tcl 4-198] DRC finished with 0 Errors
INFO: [Vivado_Tcl 4-199] Please refer to the DRC report (report_drc) for more information.
INFO: [Place 30-611] Multithreading enabled for place_design using a maximum of 8 CPUs

Starting Placer Task

Phase 1 Placer Initialization

Phase 1.1 Placer Initialization Netlist Sorting
Netlist sorting complete. Time (s): cpu = 00:00:00.01 ; elapsed = 00:00:00 . Memory (MB): peak = 4945.461 ; gain = 0.000 ; free physical = 235 ; free virtual = 4928
Phase 1.1 Placer Initialization Netlist Sorting | Checksum: f79b5edb

Time (s): cpu = 00:00:00.01 ; elapsed = 00:00:00.02 . Memory (MB): peak = 4945.461 ; gain = 0.000 ; free physical = 235 ; free virtual = 4928
Netlist sorting complete. Time (s): cpu = 00:00:00 ; elapsed = 00:00:00 . Memory (MB): peak = 4945.461 ; gain = 0.000 ; free physical = 233 ; free virtual = 4928

Phase 1.2 IO Placement/ Clock Placement/ Build Placer Device
Phase 1.2 IO Placement/ Clock Placement/ Build Placer Device | Checksum: 157fb70c1

Time (s): cpu = 00:00:04 ; elapsed = 00:00:03 . Memory (MB): peak = 4945.461 ; gain = 0.000 ; free physical = 269 ; free virtual = 4936

Phase 1.3 Build Placer Netlist Model
Phase 1.3 Build Placer Netlist Model | Checksum: 1d0c7fd4c

Time (s): cpu = 00:00:14 ; elapsed = 00:00:08 . Memory (MB): peak = 4945.461 ; gain = 0.000 ; free physical = 281 ; free virtual = 4939

Phase 1.4 Constrain Clocks/Macros
Phase 1.4 Constrain Clocks/Macros | Checksum: 1d0c7fd4c

Time (s): cpu = 00:00:14 ; elapsed = 00:00:08 . Memory (MB): peak = 4945.461 ; gain = 0.000 ; free physical = 279 ; free virtual = 4939
Phase 1 Placer Initialization | Checksum: 1d0c7fd4c

Time (s): cpu = 00:00:14 ; elapsed = 00:00:08 . Memory (MB): peak = 4945.461 ; gain = 0.000 ; free physical = 275 ; free virtual = 4938

Phase 2 Global Placement

Phase 2.1 Floorplanning

Phase 2.1.1 Partition Driven Placement

Phase 2.1.1.1 PBP: Partition Driven Placement
Phase 2.1.1.1 PBP: Partition Driven Placement | Checksum: 1d3526c14

Time (s): cpu = 00:00:22 ; elapsed = 00:00:11 . Memory (MB): peak = 4945.461 ; gain = 0.000 ; free physical = 275 ; free virtual = 4946

Phase 2.1.1.2 PBP: Clock Region Placement
INFO: [Place 30-3162] Check ILP status : ILP-based clock placer completed successfully.
Phase 2.1.1.2 PBP: Clock Region Placement | Checksum: 1d3526c14

Time (s): cpu = 00:00:23 ; elapsed = 00:00:12 . Memory (MB): peak = 4945.461 ; gain = 0.000 ; free physical = 253 ; free virtual = 4896

Phase 2.1.1.3 PBP: Compute Congestion
Phase 2.1.1.3 PBP: Compute Congestion | Checksum: 1d3526c14

Time (s): cpu = 00:00:44 ; elapsed = 00:00:18 . Memory (MB): peak = 5125.441 ; gain = 179.980 ; free physical = 227 ; free virtual = 4659

Phase 2.1.1.4 PBP: UpdateTiming
Phase 2.1.1.4 PBP: UpdateTiming | Checksum: 1bd91e2ac

Time (s): cpu = 00:00:46 ; elapsed = 00:00:19 . Memory (MB): peak = 5157.457 ; gain = 211.996 ; free physical = 274 ; free virtual = 4662

Phase 2.1.1.5 PBP: Add part constraints
Phase 2.1.1.5 PBP: Add part constraints | Checksum: 1bd91e2ac

Time (s): cpu = 00:00:46 ; elapsed = 00:00:19 . Memory (MB): peak = 5157.457 ; gain = 211.996 ; free physical = 274 ; free virtual = 4662
Phase 2.1.1 Partition Driven Placement | Checksum: 1bd91e2ac

Time (s): cpu = 00:00:46 ; elapsed = 00:00:19 . Memory (MB): peak = 5157.457 ; gain = 211.996 ; free physical = 274 ; free virtual = 4664
Phase 2.1 Floorplanning | Checksum: 1bd91e2ac

Time (s): cpu = 00:00:46 ; elapsed = 00:00:19 . Memory (MB): peak = 5157.457 ; gain = 211.996 ; free physical = 279 ; free virtual = 4670

Phase 2.2 Update Timing before SLR Path Opt
Phase 2.2 Update Timing before SLR Path Opt | Checksum: 1bd91e2ac

Time (s): cpu = 00:00:46 ; elapsed = 00:00:19 . Memory (MB): peak = 5157.457 ; gain = 211.996 ; free physical = 270 ; free virtual = 4668

Phase 2.3 Post-Processing in Floorplanning
Phase 2.3 Post-Processing in Floorplanning | Checksum: 1bd91e2ac

Time (s): cpu = 00:00:46 ; elapsed = 00:00:19 . Memory (MB): peak = 5157.457 ; gain = 211.996 ; free physical = 306 ; free virtual = 4668

Phase 2.4 Global Placement Core

Phase 2.4.1 UpdateTiming Before Physical Synthesis
Phase 2.4.1 UpdateTiming Before Physical Synthesis | Checksum: 311d923a8

Time (s): cpu = 00:02:04 ; elapsed = 00:00:40 . Memory (MB): peak = 5204.484 ; gain = 259.023 ; free physical = 219 ; free virtual = 4615

Phase 2.4.2 Physical Synthesis In Placer
INFO: [Physopt 32-1035] Found 0 LUTNM shape to break, 292 LUT instances to create LUTNM shape
INFO: [Physopt 32-1044] Break lutnm for timing: one critical 0, two critical 0, total 0, new lutff created 0
INFO: [Physopt 32-1138] End 1 Pass. Optimized 110 nets or LUTs. Breaked 0 LUT, combined 110 existing LUTs and moved 0 existing LUT
INFO: [Physopt 32-69] No nets found for rewiring optimization.
INFO: [Physopt 32-661] Optimized 0 net.  Re-placed 0 instance.
INFO: [Physopt 32-775] End 1 Pass. Optimized 0 net or cell. Created 0 new cell, deleted 0 existing cell and moved 0 existing cell
INFO: [Physopt 32-1408] Pass 1. Identified 1 candidate net for high-fanout optimization.
INFO: [Physopt 32-81] Processed net image_accel_system_i/rst_ps_pl_250m/U0/peripheral_aresetn[0]. Replicated 12 times.
INFO: [Physopt 32-232] Optimized 1 net. Created 12 new instances.
INFO: [Physopt 32-775] End 1 Pass. Optimized 1 net or cell. Created 12 new cells, deleted 0 existing cell and moved 0 existing cell
Netlist sorting complete. Time (s): cpu = 00:00:00.06 ; elapsed = 00:00:00.05 . Memory (MB): peak = 5204.484 ; gain = 0.000 ; free physical = 156 ; free virtual = 4615
INFO: [Physopt 32-670] No setup violation found.  DSP Register Optimization was not performed.
INFO: [Physopt 32-670] No setup violation found.  Shift Register to Pipeline Optimization was not performed.
INFO: [Physopt 32-670] No setup violation found.  Shift Register Optimization was not performed.
INFO: [Physopt 32-670] No setup violation found.  BRAM Register Optimization was not performed.
INFO: [Physopt 32-670] No setup violation found.  URAM Register Optimization was not performed.
INFO: [Physopt 32-949] No candidate nets found for dynamic/static region interface net replication
INFO: [Physopt 32-775] End 1 Pass. Optimized 0 net or cell. Created 0 new cell, deleted 0 existing cell and moved 0 existing cell
Netlist sorting complete. Time (s): cpu = 00:00:00.01 ; elapsed = 00:00:00.01 . Memory (MB): peak = 5204.484 ; gain = 0.000 ; free physical = 155 ; free virtual = 4630

Summary of Physical Synthesis Optimizations
============================================


-----------------------------------------------------------------------------------------------------------------------------------------------------------
|  Optimization                                     |  Added Cells  |  Removed Cells  |  Optimized Cells/Nets  |  Dont Touch  |  Iterations  |  Elapsed   |
-----------------------------------------------------------------------------------------------------------------------------------------------------------
|  LUT Combining                                    |            0  |            110  |                   110  |           0  |           1  |  00:00:00  |
|  Retime                                           |            0  |              0  |                     0  |           0  |           1  |  00:00:00  |
|  Equivalent Driver Rewiring                       |            0  |              0  |                     0  |           0  |           1  |  00:00:00  |
|  Very High Fanout                                 |           12  |              0  |                     1  |           0  |           1  |  00:00:01  |
|  DSP Register                                     |            0  |              0  |                     0  |           0  |           0  |  00:00:00  |
|  Shift Register to Pipeline                       |            0  |              0  |                     0  |           0  |           0  |  00:00:00  |
|  Shift Register                                   |            0  |              0  |                     0  |           0  |           0  |  00:00:00  |
|  BRAM Register                                    |            0  |              0  |                     0  |           0  |           0  |  00:00:00  |
|  URAM Register                                    |            0  |              0  |                     0  |           0  |           0  |  00:00:00  |
|  Dynamic/Static Region Interface Net Replication  |            0  |              0  |                     0  |           0  |           1  |  00:00:00  |
|  Total                                            |           12  |            110  |                   111  |           0  |           5  |  00:00:01  |
-----------------------------------------------------------------------------------------------------------------------------------------------------------


Phase 2.4.2 Physical Synthesis In Placer | Checksum: 2e3d09bd1

Time (s): cpu = 00:02:08 ; elapsed = 00:00:43 . Memory (MB): peak = 5204.484 ; gain = 259.023 ; free physical = 237 ; free virtual = 4598
Phase 2.4 Global Placement Core | Checksum: 2866fcb98

Time (s): cpu = 00:02:39 ; elapsed = 00:00:52 . Memory (MB): peak = 5204.484 ; gain = 259.023 ; free physical = 193 ; free virtual = 4686
Phase 2 Global Placement | Checksum: 2866fcb98

Time (s): cpu = 00:02:39 ; elapsed = 00:00:52 . Memory (MB): peak = 5204.484 ; gain = 259.023 ; free physical = 189 ; free virtual = 4685

Phase 3 Detail Placement

Phase 3.1 Commit Multi Column Macros
Phase 3.1 Commit Multi Column Macros | Checksum: 29d9a68a7

Time (s): cpu = 00:03:00 ; elapsed = 00:00:58 . Memory (MB): peak = 5204.484 ; gain = 259.023 ; free physical = 292 ; free virtual = 4678

Phase 3.2 Commit Most Macros & LUTRAMs
Phase 3.2 Commit Most Macros & LUTRAMs | Checksum: 1cfe5e6e8

Time (s): cpu = 00:03:03 ; elapsed = 00:01:00 . Memory (MB): peak = 5204.484 ; gain = 259.023 ; free physical = 263 ; free virtual = 4660

Phase 3.3 Small Shape DP

Phase 3.3.1 Small Shape Clustering
Phase 3.3.1 Small Shape Clustering | Checksum: 20c657936

Time (s): cpu = 00:03:24 ; elapsed = 00:01:06 . Memory (MB): peak = 5204.484 ; gain = 259.023 ; free physical = 160 ; free virtual = 4658

Phase 3.3.2 Slice Area Swap

Phase 3.3.2.1 Slice Area Swap Initial
Phase 3.3.2.1 Slice Area Swap Initial | Checksum: 184cc9607

Time (s): cpu = 00:03:25 ; elapsed = 00:01:07 . Memory (MB): peak = 5204.484 ; gain = 259.023 ; free physical = 267 ; free virtual = 4682
Phase 3.3.2 Slice Area Swap | Checksum: 184cc9607

Time (s): cpu = 00:03:25 ; elapsed = 00:01:07 . Memory (MB): peak = 5204.484 ; gain = 259.023 ; free physical = 232 ; free virtual = 4647
Phase 3.3 Small Shape DP | Checksum: 2a457d1a6

Time (s): cpu = 00:03:30 ; elapsed = 00:01:08 . Memory (MB): peak = 5204.484 ; gain = 259.023 ; free physical = 295 ; free virtual = 4624

Phase 3.4 Re-assign LUT pins
Phase 3.4 Re-assign LUT pins | Checksum: 253b4fffe

Time (s): cpu = 00:03:30 ; elapsed = 00:01:09 . Memory (MB): peak = 5204.484 ; gain = 259.023 ; free physical = 268 ; free virtual = 4630

Phase 3.5 Pipeline Register Optimization
Phase 3.5 Pipeline Register Optimization | Checksum: 2a407ac61

Time (s): cpu = 00:03:31 ; elapsed = 00:01:09 . Memory (MB): peak = 5204.484 ; gain = 259.023 ; free physical = 263 ; free virtual = 4629
Phase 3 Detail Placement | Checksum: 2a407ac61

Time (s): cpu = 00:03:31 ; elapsed = 00:01:09 . Memory (MB): peak = 5204.484 ; gain = 259.023 ; free physical = 263 ; free virtual = 4629

Phase 4 Post Placement Optimization and Clean-Up

Phase 4.1 Post Commit Optimization
INFO: [Timing 38-35] Done setting XDC timing constraints.

Phase 4.1.1 Post Placement Optimization
Post Placement Optimization Initialization | Checksum: 2244a9064

Phase 4.1.1.1 BUFG Insertion

Starting Physical Synthesis Task

Phase 1 Physical Synthesis Initialization
INFO: [Physopt 32-721] Multithreading enabled for phys_opt_design using a maximum of 8 CPUs
INFO: [Physopt 32-619] Estimated Timing Summary | WNS=0.938 | TNS=0.000 |
Phase 1 Physical Synthesis Initialization | Checksum: 102613a2b

Time (s): cpu = 00:00:01 ; elapsed = 00:00:00.31 . Memory (MB): peak = 5204.484 ; gain = 0.000 ; free physical = 275 ; free virtual = 4673
INFO: [Place 46-56] BUFG insertion identified 0 candidate nets. Inserted BUFG: 0, Replicated BUFG Driver: 0, Skipped due to Placement/Routing Conflicts: 0, Skipped due to Timing Degradation: 0, Skipped due to netlist editing failed: 0.
Ending Physical Synthesis Task | Checksum: 1ec712f06

Time (s): cpu = 00:00:01 ; elapsed = 00:00:00.44 . Memory (MB): peak = 5204.484 ; gain = 0.000 ; free physical = 269 ; free virtual = 4675
Phase 4.1.1.1 BUFG Insertion | Checksum: 2244a9064

Time (s): cpu = 00:04:23 ; elapsed = 00:01:24 . Memory (MB): peak = 5204.484 ; gain = 259.023 ; free physical = 265 ; free virtual = 4675

Phase 4.1.1.2 Post Placement Timing Optimization
INFO: [Place 30-746] Post Placement Timing Summary WNS=0.938. For the most accurate timing information please run report_timing.
Phase 4.1.1.2 Post Placement Timing Optimization | Checksum: 22708bb2c

Time (s): cpu = 00:04:24 ; elapsed = 00:01:24 . Memory (MB): peak = 5204.484 ; gain = 259.023 ; free physical = 251 ; free virtual = 4671

Time (s): cpu = 00:04:24 ; elapsed = 00:01:24 . Memory (MB): peak = 5204.484 ; gain = 259.023 ; free physical = 251 ; free virtual = 4671
Phase 4.1 Post Commit Optimization | Checksum: 22708bb2c

Time (s): cpu = 00:04:24 ; elapsed = 00:01:24 . Memory (MB): peak = 5204.484 ; gain = 259.023 ; free physical = 250 ; free virtual = 4674
Netlist sorting complete. Time (s): cpu = 00:00:00.01 ; elapsed = 00:00:00 . Memory (MB): peak = 5222.469 ; gain = 0.000 ; free physical = 257 ; free virtual = 4638

Phase 4.2 Post Placement Cleanup
Phase 4.2 Post Placement Cleanup | Checksum: 1b6c63ec5

Time (s): cpu = 00:04:55 ; elapsed = 00:01:41 . Memory (MB): peak = 5222.469 ; gain = 277.008 ; free physical = 256 ; free virtual = 4639

Phase 4.3 Placer Reporting

Phase 4.3.1 Print Estimated Congestion
INFO: [Place 30-612] Post-Placement Estimated Congestion 
 ________________________________________________________________________
|           | Global Congestion | Long Congestion   | Short Congestion  |
| Direction | Region Size       | Region Size       | Region Size       |
|___________|___________________|___________________|___________________|
|      North|                1x1|                1x1|                1x1|
|___________|___________________|___________________|___________________|
|      South|                1x1|                1x1|                2x2|
|___________|___________________|___________________|___________________|
|       East|                1x1|                1x1|                1x1|
|___________|___________________|___________________|___________________|
|       West|                1x1|                1x1|                1x1|
|___________|___________________|___________________|___________________|

Phase 4.3.1 Print Estimated Congestion | Checksum: 1b6c63ec5

Time (s): cpu = 00:04:55 ; elapsed = 00:01:41 . Memory (MB): peak = 5222.469 ; gain = 277.008 ; free physical = 270 ; free virtual = 4604
Phase 4.3 Placer Reporting | Checksum: 1b6c63ec5

Time (s): cpu = 00:04:55 ; elapsed = 00:01:41 . Memory (MB): peak = 5222.469 ; gain = 277.008 ; free physical = 270 ; free virtual = 4608

Phase 4.4 Final Placement Cleanup
Netlist sorting complete. Time (s): cpu = 00:00:00 ; elapsed = 00:00:00 . Memory (MB): peak = 5222.469 ; gain = 0.000 ; free physical = 270 ; free virtual = 4608

Time (s): cpu = 00:04:55 ; elapsed = 00:01:42 . Memory (MB): peak = 5222.469 ; gain = 277.008 ; free physical = 270 ; free virtual = 4608
Phase 4 Post Placement Optimization and Clean-Up | Checksum: 1e032b707

Time (s): cpu = 00:04:55 ; elapsed = 00:01:42 . Memory (MB): peak = 5222.469 ; gain = 277.008 ; free physical = 270 ; free virtual = 4608
Ending Placer Task | Checksum: 14b777ff1

Time (s): cpu = 00:04:55 ; elapsed = 00:01:42 . Memory (MB): peak = 5222.469 ; gain = 277.008 ; free physical = 270 ; free virtual = 4612
89 Infos, 115 Warnings, 0 Critical Warnings and 0 Errors encountered.
place_design completed successfully
place_design: Time (s): cpu = 00:05:06 ; elapsed = 00:01:46 . Memory (MB): peak = 5222.469 ; gain = 277.008 ; free physical = 258 ; free virtual = 4612
INFO: [Vivado 12-24838] Running report commands "report_control_sets, report_io, report_utilization" in parallel.
Running report generation with 3 threads.
INFO: [Vivado 12-24828] Executing command : report_io -file image_accel_system_wrapper_io_placed.rpt
report_io: Time (s): cpu = 00:00:00.58 ; elapsed = 00:00:00.23 . Memory (MB): peak = 5222.469 ; gain = 0.000 ; free physical = 240 ; free virtual = 4625
INFO: [Vivado 12-24828] Executing command : report_utilization -file image_accel_system_wrapper_utilization_placed.rpt -pb image_accel_system_wrapper_utilization_placed.pb
INFO: [Vivado 12-24828] Executing command : report_control_sets -verbose -file image_accel_system_wrapper_control_sets_placed.rpt
report_control_sets: Time (s): cpu = 00:00:00.72 ; elapsed = 00:00:00.29 . Memory (MB): peak = 5222.469 ; gain = 0.000 ; free physical = 236 ; free virtual = 4625
INFO: [Timing 38-480] Writing timing data to binary archive.
Write ShapeDB Complete: Time (s): cpu = 00:00:00.82 ; elapsed = 00:00:00.18 . Memory (MB): peak = 5222.469 ; gain = 0.000 ; free physical = 217 ; free virtual = 4626
Wrote PlaceDB: Time (s): cpu = 00:00:03 ; elapsed = 00:00:00.83 . Memory (MB): peak = 5222.469 ; gain = 0.000 ; free physical = 233 ; free virtual = 4643
Wrote PulsedLatchDB: Time (s): cpu = 00:00:00 ; elapsed = 00:00:00 . Memory (MB): peak = 5222.469 ; gain = 0.000 ; free physical = 233 ; free virtual = 4643
Writing XDEF routing.
Writing XDEF routing logical nets.
Writing XDEF routing special nets.
Wrote RouteStorage: Time (s): cpu = 00:00:00.29 ; elapsed = 00:00:00.11 . Memory (MB): peak = 5222.469 ; gain = 0.000 ; free physical = 231 ; free virtual = 4644
Wrote Netlist Cache: Time (s): cpu = 00:00:00.06 ; elapsed = 00:00:00.02 . Memory (MB): peak = 5222.469 ; gain = 0.000 ; free physical = 231 ; free virtual = 4647
Wrote Device Cache: Time (s): cpu = 00:00:00.09 ; elapsed = 00:00:00.03 . Memory (MB): peak = 5222.469 ; gain = 0.000 ; free physical = 223 ; free virtual = 4642
Write Physdb Complete: Time (s): cpu = 00:00:03 ; elapsed = 00:00:01 . Memory (MB): peak = 5222.469 ; gain = 0.000 ; free physical = 223 ; free virtual = 4642
INFO: [Common 17-1381] The checkpoint '/home/ronny/tec/high-level-design-for-electronics/homework/homework-3/hls-gem5-rgb2gray/vivado/build/image_accel_kv260/image_accel_kv260.runs/impl_1/image_accel_system_wrapper_placed.dcp' has been generated.
Command: phys_opt_design
Attempting to get a license for feature 'Implementation' and/or device 'xck26'
INFO: [Common 17-349] Got license for feature 'Implementation' and/or device 'xck26'

Starting Initial Update Timing Task

Time (s): cpu = 00:00:11 ; elapsed = 00:00:03 . Memory (MB): peak = 5246.480 ; gain = 0.000 ; free physical = 238 ; free virtual = 4642
INFO: [Vivado_Tcl 4-2279] Estimated Timing Summary | WNS= 0.942 | TNS= 0.000 | 
INFO: [Vivado_Tcl 4-383] Design worst setup slack (WNS) is greater than or equal to 0.000 ns. All physical synthesis setup optimizations will be skipped.
INFO: [Vivado_Tcl 4-232] No setup violation found. The netlist was not modified.
INFO: [Common 17-83] Releasing license: Implementation
100 Infos, 115 Warnings, 0 Critical Warnings and 0 Errors encountered.
phys_opt_design completed successfully
INFO: [Timing 38-480] Writing timing data to binary archive.
Write ShapeDB Complete: Time (s): cpu = 00:00:00.34 ; elapsed = 00:00:00.08 . Memory (MB): peak = 5246.480 ; gain = 0.000 ; free physical = 234 ; free virtual = 4643
Wrote PlaceDB: Time (s): cpu = 00:00:03 ; elapsed = 00:00:00.98 . Memory (MB): peak = 5246.480 ; gain = 0.000 ; free physical = 272 ; free virtual = 4637
Wrote PulsedLatchDB: Time (s): cpu = 00:00:00 ; elapsed = 00:00:00 . Memory (MB): peak = 5246.480 ; gain = 0.000 ; free physical = 272 ; free virtual = 4637
Writing XDEF routing.
Writing XDEF routing logical nets.
Writing XDEF routing special nets.
Wrote RouteStorage: Time (s): cpu = 00:00:00.21 ; elapsed = 00:00:00.09 . Memory (MB): peak = 5246.480 ; gain = 0.000 ; free physical = 267 ; free virtual = 4638
Wrote Netlist Cache: Time (s): cpu = 00:00:00.03 ; elapsed = 00:00:00.02 . Memory (MB): peak = 5246.480 ; gain = 0.000 ; free physical = 267 ; free virtual = 4639
Wrote Device Cache: Time (s): cpu = 00:00:00.05 ; elapsed = 00:00:00.03 . Memory (MB): peak = 5246.480 ; gain = 0.000 ; free physical = 263 ; free virtual = 4641
Write Physdb Complete: Time (s): cpu = 00:00:04 ; elapsed = 00:00:01 . Memory (MB): peak = 5246.480 ; gain = 0.000 ; free physical = 263 ; free virtual = 4643
INFO: [Common 17-1381] The checkpoint '/home/ronny/tec/high-level-design-for-electronics/homework/homework-3/hls-gem5-rgb2gray/vivado/build/image_accel_kv260/image_accel_kv260.runs/impl_1/image_accel_system_wrapper_physopt.dcp' has been generated.
Command: route_design
Attempting to get a license for feature 'Implementation' and/or device 'xck26'
INFO: [Common 17-349] Got license for feature 'Implementation' and/or device 'xck26'
Running DRC as a precondition to command route_design
INFO: [DRC 23-27] Running DRC with 8 threads
INFO: [Vivado_Tcl 4-198] DRC finished with 0 Errors
INFO: [Vivado_Tcl 4-199] Please refer to the DRC report (report_drc) for more information.


Starting Routing Task
INFO: [Route 35-254] Multithreading enabled for route_design using a maximum of 8 CPUs

Phase 1 Build RT Design
Checksum: PlaceDB: b5f57add ConstDB: 0 ShapeSum: 3facfb2f RouteDB: 55d509e5
Nodegraph reading from file.  Time (s): cpu = 00:00:00.85 ; elapsed = 00:00:00.89 . Memory (MB): peak = 5254.484 ; gain = 0.000 ; free physical = 217 ; free virtual = 4586
Post Restoration Checksum: NetGraph: a55697da | NumContArr: a6a5d25f | Constraints: 9c38c911 | Timing: c2a8fa9d
Phase 1 Build RT Design | Checksum: 2aade2de7

Time (s): cpu = 00:00:19 ; elapsed = 00:00:07 . Memory (MB): peak = 5254.484 ; gain = 0.000 ; free physical = 216 ; free virtual = 4609

Phase 2 Router Initialization

Phase 2.1 Fix Topology Constraints
Phase 2.1 Fix Topology Constraints | Checksum: 2aade2de7

Time (s): cpu = 00:00:19 ; elapsed = 00:00:07 . Memory (MB): peak = 5254.484 ; gain = 0.000 ; free physical = 216 ; free virtual = 4613

Phase 2.2 Pre Route Cleanup
Phase 2.2 Pre Route Cleanup | Checksum: 2aade2de7

Time (s): cpu = 00:00:19 ; elapsed = 00:00:07 . Memory (MB): peak = 5254.484 ; gain = 0.000 ; free physical = 216 ; free virtual = 4613

Phase 2.3 Global Clock Net Routing
 Number of Nodes with overlaps = 0
Phase 2.3 Global Clock Net Routing | Checksum: 2618f4f2d

Time (s): cpu = 00:00:21 ; elapsed = 00:00:08 . Memory (MB): peak = 5254.484 ; gain = 0.000 ; free physical = 212 ; free virtual = 4617

Phase 2.4 Update Timing
Phase 2.4 Update Timing | Checksum: 2419c3411

Time (s): cpu = 00:00:27 ; elapsed = 00:00:09 . Memory (MB): peak = 5254.484 ; gain = 0.000 ; free physical = 213 ; free virtual = 4632
INFO: [Route 35-416] Intermediate Timing Summary | WNS=1.179  | TNS=0.000  | WHS=-0.069 | THS=-72.697|


Router Utilization Summary
  Global Vertical Routing Utilization    = 0 %
  Global Horizontal Routing Utilization  = 0 %
  Routable Net Status*
  *Does not include unroutable nets such as driverless and loadless.
  Run report_route_status for detailed report.
  Number of Failed Nets               = 10712
    (Failed Nets is the sum of unrouted and partially routed nets)
  Number of Unrouted Nets             = 9577
  Number of Partially Routed Nets     = 1135
  Number of Node Overlaps             = 0

Phase 2 Router Initialization | Checksum: 1d5e058a4

Time (s): cpu = 00:00:38 ; elapsed = 00:00:12 . Memory (MB): peak = 5254.484 ; gain = 0.000 ; free physical = 247 ; free virtual = 4633

Phase 3 Global Routing
Phase 3 Global Routing | Checksum: 1d5e058a4

Time (s): cpu = 00:00:38 ; elapsed = 00:00:12 . Memory (MB): peak = 5254.484 ; gain = 0.000 ; free physical = 247 ; free virtual = 4633

Phase 4 Initial Routing

Phase 4.1 Initial Net Routing Pass
Phase 4.1 Initial Net Routing Pass | Checksum: 766b4eb4

Time (s): cpu = 00:00:46 ; elapsed = 00:00:15 . Memory (MB): peak = 5254.484 ; gain = 0.000 ; free physical = 205 ; free virtual = 4647
Phase 4 Initial Routing | Checksum: a1aa8cdc

Time (s): cpu = 00:00:47 ; elapsed = 00:00:15 . Memory (MB): peak = 5254.484 ; gain = 0.000 ; free physical = 202 ; free virtual = 4648

Phase 5 Rip-up And Reroute

Phase 5.1 Global Iteration 0
 Number of Nodes with overlaps = 1901
 Number of Nodes with overlaps = 99
 Number of Nodes with overlaps = 4
 Number of Nodes with overlaps = 1
 Number of Nodes with overlaps = 1
 Number of Nodes with overlaps = 0
INFO: [Route 35-416] Intermediate Timing Summary | WNS=1.033  | TNS=0.000  | WHS=-0.033 | THS=-0.084 |

Phase 5.1 Global Iteration 0 | Checksum: 1f9edc919

Time (s): cpu = 00:01:24 ; elapsed = 00:00:28 . Memory (MB): peak = 5254.484 ; gain = 0.000 ; free physical = 212 ; free virtual = 4640

Phase 5.2 Additional Iteration for Hold
Phase 5.2 Additional Iteration for Hold | Checksum: 285fc931c

Time (s): cpu = 00:01:24 ; elapsed = 00:00:28 . Memory (MB): peak = 5254.484 ; gain = 0.000 ; free physical = 212 ; free virtual = 4640
Phase 5 Rip-up And Reroute | Checksum: 285fc931c

Time (s): cpu = 00:01:24 ; elapsed = 00:00:28 . Memory (MB): peak = 5254.484 ; gain = 0.000 ; free physical = 212 ; free virtual = 4640

Phase 6 Delay and Skew Optimization

Phase 6.1 Delay CleanUp
INFO: [Route 35-416] Intermediate Timing Summary | WNS=1.033  | TNS=0.000  | WHS=0.011  | THS=0.000  |

INFO: [Route 35-416] Intermediate Timing Summary | WNS=1.033  | TNS=0.000  | WHS=0.011  | THS=0.000  |

Phase 6.1 Delay CleanUp | Checksum: 247ede717

Time (s): cpu = 00:01:30 ; elapsed = 00:00:30 . Memory (MB): peak = 5254.484 ; gain = 0.000 ; free physical = 218 ; free virtual = 4638

Phase 6.2 Clock Skew Optimization
Phase 6.2 Clock Skew Optimization | Checksum: 247ede717

Time (s): cpu = 00:01:30 ; elapsed = 00:00:30 . Memory (MB): peak = 5254.484 ; gain = 0.000 ; free physical = 218 ; free virtual = 4638
Phase 6 Delay and Skew Optimization | Checksum: 247ede717

Time (s): cpu = 00:01:30 ; elapsed = 00:00:30 . Memory (MB): peak = 5254.484 ; gain = 0.000 ; free physical = 216 ; free virtual = 4639

Phase 7 Post Hold Fix

Phase 7.1 Hold Fix Iter
INFO: [Route 35-416] Intermediate Timing Summary | WNS=1.033  | TNS=0.000  | WHS=0.011  | THS=0.000  |

Phase 7.1 Hold Fix Iter | Checksum: 330e8afd4

Time (s): cpu = 00:01:34 ; elapsed = 00:00:31 . Memory (MB): peak = 5254.484 ; gain = 0.000 ; free physical = 234 ; free virtual = 4642
Phase 7 Post Hold Fix | Checksum: 330e8afd4

Time (s): cpu = 00:01:34 ; elapsed = 00:00:31 . Memory (MB): peak = 5254.484 ; gain = 0.000 ; free physical = 234 ; free virtual = 4642

Phase 8 Route finalize

Router Utilization Summary
  Global Vertical Routing Utilization    = 0.914812 %
  Global Horizontal Routing Utilization  = 1.18954 %
  Routable Net Status*
  *Does not include unroutable nets such as driverless and loadless.
  Run report_route_status for detailed report.
  Number of Failed Nets               = 0
    (Failed Nets is the sum of unrouted and partially routed nets)
  Number of Unrouted Nets             = 0
  Number of Partially Routed Nets     = 0
  Number of Node Overlaps             = 0

Phase 8 Route finalize | Checksum: 330e8afd4

Time (s): cpu = 00:01:35 ; elapsed = 00:00:31 . Memory (MB): peak = 5254.484 ; gain = 0.000 ; free physical = 220 ; free virtual = 4644

Phase 9 Verifying routed nets

 Verification completed successfully
Phase 9 Verifying routed nets | Checksum: 330e8afd4

Time (s): cpu = 00:01:35 ; elapsed = 00:00:31 . Memory (MB): peak = 5254.484 ; gain = 0.000 ; free physical = 215 ; free virtual = 4647

Phase 10 Depositing Routes
Phase 10 Depositing Routes | Checksum: 330e8afd4

Time (s): cpu = 00:01:38 ; elapsed = 00:00:33 . Memory (MB): peak = 5254.484 ; gain = 0.000 ; free physical = 217 ; free virtual = 4654

Phase 11 Resolve XTalk
Phase 11 Resolve XTalk | Checksum: 330e8afd4

Time (s): cpu = 00:01:38 ; elapsed = 00:00:33 . Memory (MB): peak = 5254.484 ; gain = 0.000 ; free physical = 217 ; free virtual = 4653

Phase 12 Post Process Routing
Phase 12 Post Process Routing | Checksum: 330e8afd4

Time (s): cpu = 00:01:38 ; elapsed = 00:00:33 . Memory (MB): peak = 5254.484 ; gain = 0.000 ; free physical = 210 ; free virtual = 4652

Phase 13 Post Router Timing
INFO: [Route 35-57] Estimated Timing Summary | WNS=1.033  | TNS=0.000  | WHS=0.011  | THS=0.000  |

INFO: [Route 35-327] The final timing numbers are based on the router estimated timing analysis. For a complete and accurate timing signoff, please run report_timing_summary.
Phase 13 Post Router Timing | Checksum: 330e8afd4

Time (s): cpu = 00:01:38 ; elapsed = 00:00:33 . Memory (MB): peak = 5254.484 ; gain = 0.000 ; free physical = 210 ; free virtual = 4654
Total Elapsed time in route_design: 33.12 secs

Phase 14 Post-Route Event Processing
Phase 14 Post-Route Event Processing | Checksum: 1bfc3eb56

Time (s): cpu = 00:01:38 ; elapsed = 00:00:33 . Memory (MB): peak = 5254.484 ; gain = 0.000 ; free physical = 206 ; free virtual = 4656
INFO: [Route 35-16] Router Completed Successfully
Ending Routing Task | Checksum: 1bfc3eb56

Time (s): cpu = 00:01:38 ; elapsed = 00:00:33 . Memory (MB): peak = 5254.484 ; gain = 0.000 ; free physical = 231 ; free virtual = 4660

Routing Is Done.
INFO: [Common 17-83] Releasing license: Implementation
116 Infos, 115 Warnings, 0 Critical Warnings and 0 Errors encountered.
route_design completed successfully
route_design: Time (s): cpu = 00:01:49 ; elapsed = 00:00:36 . Memory (MB): peak = 5254.484 ; gain = 8.004 ; free physical = 222 ; free virtual = 4665
INFO: [Vivado 12-24828] Executing command : report_drc -file image_accel_system_wrapper_drc_routed.rpt -pb image_accel_system_wrapper_drc_routed.pb -rpx image_accel_system_wrapper_drc_routed.rpx
Command: report_drc -file image_accel_system_wrapper_drc_routed.rpt -pb image_accel_system_wrapper_drc_routed.pb -rpx image_accel_system_wrapper_drc_routed.rpx
INFO: [IP_Flow 19-1839] IP Catalog is up to date.
INFO: [DRC 23-27] Running DRC with 8 threads
INFO: [Vivado_Tcl 2-168] The results of DRC are in file /home/ronny/tec/high-level-design-for-electronics/homework/homework-3/hls-gem5-rgb2gray/vivado/build/image_accel_kv260/image_accel_kv260.runs/impl_1/image_accel_system_wrapper_drc_routed.rpt.
report_drc completed successfully
INFO: [Vivado 12-24828] Executing command : report_methodology -file image_accel_system_wrapper_methodology_drc_routed.rpt -pb image_accel_system_wrapper_methodology_drc_routed.pb -rpx image_accel_system_wrapper_methodology_drc_routed.rpx
Command: report_methodology -file image_accel_system_wrapper_methodology_drc_routed.rpt -pb image_accel_system_wrapper_methodology_drc_routed.pb -rpx image_accel_system_wrapper_methodology_drc_routed.rpx
INFO: [Timing 38-35] Done setting XDC timing constraints.
INFO: [DRC 23-133] Running Methodology with 8 threads
INFO: [Vivado_Tcl 2-1520] The results of Report Methodology are in file /home/ronny/tec/high-level-design-for-electronics/homework/homework-3/hls-gem5-rgb2gray/vivado/build/image_accel_kv260/image_accel_kv260.runs/impl_1/image_accel_system_wrapper_methodology_drc_routed.rpt.
report_methodology completed successfully
INFO: [Vivado 12-24828] Executing command : report_timing_summary -max_paths 10 -report_unconstrained -file image_accel_system_wrapper_timing_summary_routed.rpt -pb image_accel_system_wrapper_timing_summary_routed.pb -rpx image_accel_system_wrapper_timing_summary_routed.rpx -warn_on_violation 
INFO: [Timing 38-35] Done setting XDC timing constraints.
INFO: [Timing 38-91] UpdateTimingParams: Speed grade: -2LV, Temperature grade: C, Delay Type: min_max.
INFO: [Timing 38-191] Multithreading enabled for timing update using a maximum of 8 CPUs
INFO: [Vivado 12-24838] Running report commands "report_bus_skew, report_incremental_reuse, report_route_status" in parallel.
Running report generation with 3 threads.
INFO: [Vivado 12-24828] Executing command : report_incremental_reuse -file image_accel_system_wrapper_incremental_reuse_routed.rpt
INFO: [Vivado_Tcl 4-1062] Incremental flow is disabled. No incremental reuse Info to report.
INFO: [Vivado 12-24828] Executing command : report_bus_skew -warn_on_violation -file image_accel_system_wrapper_bus_skew_routed.rpt -pb image_accel_system_wrapper_bus_skew_routed.pb -rpx image_accel_system_wrapper_bus_skew_routed.rpx
INFO: [Timing 38-91] UpdateTimingParams: Speed grade: -2LV, Temperature grade: C, Delay Type: min_max.
INFO: [Timing 38-191] Multithreading enabled for timing update using a maximum of 8 CPUs
INFO: [Vivado 12-24828] Executing command : report_route_status -file image_accel_system_wrapper_route_status.rpt -pb image_accel_system_wrapper_route_status.pb
INFO: [Vivado 12-24828] Executing command : report_power -file image_accel_system_wrapper_power_routed.rpt -pb image_accel_system_wrapper_power_summary_routed.pb -rpx image_accel_system_wrapper_power_routed.rpx
Command: report_power -file image_accel_system_wrapper_power_routed.rpt -pb image_accel_system_wrapper_power_summary_routed.pb -rpx image_accel_system_wrapper_power_routed.rpx
Running Vector-less Activity Propagation...

Finished Running Vector-less Activity Propagation
136 Infos, 115 Warnings, 0 Critical Warnings and 0 Errors encountered.
report_power completed successfully
report_power: Time (s): cpu = 00:00:17 ; elapsed = 00:00:12 . Memory (MB): peak = 5310.512 ; gain = 0.000 ; free physical = 166 ; free virtual = 4601
INFO: [Vivado 12-24828] Executing command : report_clock_utilization -file image_accel_system_wrapper_clock_utilization_routed.rpt
WARNING: [Device 21-9320] Failed to find the Oracle tile group with name 'HSR_BOUNDARY_TOP'. This is required for Clock regions and Virtual grid.
WARNING: [Device 21-2174] Failed to initialize Virtual grid.
report_clock_utilization: Time (s): cpu = 00:00:12 ; elapsed = 00:00:12 . Memory (MB): peak = 5310.512 ; gain = 0.000 ; free physical = 235 ; free virtual = 4659
generate_parallel_reports: Time (s): cpu = 00:01:15 ; elapsed = 00:00:37 . Memory (MB): peak = 5310.512 ; gain = 56.027 ; free physical = 235 ; free virtual = 4659
INFO: [Timing 38-480] Writing timing data to binary archive.
Write ShapeDB Complete: Time (s): cpu = 00:00:00.43 ; elapsed = 00:00:00.1 . Memory (MB): peak = 5310.512 ; gain = 0.000 ; free physical = 225 ; free virtual = 4653
Wrote PlaceDB: Time (s): cpu = 00:00:04 ; elapsed = 00:00:02 . Memory (MB): peak = 5310.512 ; gain = 0.000 ; free physical = 175 ; free virtual = 4661
Wrote PulsedLatchDB: Time (s): cpu = 00:00:00 ; elapsed = 00:00:00 . Memory (MB): peak = 5310.512 ; gain = 0.000 ; free physical = 175 ; free virtual = 4661
Writing XDEF routing.
Writing XDEF routing logical nets.
Writing XDEF routing special nets.
Wrote RouteStorage: Time (s): cpu = 00:00:00.42 ; elapsed = 00:00:00.3 . Memory (MB): peak = 5310.512 ; gain = 0.000 ; free physical = 214 ; free virtual = 4654
Wrote Netlist Cache: Time (s): cpu = 00:00:00.02 ; elapsed = 00:00:00.02 . Memory (MB): peak = 5310.512 ; gain = 0.000 ; free physical = 214 ; free virtual = 4655
Wrote Device Cache: Time (s): cpu = 00:00:00.02 ; elapsed = 00:00:00.03 . Memory (MB): peak = 5310.512 ; gain = 0.000 ; free physical = 206 ; free virtual = 4652
Write Physdb Complete: Time (s): cpu = 00:00:05 ; elapsed = 00:00:02 . Memory (MB): peak = 5310.512 ; gain = 0.000 ; free physical = 206 ; free virtual = 4652
INFO: [Common 17-1381] The checkpoint '/home/ronny/tec/high-level-design-for-electronics/homework/homework-3/hls-gem5-rgb2gray/vivado/build/image_accel_kv260/image_accel_kv260.runs/impl_1/image_accel_system_wrapper_routed.dcp' has been generated.

WARNING::74 - Unsupported FPGA device name 'xck26-sfvc784-2LV-c'. Verify that the specified device is a valid customer supported device.
-p xck26-sfvc784-2LV-c
   ^

INFO: [Memdata 28-167] Found XPM memory block image_accel_system_i/smartconnect_mem/inst/s01_nodes/s01_w_node/inst/inst_mi_handler/gen_normal_area.inst_fifo_node_payld/gen_xpm_memory_fifo.inst_fifo/gen_mem_rep[0].inst_xpm_memory/xpm_memory_base_inst with a P_MEMORY_PRIMITIVE property set to distributed. A value of block is required. You will not be able to use the updatemem program to update the bitstream with new data for the image_accel_system_i/smartconnect_mem/inst/s01_nodes/s01_w_node/inst/inst_mi_handler/gen_normal_area.inst_fifo_node_payld/gen_xpm_memory_fifo.inst_fifo/gen_mem_rep[0].inst_xpm_memory/xpm_memory_base_inst block.
INFO: [Memdata 28-167] Found XPM memory block image_accel_system_i/smartconnect_mem/inst/s01_nodes/s01_w_node/inst/inst_mi_handler/gen_normal_area.gen_fifo_req.inst_fifo_req/gen_xpm_memory_fifo.inst_fifo/gen_mem_rep[0].inst_xpm_memory/xpm_memory_base_inst with a P_MEMORY_PRIMITIVE property set to distributed. A value of block is required. You will not be able to use the updatemem program to update the bitstream with new data for the image_accel_system_i/smartconnect_mem/inst/s01_nodes/s01_w_node/inst/inst_mi_handler/gen_normal_area.gen_fifo_req.inst_fifo_req/gen_xpm_memory_fifo.inst_fifo/gen_mem_rep[0].inst_xpm_memory/xpm_memory_base_inst block.
INFO: [Memdata 28-167] Found XPM memory block image_accel_system_i/smartconnect_mem/inst/s01_nodes/s01_aw_node/inst/inst_mi_handler/gen_normal_area.inst_fifo_node_payld/gen_xpm_memory_fifo.inst_fifo/gen_mem_rep[0].inst_xpm_memory/xpm_memory_base_inst with a P_MEMORY_PRIMITIVE property set to distributed. A value of block is required. You will not be able to use the updatemem program to update the bitstream with new data for the image_accel_system_i/smartconnect_mem/inst/s01_nodes/s01_aw_node/inst/inst_mi_handler/gen_normal_area.inst_fifo_node_payld/gen_xpm_memory_fifo.inst_fifo/gen_mem_rep[0].inst_xpm_memory/xpm_memory_base_inst block.
INFO: [Memdata 28-167] Found XPM memory block image_accel_system_i/smartconnect_mem/inst/s00_nodes/s00_r_node/inst/inst_mi_handler/gen_normal_area.inst_fifo_node_payld/gen_xpm_memory_fifo.inst_fifo/gen_mem_rep[0].inst_xpm_memory/xpm_memory_base_inst with a P_MEMORY_PRIMITIVE property set to distributed. A value of block is required. You will not be able to use the updatemem program to update the bitstream with new data for the image_accel_system_i/smartconnect_mem/inst/s00_nodes/s00_r_node/inst/inst_mi_handler/gen_normal_area.inst_fifo_node_payld/gen_xpm_memory_fifo.inst_fifo/gen_mem_rep[0].inst_xpm_memory/xpm_memory_base_inst block.
INFO: [Memdata 28-167] Found XPM memory block image_accel_system_i/smartconnect_mem/inst/s00_nodes/s00_ar_node/inst/inst_mi_handler/gen_normal_area.inst_fifo_node_payld/gen_xpm_memory_fifo.inst_fifo/gen_mem_rep[0].inst_xpm_memory/xpm_memory_base_inst with a P_MEMORY_PRIMITIVE property set to distributed. A value of block is required. You will not be able to use the updatemem program to update the bitstream with new data for the image_accel_system_i/smartconnect_mem/inst/s00_nodes/s00_ar_node/inst/inst_mi_handler/gen_normal_area.inst_fifo_node_payld/gen_xpm_memory_fifo.inst_fifo/gen_mem_rep[0].inst_xpm_memory/xpm_memory_base_inst block.
INFO: [Memdata 28-167] Found XPM memory block image_accel_system_i/smartconnect_mem/inst/m00_nodes/m00_w_node/inst/inst_si_handler/gen_si_handler.gen_request_fifos.gen_req_fifo[1].inst_req_fifo/gen_xpm_memory_fifo.inst_fifo/gen_mem_rep[0].inst_xpm_memory/xpm_memory_base_inst with a P_MEMORY_PRIMITIVE property set to distributed. A value of block is required. You will not be able to use the updatemem program to update the bitstream with new data for the image_accel_system_i/smartconnect_mem/inst/m00_nodes/m00_w_node/inst/inst_si_handler/gen_si_handler.gen_request_fifos.gen_req_fifo[1].inst_req_fifo/gen_xpm_memory_fifo.inst_fifo/gen_mem_rep[0].inst_xpm_memory/xpm_memory_base_inst block.
INFO: [Memdata 28-167] Found XPM memory block image_accel_system_i/smartconnect_mem/inst/m00_nodes/m00_w_node/inst/inst_mi_handler/gen_normal_area.inst_fifo_node_payld/gen_xpm_memory_fifo.inst_fifo/gen_mem_rep[0].inst_xpm_memory/xpm_memory_base_inst with a P_MEMORY_PRIMITIVE property set to distributed. A value of block is required. You will not be able to use the updatemem program to update the bitstream with new data for the image_accel_system_i/smartconnect_mem/inst/m00_nodes/m00_w_node/inst/inst_mi_handler/gen_normal_area.inst_fifo_node_payld/gen_xpm_memory_fifo.inst_fifo/gen_mem_rep[0].inst_xpm_memory/xpm_memory_base_inst block.
INFO: [Memdata 28-167] Found XPM memory block image_accel_system_i/smartconnect_mem/inst/m00_nodes/m00_r_node/inst/inst_mi_handler/gen_normal_area.inst_fifo_node_payld/gen_xpm_memory_fifo.inst_fifo/gen_mem_rep[0].inst_xpm_memory/xpm_memory_base_inst with a P_MEMORY_PRIMITIVE property set to distributed. A value of block is required. You will not be able to use the updatemem program to update the bitstream with new data for the image_accel_system_i/smartconnect_mem/inst/m00_nodes/m00_r_node/inst/inst_mi_handler/gen_normal_area.inst_fifo_node_payld/gen_xpm_memory_fifo.inst_fifo/gen_mem_rep[0].inst_xpm_memory/xpm_memory_base_inst block.
INFO: [Memdata 28-167] Found XPM memory block image_accel_system_i/smartconnect_mem/inst/m00_nodes/m00_r_node/inst/inst_mi_handler/gen_normal_area.gen_fifo_req.inst_fifo_req/gen_xpm_memory_fifo.inst_fifo/gen_mem_rep[0].inst_xpm_memory/xpm_memory_base_inst with a P_MEMORY_PRIMITIVE property set to distributed. A value of block is required. You will not be able to use the updatemem program to update the bitstream with new data for the image_accel_system_i/smartconnect_mem/inst/m00_nodes/m00_r_node/inst/inst_mi_handler/gen_normal_area.gen_fifo_req.inst_fifo_req/gen_xpm_memory_fifo.inst_fifo/gen_mem_rep[0].inst_xpm_memory/xpm_memory_base_inst block.
INFO: [Memdata 28-167] Found XPM memory block image_accel_system_i/smartconnect_mem/inst/m00_nodes/m00_b_node/inst/inst_mi_handler/gen_normal_area.gen_fifo_req.inst_fifo_req/gen_xpm_memory_fifo.inst_fifo/gen_mem_rep[0].inst_xpm_memory/xpm_memory_base_inst with a P_MEMORY_PRIMITIVE property set to distributed. A value of block is required. You will not be able to use the updatemem program to update the bitstream with new data for the image_accel_system_i/smartconnect_mem/inst/m00_nodes/m00_b_node/inst/inst_mi_handler/gen_normal_area.gen_fifo_req.inst_fifo_req/gen_xpm_memory_fifo.inst_fifo/gen_mem_rep[0].inst_xpm_memory/xpm_memory_base_inst block.
INFO: [Memdata 28-167] Found XPM memory block image_accel_system_i/smartconnect_mem/inst/m00_nodes/m00_aw_node/inst/inst_mi_handler/gen_normal_area.inst_fifo_node_payld/gen_xpm_memory_fifo.inst_fifo/gen_mem_rep[0].inst_xpm_memory/xpm_memory_base_inst with a P_MEMORY_PRIMITIVE property set to distributed. A value of block is required. You will not be able to use the updatemem program to update the bitstream with new data for the image_accel_system_i/smartconnect_mem/inst/m00_nodes/m00_aw_node/inst/inst_mi_handler/gen_normal_area.inst_fifo_node_payld/gen_xpm_memory_fifo.inst_fifo/gen_mem_rep[0].inst_xpm_memory/xpm_memory_base_inst block.
INFO: [Memdata 28-167] Found XPM memory block image_accel_system_i/smartconnect_mem/inst/m00_nodes/m00_ar_node/inst/inst_mi_handler/gen_normal_area.inst_fifo_node_payld/gen_xpm_memory_fifo.inst_fifo/gen_mem_rep[0].inst_xpm_memory/xpm_memory_base_inst with a P_MEMORY_PRIMITIVE property set to distributed. A value of block is required. You will not be able to use the updatemem program to update the bitstream with new data for the image_accel_system_i/smartconnect_mem/inst/m00_nodes/m00_ar_node/inst/inst_mi_handler/gen_normal_area.inst_fifo_node_payld/gen_xpm_memory_fifo.inst_fifo/gen_mem_rep[0].inst_xpm_memory/xpm_memory_base_inst block.
Command: write_bitstream -force image_accel_system_wrapper.bit
Attempting to get a license for feature 'Implementation' and/or device 'xck26'
INFO: [Common 17-349] Got license for feature 'Implementation' and/or device 'xck26'
Running DRC as a precondition to command write_bitstream
INFO: [IP_Flow 19-1839] IP Catalog is up to date.
INFO: [DRC 23-27] Running DRC with 8 threads
WARNING: [DRC DPIP-2] Input pipelining: DSP image_accel_system_i/image_accel_0/inst/p_anonymous_namespace_rgb_to_gray_U0/grp_p_anonymous_namespace_rgb_to_gray_Pipeline_process_loop_fu_50/mac_muladd_8ns_8ns_15ns_16_4_1_U14/image_accel_mac_muladd_8ns_8ns_15ns_16_4_1_DSP48_0_U/p_reg_reg input image_accel_system_i/image_accel_0/inst/p_anonymous_namespace_rgb_to_gray_U0/grp_p_anonymous_namespace_rgb_to_gray_Pipeline_process_loop_fu_50/mac_muladd_8ns_8ns_15ns_16_4_1_U14/image_accel_mac_muladd_8ns_8ns_15ns_16_4_1_DSP48_0_U/p_reg_reg/C[47:0] is not pipelined. Pipelining DSP48 input will improve performance.
WARNING: [DRC DPOP-4] MREG Output pipelining: DSP image_accel_system_i/image_accel_0/inst/p_anonymous_namespace_rgb_to_gray_U0/grp_p_anonymous_namespace_rgb_to_gray_Pipeline_process_loop_fu_50/mac_muladd_8ns_5ns_15ns_15_4_1_U13/image_accel_mac_muladd_8ns_5ns_15ns_15_4_1_DSP48_0_U/p_reg_reg multiplier stage image_accel_system_i/image_accel_0/inst/p_anonymous_namespace_rgb_to_gray_U0/grp_p_anonymous_namespace_rgb_to_gray_Pipeline_process_loop_fu_50/mac_muladd_8ns_5ns_15ns_15_4_1_U13/image_accel_mac_muladd_8ns_5ns_15ns_15_4_1_DSP48_0_U/p_reg_reg/P[47:0] is not pipelined (MREG=0). Pipelining the multiplier function will improve performance and will save significant power so it is suggested whenever possible to fully pipeline this function.  If this multiplier was inferred, it is suggested to describe an additional register stage after this function.  If there is no registered adder/accumulator following the multiply function, two pipeline stages are suggested to allow both the MREG and PREG registers to be used.  If the DSP48 was instantiated in the design, it is suggested to set both the MREG and PREG attributes to 1 when performing multiply functions.
INFO: [Vivado 12-3199] DRC finished with 0 Errors, 2 Warnings
INFO: [Vivado 12-3200] Please refer to the DRC report (report_drc) for more information.
INFO: [Designutils 20-2272] Running write_bitstream with 8 threads.
Loading data files...
Loading site data...
Loading route data...
Processing options...
Creating bitmap...
Creating bitstream...
Writing bitstream ./image_accel_system_wrapper.bit...
INFO: [Vivado 12-1842] Bitgen Completed Successfully.
INFO: [Project 1-1876] WebTalk data collection is mandatory when using a ULT device. To see the specific WebTalk data collected for your design, open the usage_statistics_webtalk.html or usage_statistics_webtalk.xml file in the implementation directory.
CRITICAL WARNING: [Common 17-570] Unable to write the webtalk settings file.  Please check that the appropriate environment variable (APPDATA or HOME) is properly set.
CRITICAL WARNING: [Common 17-570] Unable to write the webtalk settings file.  Please check that the appropriate environment variable (APPDATA or HOME) is properly set.
INFO: [Common 17-83] Releasing license: Implementation
160 Infos, 119 Warnings, 2 Critical Warnings and 0 Errors encountered.
write_bitstream completed successfully
write_bitstream: Time (s): cpu = 00:00:34 ; elapsed = 00:00:16 . Memory (MB): peak = 5310.512 ; gain = 0.000 ; free physical = 218 ; free virtual = 4593
INFO: [Common 17-206] Exiting Vivado at Sun Jul 12 21:37:26 2026...
[Sun Jul 12 21:37:32 2026] impl_1 finished
wait_on_runs: Time (s): cpu = 00:00:02 ; elapsed = 00:05:27 . Memory (MB): peak = 2000.770 ; gain = 0.000 ; free physical = 3848 ; free virtual = 8419
# require_run_complete impl_1
# if {![file exists $bit_path]} {
#     puts stderr "ERROR: expected bitstream not found: $bit_path"
#     exit 1
# }
# write_hw_platform -force -fixed -include_bit -file $xsa_path
INFO: [Project 1-1918] Creating Hardware Platform: /home/ronny/tec/high-level-design-for-electronics/homework/homework-3/hls-gem5-rgb2gray/vivado/export/image_accel_kv260_bitstream.xsa ...
INFO: [Project 1-1943] The Hardware Platform can be used for Hardware
INFO: [Project 1-1941] Successfully created Hardware Platform: /home/ronny/tec/high-level-design-for-electronics/homework/homework-3/hls-gem5-rgb2gray/vivado/export/image_accel_kv260_bitstream.xsa
INFO: [Hsi 55-2053] elapsed time for repository (/tools/Xilinx/Vivado/2024.1/data/embeddedsw) loading 0 seconds
write_hw_platform: Time (s): cpu = 00:00:08 ; elapsed = 00:00:09 . Memory (MB): peak = 2009.520 ; gain = 8.750 ; free physical = 3703 ; free virtual = 8351
# puts "Bitstream: $bit_path"
Bitstream: /home/ronny/tec/high-level-design-for-electronics/homework/homework-3/hls-gem5-rgb2gray/vivado/build/image_accel_kv260/image_accel_kv260.runs/impl_1/image_accel_system_wrapper.bit
# puts "Exported bitstream-backed XSA: $xsa_path"
Exported bitstream-backed XSA: /home/ronny/tec/high-level-design-for-electronics/homework/homework-3/hls-gem5-rgb2gray/vivado/export/image_accel_kv260_bitstream.xsa
INFO: [Common 17-206] Exiting Vivado at Sun Jul 12 21:37:41 2026...
