parallelismSelector::VERBO: Summary of inputs: 
parallelismSelector::VERBO: Output directory: "/home/ronny/tec/high-level-design-for-electronics/homework/homework-3/hls-gem5-rgb2gray/hls/image_accel/image_accel/hls/csim/code_analyzer/output"
parallelismSelector::VERBO: spec:0:0: info: Will use basepath at location /home/ronny/tec/high-level-design-for-electronics/homework/homework-3/hls-gem5-rgb2gray/hls/image_accel
parallelismSelector::VERBO: FPGA clock frequency is set to 250 MHz
parallelismSelector::VERBO: Will use user-driven complete partitioning settings
parallelismSelector::VERBO: Arrays with less than or equal to 4 elements that appear in the codegen directives will be completely partitioned
parallelismSelector::VERBO: spec:0:0: info: Will use IR Module file at location /home/ronny/tec/high-level-design-for-electronics/homework/homework-3/hls-gem5-rgb2gray/hls/image_accel/image_accel/hls/csim/code_analyzer/.internal/instrument/app_0/project.symbols.bc
parallelismSelector::VERBO: FPGA frequency: 250000000 Hz
parallelismSelector::VERBO: Using FPGA frequency for HLS estimations: 300000000 Hz
parallelismSelector::VERBO: [Model Builder] Extracting logic model object from: /tools/Xilinx/Vitis_HLS/2024.1/vcxx/data/platform/logic/zynquplus.logic
parallelismSelector::VERBO: Using Program Model file: /home/ronny/tec/high-level-design-for-electronics/homework/homework-3/hls-gem5-rgb2gray/hls/image_accel/image_accel/hls/csim/code_analyzer/output/reduced_programmodel.app
parallelismSelector::VERBO: Device characteristics: Area -- (LUTs: 117120, FFs: 234240, DSPs: 1248, BRAMs: 288, URAMs: 64)
parallelismSelector::VERBO: Maximum area for the hardware functions: AreaConstraint -- (LUTs: 117120, FFs: 234240, DSPs: 1248, BRAMs: 288, URAMs: 64)
parallelismSelector::VERBO: Code Analyzer Id: 1
parallelismSelector::VERBO: Dataflow Hardware Function: image_accel
parallelismSelector::VERBO: Adding outline as primary transformation
parallelismSelector::VERBO: RecipeFile: "/home/ronny/tec/high-level-design-for-electronics/homework/homework-3/hls-gem5-rgb2gray/hls/image_accel/image_accel/hls/csim/code_analyzer/.internal/dataflow/1/recipe.json"
parallelismSelector::VERBO: Applying transformation: (region_outline)
parallelismSelector::VERBO: Applying transformation: (outline)
parallelismSelector::VERBO: Cannot find VarId of parameter agg.result of _ZN12_GLOBAL__N_118grayscale_from_rgbERK17image_accel_rgb_t
parallelismSelector::VERBO: Cannot find VarId of parameter agg.result of _ZN12_GLOBAL__N_118grayscale_from_rgbERK17image_accel_rgb_t
parallelismSelector::VERBO: Cannot find VarId of parameter agg.result of _ZN12_GLOBAL__N_118grayscale_from_rgbERK17image_accel_rgb_t
parallelismSelector::VERBO: Alias Equivalence: (Var <- { Pointees })
                              39 <- {39}
                              40 <- {40}
                              41 <- {41}
                              48 <- {39, 86}
                              49 <- {42, 87}
                              58 <- {42, 89}
                              59 <- {43, 90}
                              65 <- {40, 92}
                              66 <- {43, 93}
                              79 <- {62}
                              84 <- {42}
                              85 <- {43}
                              86 <- {39}
                              87 <- {42}
                              89 <- {42}
                              90 <- {43}
                              92 <- {40}
                              93 <- {43}
                            
parallelismSelector::VERBO: Cannot find VarId of parameter agg.result of _ZN12_GLOBAL__N_118grayscale_from_rgbERK17image_accel_rgb_t
parallelismSelector::VERBO: Variable Infos:
parallelismSelector::VERBO:     'unnamed' unknown source VariableId 35
                                  ElementBitsize=256
                                  IsHlsStream=no
                                  FunctionId= 230
                                  IsArray=no
                                  IsValidArray=no
                                  IsArgument=no
                                  Elements=[ ]
                                  HlsStream=--
                                  HasInsertionLoc=no
                                  IsFromSystemFunction=no
parallelismSelector::VERBO:     'unnamed' unknown source VariableId 36
                                  ElementBitsize=8
                                  IsHlsStream=no
                                  FunctionId= 230
                                  IsArray=no
                                  IsValidArray=no
                                  IsArgument=no
                                  Elements=[ ]
                                  HlsStream=--
                                  HasInsertionLoc=no
                                  IsFromSystemFunction=no
parallelismSelector::VERBO:     'unnamed' unknown source VariableId 37
                                  ElementBitsize=256
                                  IsHlsStream=no
                                  FunctionId= 230
                                  IsArray=no
                                  IsValidArray=no
                                  IsArgument=no
                                  Elements=[ ]
                                  HlsStream=--
                                  HasInsertionLoc=no
                                  IsFromSystemFunction=no
parallelismSelector::VERBO:     'unnamed' unknown source VariableId 38
                                  ElementBitsize=8
                                  IsHlsStream=no
                                  FunctionId= 230
                                  IsArray=no
                                  IsValidArray=no
                                  IsArgument=no
                                  Elements=[ ]
                                  HlsStream=--
                                  HasInsertionLoc=no
                                  IsFromSystemFunction=no
parallelismSelector::VERBO:     'input_rgb' /home/ronny/tec/high-level-design-for-electronics/homework/homework-3/hls-gem5-rgb2gray/hls/image_accel/../src/image_accel.cpp:81:0 VariableId 39
                                  ElementBitsize=8
                                  IsHlsStream=no
                                  FunctionId= 220
                                  IsArray=no
                                  IsValidArray=no
                                  IsArgument=yes
                                  Elements=[-- ]
                                  HlsStream=--
                                  HasInsertionLoc=yes
                                  IsFromSystemFunction=no
parallelismSelector::VERBO:     'output_gray' /home/ronny/tec/high-level-design-for-electronics/homework/homework-3/hls-gem5-rgb2gray/hls/image_accel/../src/image_accel.cpp:82:0 VariableId 40
                                  ElementBitsize=8
                                  IsHlsStream=no
                                  FunctionId= 220
                                  IsArray=no
                                  IsValidArray=no
                                  IsArgument=yes
                                  Elements=[-- ]
                                  HlsStream=--
                                  HasInsertionLoc=yes
                                  IsFromSystemFunction=no
parallelismSelector::VERBO:     'num_pixels' /home/ronny/tec/high-level-design-for-electronics/homework/homework-3/hls-gem5-rgb2gray/hls/image_accel/../src/image_accel.cpp:83:0 VariableId 41
                                  ElementBitsize=32
                                  IsHlsStream=no
                                  FunctionId= 220
                                  IsArray=no
                                  IsValidArray=no
                                  IsArgument=yes
                                  Elements=[ ]
                                  HlsStream=--
                                  HasInsertionLoc=yes
                                  IsFromSystemFunction=no
parallelismSelector::VERBO:     'rgb_stream' /home/ronny/tec/high-level-design-for-electronics/homework/homework-3/hls-gem5-rgb2gray/hls/image_accel/../src/image_accel.cpp:103:0 VariableId 42
                                  ElementBitsize=64
                                  IsHlsStream=yes
                                  FunctionId= 220
                                  IsArray=no
                                  IsValidArray=no
                                  IsArgument=no
                                  Elements=[ ]
                                  HlsStream= { Depth: 2, BitWidth: 24, NumElems: 1}
                                  HasInsertionLoc=yes
                                  IsFromSystemFunction=no
parallelismSelector::VERBO:     'gray_stream' /home/ronny/tec/high-level-design-for-electronics/homework/homework-3/hls-gem5-rgb2gray/hls/image_accel/../src/image_accel.cpp:104:0 VariableId 43
                                  ElementBitsize=64
                                  IsHlsStream=yes
                                  FunctionId= 220
                                  IsArray=no
                                  IsValidArray=no
                                  IsArgument=no
                                  Elements=[ ]
                                  HlsStream= { Depth: 2, BitWidth: 8, NumElems: 1}
                                  HasInsertionLoc=yes
                                  IsFromSystemFunction=no
parallelismSelector::VERBO:     'input_rgb' /home/ronny/tec/high-level-design-for-electronics/homework/homework-3/hls-gem5-rgb2gray/hls/image_accel/../src/image_accel.cpp:12:0 VariableId 48
                                  ElementBitsize=8
                                  IsHlsStream=no
                                  FunctionId= 225
                                  IsArray=no
                                  IsValidArray=no
                                  IsArgument=yes
                                  Elements=[-- ]
                                  HlsStream=--
                                  HasInsertionLoc=yes
                                  IsFromSystemFunction=no
parallelismSelector::VERBO:     'rgb_stream' /home/ronny/tec/high-level-design-for-electronics/homework/homework-3/hls-gem5-rgb2gray/hls/image_accel/../src/image_accel.cpp:13:0 VariableId 49
                                  ElementBitsize=64
                                  IsHlsStream=yes
                                  FunctionId= 225
                                  IsArray=no
                                  IsValidArray=no
                                  IsArgument=yes
                                  Elements=[-- ]
                                  HlsStream= { Depth: 2, BitWidth: 24, NumElems: 1}
                                  HasInsertionLoc=yes
                                  IsFromSystemFunction=no
parallelismSelector::VERBO:     'num_pixels' /home/ronny/tec/high-level-design-for-electronics/homework/homework-3/hls-gem5-rgb2gray/hls/image_accel/../src/image_accel.cpp:14:0 VariableId 50
                                  ElementBitsize=32
                                  IsHlsStream=no
                                  FunctionId= 225
                                  IsArray=no
                                  IsValidArray=no
                                  IsArgument=yes
                                  Elements=[ ]
                                  HlsStream=--
                                  HasInsertionLoc=yes
                                  IsFromSystemFunction=no
parallelismSelector::VERBO:     'unnamed' unknown source VariableId 57
                                  ElementBitsize=8
                                  IsHlsStream=no
                                  FunctionId= 226
                                  IsArray=no
                                  IsValidArray=no
                                  IsArgument=no
                                  Elements=[ ]
                                  HlsStream=--
                                  HasInsertionLoc=no
                                  IsFromSystemFunction=no
parallelismSelector::VERBO:     'rgb_stream' /home/ronny/tec/high-level-design-for-electronics/homework/homework-3/hls-gem5-rgb2gray/hls/image_accel/../src/image_accel.cpp:48:0 VariableId 58
                                  ElementBitsize=64
                                  IsHlsStream=yes
                                  FunctionId= 226
                                  IsArray=no
                                  IsValidArray=no
                                  IsArgument=yes
                                  Elements=[-- ]
                                  HlsStream= { Depth: 2, BitWidth: 24, NumElems: 1}
                                  HasInsertionLoc=yes
                                  IsFromSystemFunction=no
parallelismSelector::VERBO:     'gray_stream' /home/ronny/tec/high-level-design-for-electronics/homework/homework-3/hls-gem5-rgb2gray/hls/image_accel/../src/image_accel.cpp:49:0 VariableId 59
                                  ElementBitsize=64
                                  IsHlsStream=yes
                                  FunctionId= 226
                                  IsArray=no
                                  IsValidArray=no
                                  IsArgument=yes
                                  Elements=[-- ]
                                  HlsStream= { Depth: 2, BitWidth: 8, NumElems: 1}
                                  HasInsertionLoc=yes
                                  IsFromSystemFunction=no
parallelismSelector::VERBO:     'num_pixels' /home/ronny/tec/high-level-design-for-electronics/homework/homework-3/hls-gem5-rgb2gray/hls/image_accel/../src/image_accel.cpp:50:0 VariableId 60
                                  ElementBitsize=32
                                  IsHlsStream=no
                                  FunctionId= 226
                                  IsArray=no
                                  IsValidArray=no
                                  IsArgument=yes
                                  Elements=[ ]
                                  HlsStream=--
                                  HasInsertionLoc=yes
                                  IsFromSystemFunction=no
parallelismSelector::VERBO:     'pixel' /home/ronny/tec/high-level-design-for-electronics/homework/homework-3/hls-gem5-rgb2gray/hls/image_accel/../src/image_accel.cpp:57:0 VariableId 62
                                  ElementBitsize=24
                                  IsHlsStream=no
                                  FunctionId= 226
                                  IsArray=no
                                  IsValidArray=no
                                  IsArgument=no
                                  Elements=[ ]
                                  HlsStream=--
                                  HasInsertionLoc=yes
                                  IsFromSystemFunction=no
parallelismSelector::VERBO:     'output_gray' /home/ronny/tec/high-level-design-for-electronics/homework/homework-3/hls-gem5-rgb2gray/hls/image_accel/../src/image_accel.cpp:64:0 VariableId 65
                                  ElementBitsize=8
                                  IsHlsStream=no
                                  FunctionId= 227
                                  IsArray=no
                                  IsValidArray=no
                                  IsArgument=yes
                                  Elements=[-- ]
                                  HlsStream=--
                                  HasInsertionLoc=yes
                                  IsFromSystemFunction=no
parallelismSelector::VERBO:     'gray_stream' /home/ronny/tec/high-level-design-for-electronics/homework/homework-3/hls-gem5-rgb2gray/hls/image_accel/../src/image_accel.cpp:65:0 VariableId 66
                                  ElementBitsize=64
                                  IsHlsStream=yes
                                  FunctionId= 227
                                  IsArray=no
                                  IsValidArray=no
                                  IsArgument=yes
                                  Elements=[-- ]
                                  HlsStream= { Depth: 2, BitWidth: 8, NumElems: 1}
                                  HasInsertionLoc=yes
                                  IsFromSystemFunction=no
parallelismSelector::VERBO:     'num_pixels' /home/ronny/tec/high-level-design-for-electronics/homework/homework-3/hls-gem5-rgb2gray/hls/image_accel/../src/image_accel.cpp:66:0 VariableId 67
                                  ElementBitsize=32
                                  IsHlsStream=no
                                  FunctionId= 227
                                  IsArray=no
                                  IsValidArray=no
                                  IsArgument=yes
                                  Elements=[ ]
                                  HlsStream=--
                                  HasInsertionLoc=yes
                                  IsFromSystemFunction=no
parallelismSelector::VERBO:     'pixel' /home/ronny/tec/high-level-design-for-electronics/homework/homework-3/hls-gem5-rgb2gray/hls/image_accel/../src/image_accel.cpp:35:0 VariableId 79
                                  ElementBitsize=24
                                  IsHlsStream=no
                                  FunctionId= 229
                                  IsArray=no
                                  IsValidArray=no
                                  IsArgument=yes
                                  Elements=[-- ]
                                  HlsStream=--
                                  HasInsertionLoc=yes
                                  IsFromSystemFunction=no
parallelismSelector::VERBO:     'rgb_stream' /home/ronny/tec/high-level-design-for-electronics/homework/homework-3/hls-gem5-rgb2gray/hls/image_accel/../src/image_accel.cpp:103:0 VariableId 84
                                  ElementBitsize=64
                                  IsHlsStream=yes
                                  FunctionId= 230
                                  IsArray=no
                                  IsValidArray=no
                                  IsArgument=yes
                                  Elements=[-- ]
                                  HlsStream= { Depth: 2, BitWidth: 24, NumElems: 1}
                                  HasInsertionLoc=yes
                                  IsFromSystemFunction=no
parallelismSelector::VERBO:     'gray_stream' /home/ronny/tec/high-level-design-for-electronics/homework/homework-3/hls-gem5-rgb2gray/hls/image_accel/../src/image_accel.cpp:104:0 VariableId 85
                                  ElementBitsize=64
                                  IsHlsStream=yes
                                  FunctionId= 230
                                  IsArray=no
                                  IsValidArray=no
                                  IsArgument=yes
                                  Elements=[-- ]
                                  HlsStream= { Depth: 2, BitWidth: 8, NumElems: 1}
                                  HasInsertionLoc=yes
                                  IsFromSystemFunction=no
parallelismSelector::VERBO:     'input_rgb' /home/ronny/tec/high-level-design-for-electronics/homework/homework-3/hls-gem5-rgb2gray/hls/image_accel/../src/image_accel.cpp:81:0 VariableId 86
                                  ElementBitsize=8
                                  IsHlsStream=no
                                  FunctionId= 231
                                  IsArray=no
                                  IsValidArray=no
                                  IsArgument=yes
                                  Elements=[-- ]
                                  HlsStream=--
                                  HasInsertionLoc=yes
                                  IsFromSystemFunction=no
parallelismSelector::VERBO:     'rgb_stream' /home/ronny/tec/high-level-design-for-electronics/homework/homework-3/hls-gem5-rgb2gray/hls/image_accel/../src/image_accel.cpp:103:0 VariableId 87
                                  ElementBitsize=64
                                  IsHlsStream=yes
                                  FunctionId= 231
                                  IsArray=no
                                  IsValidArray=no
                                  IsArgument=yes
                                  Elements=[-- ]
                                  HlsStream= { Depth: 2, BitWidth: 24, NumElems: 1}
                                  HasInsertionLoc=yes
                                  IsFromSystemFunction=no
parallelismSelector::VERBO:     'num_pixels' /home/ronny/tec/high-level-design-for-electronics/homework/homework-3/hls-gem5-rgb2gray/hls/image_accel/../src/image_accel.cpp:83:0 VariableId 88
                                  ElementBitsize=32
                                  IsHlsStream=no
                                  FunctionId= 231
                                  IsArray=no
                                  IsValidArray=no
                                  IsArgument=yes
                                  Elements=[ ]
                                  HlsStream=--
                                  HasInsertionLoc=yes
                                  IsFromSystemFunction=no
parallelismSelector::VERBO:     'rgb_stream' /home/ronny/tec/high-level-design-for-electronics/homework/homework-3/hls-gem5-rgb2gray/hls/image_accel/../src/image_accel.cpp:103:0 VariableId 89
                                  ElementBitsize=64
                                  IsHlsStream=yes
                                  FunctionId= 232
                                  IsArray=no
                                  IsValidArray=no
                                  IsArgument=yes
                                  Elements=[-- ]
                                  HlsStream= { Depth: 2, BitWidth: 24, NumElems: 1}
                                  HasInsertionLoc=yes
                                  IsFromSystemFunction=no
parallelismSelector::VERBO:     'gray_stream' /home/ronny/tec/high-level-design-for-electronics/homework/homework-3/hls-gem5-rgb2gray/hls/image_accel/../src/image_accel.cpp:104:0 VariableId 90
                                  ElementBitsize=64
                                  IsHlsStream=yes
                                  FunctionId= 232
                                  IsArray=no
                                  IsValidArray=no
                                  IsArgument=yes
                                  Elements=[-- ]
                                  HlsStream= { Depth: 2, BitWidth: 8, NumElems: 1}
                                  HasInsertionLoc=yes
                                  IsFromSystemFunction=no
parallelismSelector::VERBO:     'num_pixels' /home/ronny/tec/high-level-design-for-electronics/homework/homework-3/hls-gem5-rgb2gray/hls/image_accel/../src/image_accel.cpp:83:0 VariableId 91
                                  ElementBitsize=32
                                  IsHlsStream=no
                                  FunctionId= 232
                                  IsArray=no
                                  IsValidArray=no
                                  IsArgument=yes
                                  Elements=[ ]
                                  HlsStream=--
                                  HasInsertionLoc=yes
                                  IsFromSystemFunction=no
parallelismSelector::VERBO:     'output_gray' /home/ronny/tec/high-level-design-for-electronics/homework/homework-3/hls-gem5-rgb2gray/hls/image_accel/../src/image_accel.cpp:82:0 VariableId 92
                                  ElementBitsize=8
                                  IsHlsStream=no
                                  FunctionId= 233
                                  IsArray=no
                                  IsValidArray=no
                                  IsArgument=yes
                                  Elements=[-- ]
                                  HlsStream=--
                                  HasInsertionLoc=yes
                                  IsFromSystemFunction=no
parallelismSelector::VERBO:     'gray_stream' /home/ronny/tec/high-level-design-for-electronics/homework/homework-3/hls-gem5-rgb2gray/hls/image_accel/../src/image_accel.cpp:104:0 VariableId 93
                                  ElementBitsize=64
                                  IsHlsStream=yes
                                  FunctionId= 233
                                  IsArray=no
                                  IsValidArray=no
                                  IsArgument=yes
                                  Elements=[-- ]
                                  HlsStream= { Depth: 2, BitWidth: 8, NumElems: 1}
                                  HasInsertionLoc=yes
                                  IsFromSystemFunction=no
parallelismSelector::VERBO:     'num_pixels' /home/ronny/tec/high-level-design-for-electronics/homework/homework-3/hls-gem5-rgb2gray/hls/image_accel/../src/image_accel.cpp:83:0 VariableId 94
                                  ElementBitsize=32
                                  IsHlsStream=no
                                  FunctionId= 233
                                  IsArray=no
                                  IsValidArray=no
                                  IsArgument=yes
                                  Elements=[ ]
                                  HlsStream=--
                                  HasInsertionLoc=yes
                                  IsFromSystemFunction=no
parallelismSelector::VERBO: Variable ID '111' is missing a corresponding variable info. Preferring variable ID '57' as a better representative instead.
parallelismSelector::VERBO: Equivalence table
                             Object with value: 42 is mapped to the object with value: 42
                             Object with value: 43 is mapped to the object with value: 43
                             Object with value: 49 is mapped to the object with value: 42
                             Object with value: 58 is mapped to the object with value: 42
                             Object with value: 59 is mapped to the object with value: 43
                             Object with value: 66 is mapped to the object with value: 43
                             Object with value: 79 is mapped to the object with value: 62
                             Object with value: 84 is mapped to the object with value: 42
                             Object with value: 85 is mapped to the object with value: 43
                             Object with value: 87 is mapped to the object with value: 42
                             Object with value: 89 is mapped to the object with value: 42
                             Object with value: 90 is mapped to the object with value: 43
                             Object with value: 93 is mapped to the object with value: 43
                             Object with value: 111 is mapped to the object with value: 57
                            
parallelismSelector::VERBO: Creating MAs for _GLOBAL__sub_I_image_accel_tb.cpp
parallelismSelector::VERBO: Creating MAs for __cxx_global_var_init
parallelismSelector::VERBO: Creating MAs for _GLOBAL__sub_I_image_accel.cpp
parallelismSelector::VERBO: Creating MAs for __cxx_global_var_init.2
parallelismSelector::VERBO: Creating MAs for _GLOBAL__sub_I_image_accel.cpp.5
parallelismSelector::VERBO: Creating MAs for __cxx_global_var_init.6
parallelismSelector::VERBO: Creating MAs for image_accel
parallelismSelector::VERBO: Creating MAs for _ZN12_GLOBAL__N_110read_inputEPVKhRN3hls6streamI17image_accel_rgb_tLi0EEEj
parallelismSelector::VERBO:     HMA (VariableId 48)  %i6 = load volatile i8, i8* %arrayidx, align 1, !dbg !2981, !tbaa !2983 Scev: ((zext i32 {0,+,3}<%for.body> to i64) + %input_rgb)<nuw>: IndexFunction: 0 3
parallelismSelector::VERBO:     HMA (VariableId 48)  %i10 = load volatile i8, i8* %arrayidx3, align 1, !dbg !2994, !tbaa !2983 Scev: ((zext i32 {1,+,3}<%for.body> to i64) + %input_rgb)<nuw>: IndexFunction: 1 3
parallelismSelector::VERBO:     HMA (VariableId 48)  %i14 = load volatile i8, i8* %arrayidx7, align 1, !dbg !3003, !tbaa !2983 Scev: ((zext i32 {2,+,3}<%for.body> to i64) + %input_rgb)<nuw>: IndexFunction: 2 3
parallelismSelector::VERBO: Creating MAs for _ZN12_GLOBAL__N_111rgb_to_grayERN3hls6streamI17image_accel_rgb_tLi0EEERNS1_I7ap_uintILi8EELi0EEEj
parallelismSelector::VERBO: Creating MAs for _ZN12_GLOBAL__N_112write_outputEPVhRN3hls6streamI7ap_uintILi8EELi0EEEj
parallelismSelector::VERBO:     HMA (VariableId 65)  store volatile i8 %i2, i8* %arrayidx, align 1, !dbg !2975, !tbaa !2977 Scev: {%output_gray,+,1}<nw><%for.body>: IndexFunction: 0 1
parallelismSelector::VERBO: Creating MAs for _ZN12_GLOBAL__N_118grayscale_from_rgbERK17image_accel_rgb_t
parallelismSelector::VERBO: Creating MAs for Outline_T3_F220_R2_Atomic
parallelismSelector::VERBO: Creating MAs for Outline_T4_F220_R3_Call
parallelismSelector::VERBO: Creating MAs for Outline_T5_F220_R4_Call
parallelismSelector::VERBO: Creating MAs for Outline_T6_F220_R5_Call
parallelismSelector::VERBO: Nesting structure:
                            +- Loop with id 5, Label=read_loop, HasPerfectlyNestedSubLoop=0, HasComputableTotalTC=1, TripCount=--, StaticTripCountUpperBound=--, MaxDynamicTripCount= 1024, MinDynamicTripCount= 8, IsCompilerGenerated=0, HasInsertionLoc=1, HasUserInputPragma=0, hasRAW=0, Loc=/home/ronny/tec/high-level-design-for-electronics/homework/homework-3/hls-gem5-rgb2gray/hls/image_accel/../src/image_accel.cpp:18:5, Vars=42,48,
                            +- Loop with id 6, Label=process_loop, HasPerfectlyNestedSubLoop=0, HasComputableTotalTC=1, TripCount=--, StaticTripCountUpperBound=--, MaxDynamicTripCount= 1024, MinDynamicTripCount= 8, IsCompilerGenerated=0, HasInsertionLoc=1, HasUserInputPragma=0, hasRAW=0, Loc=/home/ronny/tec/high-level-design-for-electronics/homework/homework-3/hls-gem5-rgb2gray/hls/image_accel/../src/image_accel.cpp:54:5, Vars=42,43,
                            +- Loop with id 7, Label=write_loop, HasPerfectlyNestedSubLoop=0, HasComputableTotalTC=1, TripCount=--, StaticTripCountUpperBound=--, MaxDynamicTripCount= 1024, MinDynamicTripCount= 8, IsCompilerGenerated=0, HasInsertionLoc=1, HasUserInputPragma=0, hasRAW=0, Loc=/home/ronny/tec/high-level-design-for-electronics/homework/homework-3/hls-gem5-rgb2gray/hls/image_accel/../src/image_accel.cpp:70:5, Vars=43,65,
                            
parallelismSelector::VERBO: Nesting structure after dynamic trip count update:
                            +- Loop with id 5, Label=read_loop, HasPerfectlyNestedSubLoop=0, HasComputableTotalTC=1, TripCount=--, StaticTripCountUpperBound=--, MaxDynamicTripCount= 2073600, MinDynamicTripCount= 1, IsCompilerGenerated=0, HasInsertionLoc=1, HasUserInputPragma=0, hasRAW=0, Loc=/home/ronny/tec/high-level-design-for-electronics/homework/homework-3/hls-gem5-rgb2gray/hls/image_accel/../src/image_accel.cpp:18:5, Vars=42,48,
                            +- Loop with id 6, Label=process_loop, HasPerfectlyNestedSubLoop=0, HasComputableTotalTC=1, TripCount=--, StaticTripCountUpperBound=--, MaxDynamicTripCount= 2073600, MinDynamicTripCount= 1, IsCompilerGenerated=0, HasInsertionLoc=1, HasUserInputPragma=0, hasRAW=0, Loc=/home/ronny/tec/high-level-design-for-electronics/homework/homework-3/hls-gem5-rgb2gray/hls/image_accel/../src/image_accel.cpp:54:5, Vars=42,43,
                            +- Loop with id 7, Label=write_loop, HasPerfectlyNestedSubLoop=0, HasComputableTotalTC=1, TripCount=--, StaticTripCountUpperBound=--, MaxDynamicTripCount= 2073600, MinDynamicTripCount= 1, IsCompilerGenerated=0, HasInsertionLoc=1, HasUserInputPragma=0, hasRAW=0, Loc=/home/ronny/tec/high-level-design-for-electronics/homework/homework-3/hls-gem5-rgb2gray/hls/image_accel/../src/image_accel.cpp:70:5, Vars=43,65,
                            
parallelismSelector::VERBO: Function 'image_accel' not inlined as per top-levels
parallelismSelector::VERBO: Function '(anonymous namespace)::read_input' not inlined as per input pragmas
parallelismSelector::VERBO: Function '(anonymous namespace)::rgb_to_gray' not inlined as per input pragmas
parallelismSelector::VERBO: Function '(anonymous namespace)::write_output' not inlined as per input pragmas
parallelismSelector::VERBO: Function '(anonymous namespace)::grayscale_from_rgb' inlined as per input pragmas
parallelismSelector::VERBO: Function 'Outline_T3_F220_R2_Atomic' not inlined as per dataflow task
parallelismSelector::VERBO: Function 'Outline_T4_F220_R3_Call' not inlined as per dataflow task
parallelismSelector::VERBO: Function 'Outline_T5_F220_R4_Call' not inlined as per dataflow task
parallelismSelector::VERBO: Function 'Outline_T6_F220_R5_Call' not inlined as per dataflow task
parallelismSelector::VERBO: Nesting structure after static trip count upper bound calculation for symbolically bounded loops:
                            +- Loop with id 5, Label=read_loop, HasPerfectlyNestedSubLoop=0, HasComputableTotalTC=1, TripCount=--, StaticTripCountUpperBound=--, MaxDynamicTripCount= 2073600, MinDynamicTripCount= 1, IsCompilerGenerated=0, HasInsertionLoc=1, HasUserInputPragma=0, hasRAW=0, Loc=/home/ronny/tec/high-level-design-for-electronics/homework/homework-3/hls-gem5-rgb2gray/hls/image_accel/../src/image_accel.cpp:18:5, Vars=42,48,
                            +- Loop with id 6, Label=process_loop, HasPerfectlyNestedSubLoop=0, HasComputableTotalTC=1, TripCount=--, StaticTripCountUpperBound=--, MaxDynamicTripCount= 2073600, MinDynamicTripCount= 1, IsCompilerGenerated=0, HasInsertionLoc=1, HasUserInputPragma=0, hasRAW=0, Loc=/home/ronny/tec/high-level-design-for-electronics/homework/homework-3/hls-gem5-rgb2gray/hls/image_accel/../src/image_accel.cpp:54:5, Vars=42,43,
                            +- Loop with id 7, Label=write_loop, HasPerfectlyNestedSubLoop=0, HasComputableTotalTC=1, TripCount=--, StaticTripCountUpperBound=--, MaxDynamicTripCount= 2073600, MinDynamicTripCount= 1, IsCompilerGenerated=0, HasInsertionLoc=1, HasUserInputPragma=0, hasRAW=0, Loc=/home/ronny/tec/high-level-design-for-electronics/homework/homework-3/hls-gem5-rgb2gray/hls/image_accel/../src/image_accel.cpp:70:5, Vars=43,65,
                            
parallelismSelector::VERBO: LCDs collected in function '_GLOBAL__sub_I_image_accel_tb':
parallelismSelector::VERBO: LCDs collected in function '__cxx_global_var_init':
parallelismSelector::VERBO: LCDs collected in function '_GLOBAL__sub_I_image_accel':
parallelismSelector::VERBO: LCDs collected in function '__cxx_global_var_init':
parallelismSelector::VERBO: LCDs collected in function '_GLOBAL__sub_I_image_accel':
parallelismSelector::VERBO: LCDs collected in function '__cxx_global_var_init':
parallelismSelector::VERBO: LCDs collected in function 'image_accel':
parallelismSelector::VERBO: LCDs collected in function '(anonymous namespace)::read_input':
parallelismSelector::VERBO:     LoopId 5 with label ' read_loop', hasRAW: 1
parallelismSelector::VERBO:         Recurrence: LCD=1
parallelismSelector::VERBO:          Src: '2:31' "/home/ronny/tec/high-level-design-for-electronics/homework/homework-3/hls-gem5-rgb2gray/hls/image_accel/../src/image_accel.cpp":29:20
parallelismSelector::VERBO:                call void @llvm.fpga.fifo.push.s_struct.image_accel_rgb_ts.p0s_struct.image_accel_rgb_ts(%struct.image_accel_rgb_t %i239, %struct.image_accel_rgb_t* nonnull %.field) #15, !dbg !3008
parallelismSelector::VERBO:          Sink: '2:31' "/home/ronny/tec/high-level-design-for-electronics/homework/homework-3/hls-gem5-rgb2gray/hls/image_accel/../src/image_accel.cpp":29:20
parallelismSelector::VERBO:                 call void @llvm.fpga.fifo.push.s_struct.image_accel_rgb_ts.p0s_struct.image_accel_rgb_ts(%struct.image_accel_rgb_t %i239, %struct.image_accel_rgb_t* nonnull %.field) #15, !dbg !3008
parallelismSelector::VERBO: LCDs collected in function '(anonymous namespace)::rgb_to_gray':
parallelismSelector::VERBO:     LoopId 6 with label ' process_loop', hasRAW: 1
parallelismSelector::VERBO:         Recurrence: LCD=1
parallelismSelector::VERBO:          Src: '2:2' "/home/ronny/tec/high-level-design-for-electronics/homework/homework-3/hls-gem5-rgb2gray/hls/image_accel/../src/image_accel.cpp":57:52
parallelismSelector::VERBO:                %i7 = call %struct.image_accel_rgb_t @llvm.fpga.fifo.pop.s_struct.image_accel_rgb_ts.p0s_struct.image_accel_rgb_ts(%struct.image_accel_rgb_t* nonnull %.field1) #15, !dbg !3030
parallelismSelector::VERBO:          Sink: '2:2' "/home/ronny/tec/high-level-design-for-electronics/homework/homework-3/hls-gem5-rgb2gray/hls/image_accel/../src/image_accel.cpp":57:52
parallelismSelector::VERBO:                 %i7 = call %struct.image_accel_rgb_t @llvm.fpga.fifo.pop.s_struct.image_accel_rgb_ts.p0s_struct.image_accel_rgb_ts(%struct.image_accel_rgb_t* nonnull %.field1) #15, !dbg !3030
parallelismSelector::VERBO:         Recurrence: LCD=2
parallelismSelector::VERBO:          Src: '4:4' "/home/ronny/tec/high-level-design-for-electronics/homework/homework-3/hls-gem5-rgb2gray/hls/image_accel/../src/image_accel.cpp":58:21
parallelismSelector::VERBO:                call void @llvm.fpga.fifo.push.s_struct.ap_uints.p0s_struct.ap_uints(%struct.ap_uint %i1710, %struct.ap_uint* nonnull %.field) #15, !dbg !3050
parallelismSelector::VERBO:          Sink: '4:4' "/home/ronny/tec/high-level-design-for-electronics/homework/homework-3/hls-gem5-rgb2gray/hls/image_accel/../src/image_accel.cpp":58:21
parallelismSelector::VERBO:                 call void @llvm.fpga.fifo.push.s_struct.ap_uints.p0s_struct.ap_uints(%struct.ap_uint %i1710, %struct.ap_uint* nonnull %.field) #15, !dbg !3050
parallelismSelector::VERBO: LCDs collected in function '(anonymous namespace)::write_output':
parallelismSelector::VERBO:     LoopId 7 with label ' write_loop', hasRAW: 1
parallelismSelector::VERBO:         Recurrence: LCD=1
parallelismSelector::VERBO:          Src: '2:2' "/home/ronny/tec/high-level-design-for-electronics/homework/homework-3/hls-gem5-rgb2gray/hls/image_accel/../src/image_accel.cpp":74:57
parallelismSelector::VERBO:                %i4 = call %struct.ap_uint @llvm.fpga.fifo.pop.s_struct.ap_uints.p0s_struct.ap_uints(%struct.ap_uint* nonnull %.field) #15, !dbg !2965
parallelismSelector::VERBO:          Sink: '2:2' "/home/ronny/tec/high-level-design-for-electronics/homework/homework-3/hls-gem5-rgb2gray/hls/image_accel/../src/image_accel.cpp":74:57
parallelismSelector::VERBO:                 %i4 = call %struct.ap_uint @llvm.fpga.fifo.pop.s_struct.ap_uints.p0s_struct.ap_uints(%struct.ap_uint* nonnull %.field) #15, !dbg !2965
parallelismSelector::VERBO: LCDs collected in function '(anonymous namespace)::grayscale_from_rgb':
parallelismSelector::VERBO: LCDs collected in function 'Outline_T3_F220_R2_Atomic':
parallelismSelector::VERBO: LCDs collected in function 'Outline_T4_F220_R3_Call':
parallelismSelector::VERBO: LCDs collected in function 'Outline_T5_F220_R4_Call':
parallelismSelector::VERBO: LCDs collected in function 'Outline_T6_F220_R5_Call':
parallelismSelector::VERBO: 
                            The following user pragmas were detected in the application:
parallelismSelector::VERBO: :0:0: warning: User pragma 'inline' found in function (anonymous namespace)::read_input
parallelismSelector::VERBO: ../src/image_accel.cpp:20:1: warning: User pragma 'pipeline' found in function (anonymous namespace)::read_input
parallelismSelector::VERBO: ../src/image_accel.cpp:19:1: warning: User pragma 'loop_tripcount' found in function (anonymous namespace)::read_input
parallelismSelector::VERBO: ../src/image_accel.cpp:56:1: warning: User pragma 'pipeline' found in function (anonymous namespace)::rgb_to_gray
parallelismSelector::VERBO: ../src/image_accel.cpp:55:1: warning: User pragma 'loop_tripcount' found in function (anonymous namespace)::rgb_to_gray
parallelismSelector::VERBO: ../src/image_accel.cpp:72:1: warning: User pragma 'pipeline' found in function (anonymous namespace)::write_output
parallelismSelector::VERBO: ../src/image_accel.cpp:71:1: warning: User pragma 'loop_tripcount' found in function (anonymous namespace)::write_output
parallelismSelector::VERBO: Initial branch:
                            FunctionPipelineTopLevel: Maybe
                            +- pipeline, unroll with factors 1 (Label read_loop) (LoopId 5)
                            +- pipeline, unroll with factors 1 (Label process_loop) (LoopId 6)
                            +- pipeline, unroll with factors 1 (Label write_loop) (LoopId 7)
                            
parallelismSelector::VERBO: Function pipeline is not legal because there are dataflow regions in the program
parallelismSelector::VERBO: Initial branch after first round of constraints:
                            FunctionPipelineTopLevel: No
                            +- pipeline, unroll with factors 1 (Label read_loop) (LoopId 5)
                            +- pipeline, unroll with factors 1 (Label process_loop) (LoopId 6)
                            +- pipeline, unroll with factors 1 (Label write_loop) (LoopId 7)
                            
parallelismSelector::VERBO: Nesting structure after user pragma constraints:
                            +- Loop with id 5, Label=read_loop, HasPerfectlyNestedSubLoop=0, HasComputableTotalTC=1, TripCount=--, StaticTripCountUpperBound=--, MaxDynamicTripCount= 2073600, MinDynamicTripCount= 1, IsCompilerGenerated=0, HasInsertionLoc=1, HasUserInputPragma=1, hasRAW=0, Loc=/home/ronny/tec/high-level-design-for-electronics/homework/homework-3/hls-gem5-rgb2gray/hls/image_accel/../src/image_accel.cpp:18:5, Vars=42,48,
                            +- Loop with id 6, Label=process_loop, HasPerfectlyNestedSubLoop=0, HasComputableTotalTC=1, TripCount=--, StaticTripCountUpperBound=--, MaxDynamicTripCount= 2073600, MinDynamicTripCount= 1, IsCompilerGenerated=0, HasInsertionLoc=1, HasUserInputPragma=1, hasRAW=0, Loc=/home/ronny/tec/high-level-design-for-electronics/homework/homework-3/hls-gem5-rgb2gray/hls/image_accel/../src/image_accel.cpp:54:5, Vars=42,43,
                            +- Loop with id 7, Label=write_loop, HasPerfectlyNestedSubLoop=0, HasComputableTotalTC=1, TripCount=--, StaticTripCountUpperBound=--, MaxDynamicTripCount= 2073600, MinDynamicTripCount= 1, IsCompilerGenerated=0, HasInsertionLoc=1, HasUserInputPragma=1, hasRAW=0, Loc=/home/ronny/tec/high-level-design-for-electronics/homework/homework-3/hls-gem5-rgb2gray/hls/image_accel/../src/image_accel.cpp:70:5, Vars=43,65,
                            
parallelismSelector::VERBO: Initial branch after applying user pragma constraints:
                            FunctionPipelineTopLevel: No
                            +- pipeline (Label read_loop) (LoopId 5)
                            +- pipeline (Label process_loop) (LoopId 6)
                            +- pipeline (Label write_loop) (LoopId 7)
                            
parallelismSelector::VERBO: Initial branch after applying Xilinx constraints:
                            FunctionPipelineTopLevel: No
                            +- pipeline (Label read_loop) (LoopId 5)
                            +- pipeline (Label process_loop) (LoopId 6)
                            +- pipeline (Label write_loop) (LoopId 7)
                            
parallelismSelector::VERBO: DataflowConstrainer: Constraining Func/Loop with Id 220
parallelismSelector::VERBO: DataflowConstrainer: Has no VariableSettingSpace: VarId=39
parallelismSelector::VERBO: DataflowConstrainer: Has no VariableSettingSpace: VarId=41
parallelismSelector::VERBO: DataflowConstrainer: Has no VariableSettingSpace: VarId=42
parallelismSelector::VERBO: DataflowConstrainer: Has no VariableSettingSpace: VarId=41
parallelismSelector::VERBO: DataflowConstrainer: Has no VariableSettingSpace: VarId=43
parallelismSelector::VERBO: DataflowConstrainer: Has no VariableSettingSpace: VarId=41
parallelismSelector::VERBO: DataflowConstrainer: Has no VariableSettingSpace: VarId=40
parallelismSelector::VERBO: DataflowConstrainer: No VarIds in Loop/Func to be constrained
parallelismSelector::VERBO: Initial branch after applying dataflow constraints:
                            FunctionPipelineTopLevel: No
                            +- pipeline (Label read_loop) (LoopId 5)
                            +- pipeline (Label process_loop) (LoopId 6)
                            +- pipeline (Label write_loop) (LoopId 7)
                            
parallelismSelector::VERBO: Removing reshape options from the design space because optimizing reshape is disabled
                            
parallelismSelector::VERBO: Initial branch after applying heuristic constraints:
                            FunctionPipelineTopLevel: No
                            +- pipeline (Label read_loop) (LoopId 5)
                            +- pipeline (Label process_loop) (LoopId 6)
                            +- pipeline (Label write_loop) (LoopId 7)
                            
parallelismSelector::VERBO: Initial branch after applying second round of Xilinx constraints:
                            FunctionPipelineTopLevel: No
                            +- pipeline (Label read_loop) (LoopId 5)
                            +- pipeline (Label process_loop) (LoopId 6)
                            +- pipeline (Label write_loop) (LoopId 7)
                            
parallelismSelector::VERBO: Initial branch after PerfEst evaluation constraints:
                            FunctionPipelineTopLevel: No
                            +- pipeline (Label read_loop) (LoopId 5)
                            +- pipeline (Label process_loop) (LoopId 6)
                            +- pipeline (Label write_loop) (LoopId 7)
                            
parallelismSelector::VERBO: Initial constrained branch:
                            FunctionPipelineTopLevel: No
                            +- pipeline (Label read_loop) (LoopId 5)
                            +- pipeline (Label process_loop) (LoopId 6)
                            +- pipeline (Label write_loop) (LoopId 7)
                            
parallelismSelector::VERBO: ../src/image_accel.cpp:103:29: warning: Call to external function '_ZNSaIcEC1Ev' cannot be estimated
                            
parallelismSelector::VERBO: ../src/image_accel.cpp:103:29: warning: Call to external function '_ZNSt7__cxx1112basic_stringIcSt11char_traitsIcESaIcEEC1EPKcRKS3_' cannot be estimated
                            
parallelismSelector::VERBO: ../src/image_accel.cpp:103:18: warning: Call to external function '_ZNKSt7__cxx1112basic_stringIcSt11char_traitsIcESaIcEE5c_strEv' cannot be estimated
                            
parallelismSelector::VERBO: ../src/image_accel.cpp:103:18: warning: Call to external function '_ZNSt7__cxx1112basic_stringIcSt11char_traitsIcESaIcEED1Ev' cannot be estimated
                            
parallelismSelector::VERBO: ../src/image_accel.cpp:103:18: warning: Call to external function '_ZNSaIcED1Ev' cannot be estimated
                            
parallelismSelector::VERBO: ../src/image_accel.cpp:104:31: warning: Call to external function '_ZNSaIcEC1Ev' cannot be estimated
                            
parallelismSelector::VERBO: ../src/image_accel.cpp:104:31: warning: Call to external function '_ZNSt7__cxx1112basic_stringIcSt11char_traitsIcESaIcEEC1EPKcRKS3_' cannot be estimated
                            
parallelismSelector::VERBO: ../src/image_accel.cpp:104:19: warning: Call to external function '_ZNKSt7__cxx1112basic_stringIcSt11char_traitsIcESaIcEE5c_strEv' cannot be estimated
                            
parallelismSelector::VERBO: ../src/image_accel.cpp:104:19: warning: Call to external function '_ZNSt7__cxx1112basic_stringIcSt11char_traitsIcESaIcEED1Ev' cannot be estimated
                            
parallelismSelector::VERBO: ../src/image_accel.cpp:104:19: warning: Call to external function '_ZNSaIcED1Ev' cannot be estimated
                            
parallelismSelector::VERBO: HPE - Calculating latency and area for design space...
                            Setting Space: FunctionPipelineTopLevel: No
                            +- pipeline (Label read_loop) (LoopId 5)
                            +- pipeline (Label process_loop) (LoopId 6)
                            +- pipeline (Label write_loop) (LoopId 7)
                            
parallelismSelector::VERBO: Calculating latency for top level hw function: image_accel
parallelismSelector::VERBO: [LatencyEstimationVisitor] CallSite: CS(3 F=230) (84->42)(85->43)
parallelismSelector::VERBO: [LatencyEstimationVisitor] Equivalence table
                             Object with value: 84 is mapped to the object with value: 42
                             Object with value: 85 is mapped to the object with value: 43
                            
parallelismSelector::VERBO: Analyzing Function "Outline_T3_F220_R2_Atomic" (FunctionId 230):
parallelismSelector::VERBO:     MARegionScheduler::finalize():
parallelismSelector::VERBO:        - Function: Outline_T3_F220_R2_Atomic
parallelismSelector::VERBO:          - EndCycles: newFuncRoot_iso5 -> {1: 7}
parallelismSelector::VERBO:          - EndCycles: newFuncRoot_iso6 -> {1: 8}
parallelismSelector::VERBO:          - EndCycles: newFuncRoot_iso7 -> {1: 9}
parallelismSelector::VERBO:          - EndCycles: newFuncRoot_iso8 -> {1: 10}
parallelismSelector::VERBO:          - EndCycles: newFuncRoot_iso9 -> {1: 11}
parallelismSelector::VERBO:          - EndCycles: newFuncRoot_iso10 -> {1: 11}
parallelismSelector::VERBO:          - EndCycles: newFuncRoot -> {1: 1}
parallelismSelector::VERBO:          - EndCycles: newFuncRoot_iso0 -> {1: 2}
parallelismSelector::VERBO:          - EndCycles: newFuncRoot_iso1 -> {1: 3}
parallelismSelector::VERBO:          - EndCycles: newFuncRoot_iso3 -> {1: 5}
parallelismSelector::VERBO:          - EndCycles: newFuncRoot_iso4 -> {1: 6}
parallelismSelector::VERBO:          - EndCycles: newFuncRoot_iso2 -> {1: 4}
parallelismSelector::VERBO:        - MaxEndCycle: {1: 11}
parallelismSelector::VERBO:        - Critical path: newFuncRoot_iso5, newFuncRoot_iso6, newFuncRoot_iso7, newFuncRoot_iso8, newFuncRoot_iso9, newFuncRoot_iso10, newFuncRoot, newFuncRoot_iso0, newFuncRoot_iso1, newFuncRoot_iso3, newFuncRoot_iso4, newFuncRoot_iso2
parallelismSelector::VERBO:     Collected Var penalties
parallelismSelector::VERBO:     Collected latencies
parallelismSelector::VERBO:     Collected Interval ranges
parallelismSelector::VERBO: 
parallelismSelector::VERBO: [LatencyEstimationVisitor] CallSite: CS(4 F=231) (86->39)(87->42)
parallelismSelector::VERBO: [LatencyEstimationVisitor] Equivalence table
                             Object with value: 86 is mapped to the object with value: 39
                             Object with value: 87 is mapped to the object with value: 42
                            
parallelismSelector::VERBO: [LatencyEstimationVisitor] CallSite: CS(8 F=225) (48->86)(49->87)
parallelismSelector::VERBO: [LatencyEstimationVisitor] Equivalence table
                             Object with value: 48 is mapped to the object with value: 39
                             Object with value: 49 is mapped to the object with value: 42
                             Object with value: 86 is mapped to the object with value: 39
                             Object with value: 87 is mapped to the object with value: 42
                            
parallelismSelector::VERBO: Analyzing Loop "read_loop" (LoopId 5):
parallelismSelector::VERBO:     MARegionScheduler::finalize():
parallelismSelector::VERBO:        - LoopId: 5 Label: read_loop
parallelismSelector::VERBO:          - EndCycles: for.body -> {1: 3}
parallelismSelector::VERBO:        - MaxEndCycle: {1: 3}
parallelismSelector::VERBO:        - Critical path: for.body
parallelismSelector::VERBO:     hasRAW: 1
parallelismSelector::VERBO:        - IIMem: {1: 3}, OwnedIIMem: {1: 3}, NestedIIMem: {1: 0}
parallelismSelector::VERBO:     Collected Var penalties
parallelismSelector::VERBO:       L:5 V:39{1: 2}
parallelismSelector::VERBO:     Collected latencies
parallelismSelector::VERBO:       L:5{1: 3}
parallelismSelector::VERBO:     Collected Interval ranges
parallelismSelector::VERBO:       L:50
parallelismSelector::VERBO: 
parallelismSelector::VERBO: Analyzing Function "(anonymous namespace)::read_input" (FunctionId 225):
parallelismSelector::VERBO:         LoopId: 5, Label: read_loop, TC: 2073600, IL: {1: 3}, IIMem: {1: 3}, IIDep 0
parallelismSelector::VERBO:         	pipeline Cycles: 6.2208e+06
parallelismSelector::VERBO:         Overall latency for nested loop (LoopId 5): 6220803
parallelismSelector::VERBO:     MARegionScheduler::finalize():
parallelismSelector::VERBO:        - Function: _ZN12_GLOBAL__N_110read_inputEPVKhRN3hls6streamI17image_accel_rgb_tLi0EEEj
parallelismSelector::VERBO:          - EndCycles: entry -> {1: 1}
parallelismSelector::VERBO:          - EndCycles: for.end -> {1: 6220806}
parallelismSelector::VERBO:          - EndCycles: for.body.lr.ph -> {1: 2}
parallelismSelector::VERBO:          - EndCycles: for.body -> {1: 6220805}
parallelismSelector::VERBO:          - EndCycles: for.cond.for.end_crit_edge -> {1: 6220806}
parallelismSelector::VERBO:        - MaxEndCycle: {1: 6220806}
parallelismSelector::VERBO:        - Critical path: entry, for.end, for.body.lr.ph, for.body, for.cond.for.end_crit_edge
parallelismSelector::VERBO:     Collected Var penalties
parallelismSelector::VERBO:       L:5 V:39{1: 2}
parallelismSelector::VERBO:     Collected latencies
parallelismSelector::VERBO:       L:5{1: 3}
parallelismSelector::VERBO:     Collected Interval ranges
parallelismSelector::VERBO:       L:50
parallelismSelector::VERBO: 
parallelismSelector::VERBO: Analyzing Function "Outline_T4_F220_R3_Call" (FunctionId 231):
parallelismSelector::VERBO:     MARegionScheduler::finalize():
parallelismSelector::VERBO:        - Function: Outline_T4_F220_R3_Call
parallelismSelector::VERBO:          - EndCycles: newFuncRoot -> {1: 1}
parallelismSelector::VERBO:          - EndCycles: newFuncRoot_iso0 -> {1: 6220807}
parallelismSelector::VERBO:        - MaxEndCycle: {1: 6220807}
parallelismSelector::VERBO:        - Critical path: newFuncRoot, newFuncRoot_iso0
parallelismSelector::VERBO:     Collected Var penalties
parallelismSelector::VERBO:       L:5 V:39{1: 2}
parallelismSelector::VERBO:     Collected latencies
parallelismSelector::VERBO:       L:5{1: 3}
parallelismSelector::VERBO:     Collected Interval ranges
parallelismSelector::VERBO:       L:50
parallelismSelector::VERBO: 
parallelismSelector::VERBO: [LatencyEstimationVisitor] CallSite: CS(5 F=232) (89->42)(90->43)
parallelismSelector::VERBO: [LatencyEstimationVisitor] Equivalence table
                             Object with value: 89 is mapped to the object with value: 42
                             Object with value: 90 is mapped to the object with value: 43
                            
parallelismSelector::VERBO: [LatencyEstimationVisitor] CallSite: CS(9 F=226) (58->89)(59->90)
parallelismSelector::VERBO: [LatencyEstimationVisitor] Equivalence table
                             Object with value: 58 is mapped to the object with value: 42
                             Object with value: 59 is mapped to the object with value: 43
                             Object with value: 89 is mapped to the object with value: 42
                             Object with value: 90 is mapped to the object with value: 43
                            
parallelismSelector::VERBO: [LatencyEstimationVisitor] CallSite: CS(7 F=229) (79->62)(111->57)
parallelismSelector::VERBO: [LatencyEstimationVisitor] Equivalence table
                             Object with value: 58 is mapped to the object with value: 42
                             Object with value: 59 is mapped to the object with value: 43
                             Object with value: 79 is mapped to the object with value: 62
                             Object with value: 89 is mapped to the object with value: 42
                             Object with value: 90 is mapped to the object with value: 43
                             Object with value: 111 is mapped to the object with value: 57
                            
parallelismSelector::VERBO: Analyzing Function "(anonymous namespace)::grayscale_from_rgb" (FunctionId 229):
parallelismSelector::VERBO:     MARegionScheduler::finalize():
parallelismSelector::VERBO:        - Function: _ZN12_GLOBAL__N_118grayscale_from_rgbERK17image_accel_rgb_t
parallelismSelector::VERBO:          - EndCycles: entry -> {1: 2}
parallelismSelector::VERBO:        - MaxEndCycle: {1: 2}
parallelismSelector::VERBO:        - Critical path: entry
parallelismSelector::VERBO:     Collected Var penalties
parallelismSelector::VERBO:       L:5 V:39{1: 2}
parallelismSelector::VERBO:     Collected latencies
parallelismSelector::VERBO:       L:5{1: 3}
parallelismSelector::VERBO:     Collected Interval ranges
parallelismSelector::VERBO:       L:50
parallelismSelector::VERBO: 
parallelismSelector::VERBO: Analyzing Loop "process_loop" (LoopId 6):
parallelismSelector::VERBO:     MARegionScheduler::finalize():
parallelismSelector::VERBO:        - LoopId: 6 Label: process_loop
parallelismSelector::VERBO:          - EndCycles: for.body -> {1: 1}
parallelismSelector::VERBO:          - EndCycles: for.body_iso0 -> {1: 3}
parallelismSelector::VERBO:          - EndCycles: for.body_iso1 -> {1: 4}
parallelismSelector::VERBO:        - MaxEndCycle: {1: 4}
parallelismSelector::VERBO:        - Critical path: for.body, for.body_iso0, for.body_iso1
parallelismSelector::VERBO:     hasRAW: 1
parallelismSelector::VERBO:        - IIMem: {1: 0}, OwnedIIMem: {1: 0}, NestedIIMem: {1: 0}
parallelismSelector::VERBO:     Collected Var penalties
parallelismSelector::VERBO:       L:5 V:39{1: 2}
parallelismSelector::VERBO:     Collected latencies
parallelismSelector::VERBO:       L:5{1: 3}
parallelismSelector::VERBO:       L:6{1: 4}
parallelismSelector::VERBO:     Collected Interval ranges
parallelismSelector::VERBO:       L:50
parallelismSelector::VERBO:       L:60
parallelismSelector::VERBO: 
parallelismSelector::VERBO: Analyzing Function "(anonymous namespace)::rgb_to_gray" (FunctionId 226):
parallelismSelector::VERBO:         LoopId: 6, Label: process_loop, TC: 2073600, IL: {1: 4}, IIMem: {1: 0}, IIDep 0
parallelismSelector::VERBO:         	pipeline Cycles: 2.0736e+06
parallelismSelector::VERBO:         Overall latency for nested loop (LoopId 6): 2073604
parallelismSelector::VERBO:     MARegionScheduler::finalize():
parallelismSelector::VERBO:        - Function: _ZN12_GLOBAL__N_111rgb_to_grayERN3hls6streamI17image_accel_rgb_tLi0EEERNS1_I7ap_uintILi8EELi0EEEj
parallelismSelector::VERBO:          - EndCycles: for.cond.for.end_crit_edge -> {1: 2073607}
parallelismSelector::VERBO:          - EndCycles: for.end -> {1: 2073607}
parallelismSelector::VERBO:          - EndCycles: entry -> {1: 1}
parallelismSelector::VERBO:          - EndCycles: for.body.lr.ph -> {1: 2}
parallelismSelector::VERBO:          - EndCycles: for.body_iso1 -> {1: 2073606}
parallelismSelector::VERBO:        - MaxEndCycle: {1: 2073607}
parallelismSelector::VERBO:        - Critical path: for.cond.for.end_crit_edge, for.end, for.body, entry, for.body.lr.ph, for.body_iso1
parallelismSelector::VERBO:     Collected Var penalties
parallelismSelector::VERBO:       L:5 V:39{1: 2}
parallelismSelector::VERBO:     Collected latencies
parallelismSelector::VERBO:       L:5{1: 3}
parallelismSelector::VERBO:       L:6{1: 4}
parallelismSelector::VERBO:     Collected Interval ranges
parallelismSelector::VERBO:       L:50
parallelismSelector::VERBO:       L:60
parallelismSelector::VERBO: 
parallelismSelector::VERBO: Analyzing Function "Outline_T5_F220_R4_Call" (FunctionId 232):
parallelismSelector::VERBO:     MARegionScheduler::finalize():
parallelismSelector::VERBO:        - Function: Outline_T5_F220_R4_Call
parallelismSelector::VERBO:          - EndCycles: newFuncRoot_iso0 -> {1: 2073608}
parallelismSelector::VERBO:          - EndCycles: newFuncRoot -> {1: 1}
parallelismSelector::VERBO:        - MaxEndCycle: {1: 2073608}
parallelismSelector::VERBO:        - Critical path: newFuncRoot_iso0, newFuncRoot
parallelismSelector::VERBO:     Collected Var penalties
parallelismSelector::VERBO:       L:5 V:39{1: 2}
parallelismSelector::VERBO:     Collected latencies
parallelismSelector::VERBO:       L:5{1: 3}
parallelismSelector::VERBO:       L:6{1: 4}
parallelismSelector::VERBO:     Collected Interval ranges
parallelismSelector::VERBO:       L:50
parallelismSelector::VERBO:       L:60
parallelismSelector::VERBO: 
parallelismSelector::VERBO: [LatencyEstimationVisitor] CallSite: CS(6 F=233) (92->40)(93->43)
parallelismSelector::VERBO: [LatencyEstimationVisitor] Equivalence table
                             Object with value: 92 is mapped to the object with value: 40
                             Object with value: 93 is mapped to the object with value: 43
                            
parallelismSelector::VERBO: [LatencyEstimationVisitor] CallSite: CS(10 F=227) (65->92)(66->93)
parallelismSelector::VERBO: [LatencyEstimationVisitor] Equivalence table
                             Object with value: 65 is mapped to the object with value: 40
                             Object with value: 66 is mapped to the object with value: 43
                             Object with value: 92 is mapped to the object with value: 40
                             Object with value: 93 is mapped to the object with value: 43
                            
parallelismSelector::VERBO: Analyzing Loop "write_loop" (LoopId 7):
parallelismSelector::VERBO:     MARegionScheduler::finalize():
parallelismSelector::VERBO:        - LoopId: 7 Label: write_loop
parallelismSelector::VERBO:          - EndCycles: for.body -> {1: 1}
parallelismSelector::VERBO:        - MaxEndCycle: {1: 1}
parallelismSelector::VERBO:        - Critical path: for.body
parallelismSelector::VERBO:     hasRAW: 1
parallelismSelector::VERBO:        - IIMem: {1: 1}, OwnedIIMem: {1: 1}, NestedIIMem: {1: 0}
parallelismSelector::VERBO:     Collected Var penalties
parallelismSelector::VERBO:       L:5 V:39{1: 2}
parallelismSelector::VERBO:       L:7 V:40{1: 0}
parallelismSelector::VERBO:     Collected latencies
parallelismSelector::VERBO:       L:5{1: 3}
parallelismSelector::VERBO:       L:6{1: 4}
parallelismSelector::VERBO:       L:7{1: 1}
parallelismSelector::VERBO:     Collected Interval ranges
parallelismSelector::VERBO:       L:50
parallelismSelector::VERBO:       L:60
parallelismSelector::VERBO:       L:70
parallelismSelector::VERBO: 
parallelismSelector::VERBO: Analyzing Function "(anonymous namespace)::write_output" (FunctionId 227):
parallelismSelector::VERBO:         LoopId: 7, Label: write_loop, TC: 2073600, IL: {1: 1}, IIMem: {1: 1}, IIDep 0
parallelismSelector::VERBO:         	pipeline Cycles: 2.0736e+06
parallelismSelector::VERBO:         Overall latency for nested loop (LoopId 7): 2073601
parallelismSelector::VERBO:     MARegionScheduler::finalize():
parallelismSelector::VERBO:        - Function: _ZN12_GLOBAL__N_112write_outputEPVhRN3hls6streamI7ap_uintILi8EELi0EEEj
parallelismSelector::VERBO:          - EndCycles: for.body -> {1: 2073603}
parallelismSelector::VERBO:          - EndCycles: for.cond.for.end_crit_edge -> {1: 2073604}
parallelismSelector::VERBO:          - EndCycles: for.body.lr.ph -> {1: 2}
parallelismSelector::VERBO:          - EndCycles: for.end -> {1: 2073604}
parallelismSelector::VERBO:          - EndCycles: entry -> {1: 1}
parallelismSelector::VERBO:        - MaxEndCycle: {1: 2073604}
parallelismSelector::VERBO:        - Critical path: for.body, for.cond.for.end_crit_edge, for.body.lr.ph, for.end, entry
parallelismSelector::VERBO:     Collected Var penalties
parallelismSelector::VERBO:       L:5 V:39{1: 2}
parallelismSelector::VERBO:       L:7 V:40{1: 0}
parallelismSelector::VERBO:     Collected latencies
parallelismSelector::VERBO:       L:5{1: 3}
parallelismSelector::VERBO:       L:6{1: 4}
parallelismSelector::VERBO:       L:7{1: 1}
parallelismSelector::VERBO:     Collected Interval ranges
parallelismSelector::VERBO:       L:50
parallelismSelector::VERBO:       L:60
parallelismSelector::VERBO:       L:70
parallelismSelector::VERBO: 
parallelismSelector::VERBO: Analyzing Function "Outline_T6_F220_R5_Call" (FunctionId 233):
parallelismSelector::VERBO:     MARegionScheduler::finalize():
parallelismSelector::VERBO:        - Function: Outline_T6_F220_R5_Call
parallelismSelector::VERBO:          - EndCycles: newFuncRoot -> {1: 1}
parallelismSelector::VERBO:          - EndCycles: newFuncRoot_iso0 -> {1: 2073605}
parallelismSelector::VERBO:        - MaxEndCycle: {1: 2073605}
parallelismSelector::VERBO:        - Critical path: newFuncRoot, newFuncRoot_iso0
parallelismSelector::VERBO:     Collected Var penalties
parallelismSelector::VERBO:       L:5 V:39{1: 2}
parallelismSelector::VERBO:       L:7 V:40{1: 0}
parallelismSelector::VERBO:     Collected latencies
parallelismSelector::VERBO:       L:5{1: 3}
parallelismSelector::VERBO:       L:6{1: 4}
parallelismSelector::VERBO:       L:7{1: 1}
parallelismSelector::VERBO:     Collected Interval ranges
parallelismSelector::VERBO:       L:50
parallelismSelector::VERBO:       L:60
parallelismSelector::VERBO:       L:70
parallelismSelector::VERBO: 
parallelismSelector::VERBO: Analyzing Function "image_accel" (FunctionId 220):
parallelismSelector::VERBO:     MARegionScheduler::finalize():
parallelismSelector::VERBO:        - Function: image_accel
parallelismSelector::VERBO:          - EndCycles: entry -> {1: 1}
parallelismSelector::VERBO:          - EndCycles: codeRepl -> {1: 13}
parallelismSelector::VERBO:          - EndCycles: codeRepl1 -> {1: 6220821}
parallelismSelector::VERBO:          - EndCycles: codeRepl3 -> {1: 10368036}
parallelismSelector::VERBO:          - EndCycles: codeRepl2 -> {1: 8294430}
parallelismSelector::VERBO:          - EndCycles: entry_iso4 -> {1: 10368036}
parallelismSelector::VERBO:        - MaxEndCycle: {1: 10368036}
parallelismSelector::VERBO:        - Critical path: entry, codeRepl, codeRepl1, codeRepl3, codeRepl2, entry_iso4
parallelismSelector::VERBO:     Collected Var penalties
parallelismSelector::VERBO:       L:5 V:39{1: 2}
parallelismSelector::VERBO:       L:7 V:40{1: 0}
parallelismSelector::VERBO:     Collected latencies
parallelismSelector::VERBO:       L:5{1: 3}
parallelismSelector::VERBO:       L:6{1: 4}
parallelismSelector::VERBO:       L:7{1: 1}
parallelismSelector::VERBO:     Collected Interval ranges
parallelismSelector::VERBO:       L:50
parallelismSelector::VERBO:       L:60
parallelismSelector::VERBO:       L:70
parallelismSelector::VERBO: 
parallelismSelector::VERBO: Filling in latencies and intervals per loop...
parallelismSelector::VERBO:     Interval:
parallelismSelector::VERBO:     LoopId: 5, Label: read_loop, TC: 2073600, IL: {1: 3}, IIMem: {1: 3}, IIDep 0
parallelismSelector::VERBO:     	pipeline Cycles: 3
parallelismSelector::VERBO:     Latency:
parallelismSelector::VERBO:     LoopId: 5, Label: read_loop, TC: 2073600, IL: {1: 3}, IIMem: {1: 3}, IIDep 0
parallelismSelector::VERBO:     	pipeline Cycles: 6.2208e+06
parallelismSelector::VERBO:     Mem Interval:
parallelismSelector::VERBO:     Interval:
parallelismSelector::VERBO:     LoopId: 6, Label: process_loop, TC: 2073600, IL: {1: 4}, IIMem: {1: 0}, IIDep 0
parallelismSelector::VERBO:     	pipeline Cycles: 1
parallelismSelector::VERBO:     Latency:
parallelismSelector::VERBO:     LoopId: 6, Label: process_loop, TC: 2073600, IL: {1: 4}, IIMem: {1: 0}, IIDep 0
parallelismSelector::VERBO:     	pipeline Cycles: 2.0736e+06
parallelismSelector::VERBO:     Mem Interval:
parallelismSelector::VERBO:     Interval:
parallelismSelector::VERBO:     LoopId: 7, Label: write_loop, TC: 2073600, IL: {1: 1}, IIMem: {1: 1}, IIDep 0
parallelismSelector::VERBO:     	pipeline Cycles: 1
parallelismSelector::VERBO:     Latency:
parallelismSelector::VERBO:     LoopId: 7, Label: write_loop, TC: 2073600, IL: {1: 1}, IIMem: {1: 1}, IIDep 0
parallelismSelector::VERBO:     	pipeline Cycles: 2.0736e+06
parallelismSelector::VERBO:     Mem Interval:
parallelismSelector::VERBO: [AreaEstimationVisitor] Func: image_accel : 220
parallelismSelector::VERBO: [AreaEstimationVisitor] CallSite: CS(3 F=230) (84->42)(85->43)
parallelismSelector::VERBO:   New Equivalence table
                             Object with value: 84 is mapped to the object with value: 42
                             Object with value: 85 is mapped to the object with value: 43
                            
parallelismSelector::VERBO: [AreaEstimationVisitor] Func: Outline_T3_F220_R2_Atomic : 230
parallelismSelector::VERBO: [Finalize] Self shareable area: LUTs: 0 FFs: 0 DSPs: 0 BRAMs: 0
parallelismSelector::VERBO: [AreaEstimationVisitor] Total shareable area: LUTs: 0 FFs: 0 DSPs: 0 BRAMs: 0 Total unshareable area: LUTs: 0 FFs: 0 DSPs: 0 BRAMs: 0
parallelismSelector::VERBO: [AreaEstimationVisitor] Self shareable area: LUTs: 0 FFs: 0 DSPs: 0 BRAMs: 0 Self unshareable area: LUTs: 0 FFs: 0 DSPs: 0 BRAMs: 0
parallelismSelector::VERBO: [AreaEstimationVisitor] CallSite: CS(4 F=231) (86->39)(87->42)
parallelismSelector::VERBO:   New Equivalence table
                             Object with value: 86 is mapped to the object with value: 39
                             Object with value: 87 is mapped to the object with value: 42
                            
parallelismSelector::VERBO: [AreaEstimationVisitor] Func: Outline_T4_F220_R3_Call : 231
parallelismSelector::VERBO: [AreaEstimationVisitor] CallSite: CS(8 F=225) (48->86)(49->87)
parallelismSelector::VERBO:   New Equivalence table
                             Object with value: 48 is mapped to the object with value: 39
                             Object with value: 49 is mapped to the object with value: 42
                             Object with value: 86 is mapped to the object with value: 39
                             Object with value: 87 is mapped to the object with value: 42
                            
parallelismSelector::VERBO: [AreaEstimationVisitor] Func: _ZN12_GLOBAL__N_110read_inputEPVKhRN3hls6streamI17image_accel_rgb_tLi0EEEj : 225
parallelismSelector::VERBO: [AreaEstimationVisitor] Loop: 5
parallelismSelector::VERBO: [Finalize] Self shareable area: LUTs: 11 FFs: 1 DSPs: 0 BRAMs: 0
parallelismSelector::VERBO: [Finalize] ParallelOperationNumPerLoop: {}
parallelismSelector::VERBO: [Finalize] Contribution of this loop to shareable area: LUTs: 11 FFs: 1 DSPs: 0 BRAMs: 0
parallelismSelector::VERBO: [AreaEstimationVisitor] Total shareable area: LUTs: 11 FFs: 1 DSPs: 0 BRAMs: 0 Total unshareable area: LUTs: 188 FFs: 0 DSPs: 0 BRAMs: 0
parallelismSelector::VERBO: [AreaEstimationVisitor] Self shareable area: LUTs: 11 FFs: 1 DSPs: 0 BRAMs: 0 Self unshareable area: LUTs: 116 FFs: 0 DSPs: 0 BRAMs: 0
parallelismSelector::VERBO: [Finalize] Self shareable area: LUTs: 0 FFs: 0 DSPs: 0 BRAMs: 0
parallelismSelector::VERBO: [AreaEstimationVisitor] Total shareable area: LUTs: 11 FFs: 1 DSPs: 0 BRAMs: 0 Total unshareable area: LUTs: 208 FFs: 0 DSPs: 0 BRAMs: 0
parallelismSelector::VERBO: [AreaEstimationVisitor] Self shareable area: LUTs: 0 FFs: 0 DSPs: 0 BRAMs: 0 Self unshareable area: LUTs: 20 FFs: 0 DSPs: 0 BRAMs: 0
parallelismSelector::VERBO: [Finalize] Self shareable area: LUTs: 0 FFs: 0 DSPs: 0 BRAMs: 0
parallelismSelector::VERBO: [AreaEstimationVisitor] Total shareable area: LUTs: 0 FFs: 0 DSPs: 0 BRAMs: 0 Total unshareable area: LUTs: 0 FFs: 0 DSPs: 0 BRAMs: 0
parallelismSelector::VERBO: [AreaEstimationVisitor] Self shareable area: LUTs: 0 FFs: 0 DSPs: 0 BRAMs: 0 Self unshareable area: LUTs: 0 FFs: 0 DSPs: 0 BRAMs: 0
parallelismSelector::VERBO: [AreaEstimationVisitor] CallSite: CS(5 F=232) (89->42)(90->43)
parallelismSelector::VERBO:   New Equivalence table
                             Object with value: 89 is mapped to the object with value: 42
                             Object with value: 90 is mapped to the object with value: 43
                            
parallelismSelector::VERBO: [AreaEstimationVisitor] Func: Outline_T5_F220_R4_Call : 232
parallelismSelector::VERBO: [AreaEstimationVisitor] CallSite: CS(9 F=226) (58->89)(59->90)
parallelismSelector::VERBO:   New Equivalence table
                             Object with value: 58 is mapped to the object with value: 42
                             Object with value: 59 is mapped to the object with value: 43
                             Object with value: 89 is mapped to the object with value: 42
                             Object with value: 90 is mapped to the object with value: 43
                            
parallelismSelector::VERBO: [AreaEstimationVisitor] Func: _ZN12_GLOBAL__N_111rgb_to_grayERN3hls6streamI17image_accel_rgb_tLi0EEERNS1_I7ap_uintILi8EELi0EEEj : 226
parallelismSelector::VERBO: [AreaEstimationVisitor] Loop: 6
parallelismSelector::VERBO: [AreaEstimationVisitor] CallSite: CS(7 F=229) (79->62)(111->57)
parallelismSelector::VERBO:   New Equivalence table
                             Object with value: 58 is mapped to the object with value: 42
                             Object with value: 59 is mapped to the object with value: 43
                             Object with value: 79 is mapped to the object with value: 62
                             Object with value: 89 is mapped to the object with value: 42
                             Object with value: 90 is mapped to the object with value: 43
                             Object with value: 111 is mapped to the object with value: 57
                            
parallelismSelector::VERBO: [AreaEstimationVisitor] Func: _ZN12_GLOBAL__N_118grayscale_from_rgbERK17image_accel_rgb_t : 229
parallelismSelector::VERBO: [Finalize] Self shareable area: LUTs: 0 FFs: 0 DSPs: 0 BRAMs: 0
parallelismSelector::VERBO: [AreaEstimationVisitor] Total shareable area: LUTs: 0 FFs: 0 DSPs: 0 BRAMs: 0 Total unshareable area: LUTs: 156 FFs: 0 DSPs: 0 BRAMs: 0
parallelismSelector::VERBO: [AreaEstimationVisitor] Self shareable area: LUTs: 0 FFs: 0 DSPs: 0 BRAMs: 0 Self unshareable area: LUTs: 156 FFs: 0 DSPs: 0 BRAMs: 0
parallelismSelector::VERBO: [Finalize] Self shareable area: LUTs: 22 FFs: 2 DSPs: 0 BRAMs: 0
parallelismSelector::VERBO: [Finalize] ParallelOperationNumPerLoop: {}
parallelismSelector::VERBO: [Finalize] Contribution of this loop to shareable area: LUTs: 22 FFs: 2 DSPs: 0 BRAMs: 0
parallelismSelector::VERBO: [AreaEstimationVisitor] Total shareable area: LUTs: 22 FFs: 2 DSPs: 0 BRAMs: 0 Total unshareable area: LUTs: 176 FFs: 0 DSPs: 0 BRAMs: 0
parallelismSelector::VERBO: [AreaEstimationVisitor] Self shareable area: LUTs: 22 FFs: 2 DSPs: 0 BRAMs: 0 Self unshareable area: LUTs: 176 FFs: 0 DSPs: 0 BRAMs: 0
parallelismSelector::VERBO: [Finalize] Self shareable area: LUTs: 0 FFs: 0 DSPs: 0 BRAMs: 0
parallelismSelector::VERBO: [AreaEstimationVisitor] Total shareable area: LUTs: 22 FFs: 2 DSPs: 0 BRAMs: 0 Total unshareable area: LUTs: 196 FFs: 0 DSPs: 0 BRAMs: 0
parallelismSelector::VERBO: [AreaEstimationVisitor] Self shareable area: LUTs: 0 FFs: 0 DSPs: 0 BRAMs: 0 Self unshareable area: LUTs: 20 FFs: 0 DSPs: 0 BRAMs: 0
parallelismSelector::VERBO: [Finalize] Self shareable area: LUTs: 0 FFs: 0 DSPs: 0 BRAMs: 0
parallelismSelector::VERBO: [AreaEstimationVisitor] Total shareable area: LUTs: 0 FFs: 0 DSPs: 0 BRAMs: 0 Total unshareable area: LUTs: 0 FFs: 0 DSPs: 0 BRAMs: 0
parallelismSelector::VERBO: [AreaEstimationVisitor] Self shareable area: LUTs: 0 FFs: 0 DSPs: 0 BRAMs: 0 Self unshareable area: LUTs: 0 FFs: 0 DSPs: 0 BRAMs: 0
parallelismSelector::VERBO: [AreaEstimationVisitor] CallSite: CS(6 F=233) (92->40)(93->43)
parallelismSelector::VERBO:   New Equivalence table
                             Object with value: 92 is mapped to the object with value: 40
                             Object with value: 93 is mapped to the object with value: 43
                            
parallelismSelector::VERBO: [AreaEstimationVisitor] Func: Outline_T6_F220_R5_Call : 233
parallelismSelector::VERBO: [AreaEstimationVisitor] CallSite: CS(10 F=227) (65->92)(66->93)
parallelismSelector::VERBO:   New Equivalence table
                             Object with value: 65 is mapped to the object with value: 40
                             Object with value: 66 is mapped to the object with value: 43
                             Object with value: 92 is mapped to the object with value: 40
                             Object with value: 93 is mapped to the object with value: 43
                            
parallelismSelector::VERBO: [AreaEstimationVisitor] Func: _ZN12_GLOBAL__N_112write_outputEPVhRN3hls6streamI7ap_uintILi8EELi0EEEj : 227
parallelismSelector::VERBO: [AreaEstimationVisitor] Loop: 7
parallelismSelector::VERBO: [Finalize] Self shareable area: LUTs: 11 FFs: 1 DSPs: 0 BRAMs: 0
parallelismSelector::VERBO: [Finalize] ParallelOperationNumPerLoop: {}
parallelismSelector::VERBO: [Finalize] Contribution of this loop to shareable area: LUTs: 11 FFs: 1 DSPs: 0 BRAMs: 0
parallelismSelector::VERBO: [AreaEstimationVisitor] Total shareable area: LUTs: 11 FFs: 1 DSPs: 0 BRAMs: 0 Total unshareable area: LUTs: 44 FFs: 0 DSPs: 0 BRAMs: 0
parallelismSelector::VERBO: [AreaEstimationVisitor] Self shareable area: LUTs: 11 FFs: 1 DSPs: 0 BRAMs: 0 Self unshareable area: LUTs: 20 FFs: 0 DSPs: 0 BRAMs: 0
parallelismSelector::VERBO: [Finalize] Self shareable area: LUTs: 0 FFs: 0 DSPs: 0 BRAMs: 0
parallelismSelector::VERBO: [AreaEstimationVisitor] Total shareable area: LUTs: 11 FFs: 1 DSPs: 0 BRAMs: 0 Total unshareable area: LUTs: 64 FFs: 0 DSPs: 0 BRAMs: 0
parallelismSelector::VERBO: [AreaEstimationVisitor] Self shareable area: LUTs: 0 FFs: 0 DSPs: 0 BRAMs: 0 Self unshareable area: LUTs: 20 FFs: 0 DSPs: 0 BRAMs: 0
parallelismSelector::VERBO: [Finalize] Self shareable area: LUTs: 0 FFs: 0 DSPs: 0 BRAMs: 0
parallelismSelector::VERBO: [AreaEstimationVisitor] Total shareable area: LUTs: 0 FFs: 0 DSPs: 0 BRAMs: 0 Total unshareable area: LUTs: 0 FFs: 0 DSPs: 0 BRAMs: 0
parallelismSelector::VERBO: [AreaEstimationVisitor] Self shareable area: LUTs: 0 FFs: 0 DSPs: 0 BRAMs: 0 Self unshareable area: LUTs: 0 FFs: 0 DSPs: 0 BRAMs: 0
parallelismSelector::VERBO: [Finalize] Self shareable area: LUTs: 0 FFs: 0 DSPs: 0 BRAMs: 0
parallelismSelector::VERBO: [AreaEstimationVisitor] Total shareable area: LUTs: 0 FFs: 0 DSPs: 0 BRAMs: 0 Total unshareable area: LUTs: 0 FFs: 0 DSPs: 0 BRAMs: 0
parallelismSelector::VERBO: [AreaEstimationVisitor] Self shareable area: LUTs: 0 FFs: 0 DSPs: 0 BRAMs: 0 Self unshareable area: LUTs: 0 FFs: 0 DSPs: 0 BRAMs: 0
parallelismSelector::VERBO: Initial constrained branch with estimates:
                            FunctionPipelineTopLevel: No
                            +- pipeline (LoopId 5 [read_loop]), min-max latency/interval: {pipeline: lat/intv 6220803}
                               +- Access to VariableId 39: {1: lat/intv 2} (unroll: latency/interval)
                            +- pipeline (LoopId 6 [process_loop]), min-max latency/interval: {pipeline: lat/intv 2073604}
                            +- pipeline (LoopId 7 [write_loop]), min-max latency/interval: {pipeline: lat/intv 2073601}
                               +- Access to VariableId 40: {1: lat/intv 0} (unroll: latency/interval)
                            Id:  0 contains valid solution: maybe, min-max latency/interval: lat 10368036 intv 10368037, min-max area: LUTs: 512 FFs: 4 DSPs: 0 BRAMs: 0
parallelismSelector::VERBO: Initial FPGA area occupied (min): Area -- (LUTs: 512, FFs: 4, DSPs: 0, BRAMs: 0, URAMs: 0)
parallelismSelector::VERBO: Initial FPGA area occupied (max): Area -- (LUTs: 512, FFs: 4, DSPs: 0, BRAMs: 0, URAMs: 0)
parallelismSelector::VERBO: HPE - Calculating latency and area for design space...
                            Setting Space: FunctionPipelineTopLevel: No
                            +- pipeline (Label read_loop) (LoopId 5)
                            +- pipeline (Label process_loop) (LoopId 6)
                            +- pipeline (Label write_loop) (LoopId 7)
                            
parallelismSelector::VERBO: Calculating latency for top level hw function: image_accel
parallelismSelector::VERBO: [LatencyEstimationVisitor] CallSite: CS(3 F=230) (84->42)(85->43)
parallelismSelector::VERBO: [LatencyEstimationVisitor] Equivalence table
                             Object with value: 84 is mapped to the object with value: 42
                             Object with value: 85 is mapped to the object with value: 43
                            
parallelismSelector::VERBO: Analyzing Function "Outline_T3_F220_R2_Atomic" (FunctionId 230):
parallelismSelector::VERBO:     MARegionScheduler::finalize():
parallelismSelector::VERBO:        - Function: Outline_T3_F220_R2_Atomic
parallelismSelector::VERBO:          - EndCycles: newFuncRoot_iso5 -> {1: 7}
parallelismSelector::VERBO:          - EndCycles: newFuncRoot_iso6 -> {1: 8}
parallelismSelector::VERBO:          - EndCycles: newFuncRoot_iso7 -> {1: 9}
parallelismSelector::VERBO:          - EndCycles: newFuncRoot_iso8 -> {1: 10}
parallelismSelector::VERBO:          - EndCycles: newFuncRoot_iso9 -> {1: 11}
parallelismSelector::VERBO:          - EndCycles: newFuncRoot_iso10 -> {1: 11}
parallelismSelector::VERBO:          - EndCycles: newFuncRoot -> {1: 1}
parallelismSelector::VERBO:          - EndCycles: newFuncRoot_iso0 -> {1: 2}
parallelismSelector::VERBO:          - EndCycles: newFuncRoot_iso1 -> {1: 3}
parallelismSelector::VERBO:          - EndCycles: newFuncRoot_iso3 -> {1: 5}
parallelismSelector::VERBO:          - EndCycles: newFuncRoot_iso4 -> {1: 6}
parallelismSelector::VERBO:          - EndCycles: newFuncRoot_iso2 -> {1: 4}
parallelismSelector::VERBO:        - MaxEndCycle: {1: 11}
parallelismSelector::VERBO:        - Critical path: newFuncRoot_iso5, newFuncRoot_iso6, newFuncRoot_iso7, newFuncRoot_iso8, newFuncRoot_iso9, newFuncRoot_iso10, newFuncRoot, newFuncRoot_iso0, newFuncRoot_iso1, newFuncRoot_iso3, newFuncRoot_iso4, newFuncRoot_iso2
parallelismSelector::VERBO:     Collected Var penalties
parallelismSelector::VERBO:     Collected latencies
parallelismSelector::VERBO:     Collected Interval ranges
parallelismSelector::VERBO: 
parallelismSelector::VERBO: [LatencyEstimationVisitor] CallSite: CS(4 F=231) (86->39)(87->42)
parallelismSelector::VERBO: [LatencyEstimationVisitor] Equivalence table
                             Object with value: 86 is mapped to the object with value: 39
                             Object with value: 87 is mapped to the object with value: 42
                            
parallelismSelector::VERBO: [LatencyEstimationVisitor] CallSite: CS(8 F=225) (48->86)(49->87)
parallelismSelector::VERBO: [LatencyEstimationVisitor] Equivalence table
                             Object with value: 48 is mapped to the object with value: 39
                             Object with value: 49 is mapped to the object with value: 42
                             Object with value: 86 is mapped to the object with value: 39
                             Object with value: 87 is mapped to the object with value: 42
                            
parallelismSelector::VERBO: Analyzing Loop "read_loop" (LoopId 5):
parallelismSelector::VERBO:     MARegionScheduler::finalize():
parallelismSelector::VERBO:        - LoopId: 5 Label: read_loop
parallelismSelector::VERBO:          - EndCycles: for.body -> {1: 3}
parallelismSelector::VERBO:        - MaxEndCycle: {1: 3}
parallelismSelector::VERBO:        - Critical path: for.body
parallelismSelector::VERBO:     hasRAW: 1
parallelismSelector::VERBO:     Collect memory port metrics for LoopId: 5
                                
parallelismSelector::VERBO:     VarId: 48, number of direct accesses: 3, number of indirect accesses: 0, RequiredPorts: 3, Available ports: 1
                                
parallelismSelector::VERBO:        - IIMem: {1: 3}, OwnedIIMem: {1: 3}, NestedIIMem: {1: 0}
parallelismSelector::VERBO:     Collected Var penalties
parallelismSelector::VERBO:       L:5 V:39{1: 2}
parallelismSelector::VERBO:     Collected latencies
parallelismSelector::VERBO:       L:5{1: 3}
parallelismSelector::VERBO:     Collected Interval ranges
parallelismSelector::VERBO:       L:50
parallelismSelector::VERBO: 
parallelismSelector::VERBO: Analyzing Function "(anonymous namespace)::read_input" (FunctionId 225):
parallelismSelector::VERBO:         LoopId: 5, Label: read_loop, TC: 2073600, IL: {1: 3}, IIMem: {1: 3}, IIDep 0
parallelismSelector::VERBO:         	pipeline Cycles: 6.2208e+06
parallelismSelector::VERBO:         Overall latency for nested loop (LoopId 5): 6220803
parallelismSelector::VERBO:     MARegionScheduler::finalize():
parallelismSelector::VERBO:        - Function: _ZN12_GLOBAL__N_110read_inputEPVKhRN3hls6streamI17image_accel_rgb_tLi0EEEj
parallelismSelector::VERBO:          - EndCycles: entry -> {1: 1}
parallelismSelector::VERBO:          - EndCycles: for.end -> {1: 6220806}
parallelismSelector::VERBO:          - EndCycles: for.body.lr.ph -> {1: 2}
parallelismSelector::VERBO:          - EndCycles: for.body -> {1: 6220805}
parallelismSelector::VERBO:          - EndCycles: for.cond.for.end_crit_edge -> {1: 6220806}
parallelismSelector::VERBO:        - MaxEndCycle: {1: 6220806}
parallelismSelector::VERBO:        - Critical path: entry, for.end, for.body.lr.ph, for.body, for.cond.for.end_crit_edge
parallelismSelector::VERBO:     Collected Var penalties
parallelismSelector::VERBO:       L:5 V:39{1: 2}
parallelismSelector::VERBO:     Collected latencies
parallelismSelector::VERBO:       L:5{1: 3}
parallelismSelector::VERBO:     Collected Interval ranges
parallelismSelector::VERBO:       L:50
parallelismSelector::VERBO: 
parallelismSelector::VERBO: Analyzing Function "Outline_T4_F220_R3_Call" (FunctionId 231):
parallelismSelector::VERBO:     MARegionScheduler::finalize():
parallelismSelector::VERBO:        - Function: Outline_T4_F220_R3_Call
parallelismSelector::VERBO:          - EndCycles: newFuncRoot -> {1: 1}
parallelismSelector::VERBO:          - EndCycles: newFuncRoot_iso0 -> {1: 6220807}
parallelismSelector::VERBO:        - MaxEndCycle: {1: 6220807}
parallelismSelector::VERBO:        - Critical path: newFuncRoot, newFuncRoot_iso0
parallelismSelector::VERBO:     Collected Var penalties
parallelismSelector::VERBO:       L:5 V:39{1: 2}
parallelismSelector::VERBO:     Collected latencies
parallelismSelector::VERBO:       L:5{1: 3}
parallelismSelector::VERBO:     Collected Interval ranges
parallelismSelector::VERBO:       L:50
parallelismSelector::VERBO: 
parallelismSelector::VERBO: [LatencyEstimationVisitor] CallSite: CS(5 F=232) (89->42)(90->43)
parallelismSelector::VERBO: [LatencyEstimationVisitor] Equivalence table
                             Object with value: 89 is mapped to the object with value: 42
                             Object with value: 90 is mapped to the object with value: 43
                            
parallelismSelector::VERBO: [LatencyEstimationVisitor] CallSite: CS(9 F=226) (58->89)(59->90)
parallelismSelector::VERBO: [LatencyEstimationVisitor] Equivalence table
                             Object with value: 58 is mapped to the object with value: 42
                             Object with value: 59 is mapped to the object with value: 43
                             Object with value: 89 is mapped to the object with value: 42
                             Object with value: 90 is mapped to the object with value: 43
                            
parallelismSelector::VERBO: [LatencyEstimationVisitor] CallSite: CS(7 F=229) (79->62)(111->57)
parallelismSelector::VERBO: [LatencyEstimationVisitor] Equivalence table
                             Object with value: 58 is mapped to the object with value: 42
                             Object with value: 59 is mapped to the object with value: 43
                             Object with value: 79 is mapped to the object with value: 62
                             Object with value: 89 is mapped to the object with value: 42
                             Object with value: 90 is mapped to the object with value: 43
                             Object with value: 111 is mapped to the object with value: 57
                            
parallelismSelector::VERBO: Analyzing Function "(anonymous namespace)::grayscale_from_rgb" (FunctionId 229):
parallelismSelector::VERBO:     MARegionScheduler::finalize():
parallelismSelector::VERBO:        - Function: _ZN12_GLOBAL__N_118grayscale_from_rgbERK17image_accel_rgb_t
parallelismSelector::VERBO:          - EndCycles: entry -> {1: 2}
parallelismSelector::VERBO:        - MaxEndCycle: {1: 2}
parallelismSelector::VERBO:        - Critical path: entry
parallelismSelector::VERBO:     Collected Var penalties
parallelismSelector::VERBO:       L:5 V:39{1: 2}
parallelismSelector::VERBO:     Collected latencies
parallelismSelector::VERBO:       L:5{1: 3}
parallelismSelector::VERBO:     Collected Interval ranges
parallelismSelector::VERBO:       L:50
parallelismSelector::VERBO: 
parallelismSelector::VERBO: Analyzing Loop "process_loop" (LoopId 6):
parallelismSelector::VERBO:     MARegionScheduler::finalize():
parallelismSelector::VERBO:        - LoopId: 6 Label: process_loop
parallelismSelector::VERBO:          - EndCycles: for.body -> {1: 1}
parallelismSelector::VERBO:          - EndCycles: for.body_iso0 -> {1: 3}
parallelismSelector::VERBO:          - EndCycles: for.body_iso1 -> {1: 4}
parallelismSelector::VERBO:        - MaxEndCycle: {1: 4}
parallelismSelector::VERBO:        - Critical path: for.body, for.body_iso0, for.body_iso1
parallelismSelector::VERBO:     hasRAW: 1
parallelismSelector::VERBO:     Collect memory port metrics for LoopId: 6
                                
parallelismSelector::VERBO:        - IIMem: {1: 0}, OwnedIIMem: {1: 0}, NestedIIMem: {1: 0}
parallelismSelector::VERBO:     Collected Var penalties
parallelismSelector::VERBO:       L:5 V:39{1: 2}
parallelismSelector::VERBO:     Collected latencies
parallelismSelector::VERBO:       L:5{1: 3}
parallelismSelector::VERBO:       L:6{1: 4}
parallelismSelector::VERBO:     Collected Interval ranges
parallelismSelector::VERBO:       L:50
parallelismSelector::VERBO:       L:60
parallelismSelector::VERBO: 
parallelismSelector::VERBO: Analyzing Function "(anonymous namespace)::rgb_to_gray" (FunctionId 226):
parallelismSelector::VERBO:         LoopId: 6, Label: process_loop, TC: 2073600, IL: {1: 4}, IIMem: {1: 0}, IIDep 0
parallelismSelector::VERBO:         	pipeline Cycles: 2.0736e+06
parallelismSelector::VERBO:         Overall latency for nested loop (LoopId 6): 2073604
parallelismSelector::VERBO:     MARegionScheduler::finalize():
parallelismSelector::VERBO:        - Function: _ZN12_GLOBAL__N_111rgb_to_grayERN3hls6streamI17image_accel_rgb_tLi0EEERNS1_I7ap_uintILi8EELi0EEEj
parallelismSelector::VERBO:          - EndCycles: for.cond.for.end_crit_edge -> {1: 2073607}
parallelismSelector::VERBO:          - EndCycles: for.end -> {1: 2073607}
parallelismSelector::VERBO:          - EndCycles: entry -> {1: 1}
parallelismSelector::VERBO:          - EndCycles: for.body.lr.ph -> {1: 2}
parallelismSelector::VERBO:          - EndCycles: for.body_iso1 -> {1: 2073606}
parallelismSelector::VERBO:        - MaxEndCycle: {1: 2073607}
parallelismSelector::VERBO:        - Critical path: for.cond.for.end_crit_edge, for.end, for.body, entry, for.body.lr.ph, for.body_iso1
parallelismSelector::VERBO:     Collected Var penalties
parallelismSelector::VERBO:       L:5 V:39{1: 2}
parallelismSelector::VERBO:     Collected latencies
parallelismSelector::VERBO:       L:5{1: 3}
parallelismSelector::VERBO:       L:6{1: 4}
parallelismSelector::VERBO:     Collected Interval ranges
parallelismSelector::VERBO:       L:50
parallelismSelector::VERBO:       L:60
parallelismSelector::VERBO: 
parallelismSelector::VERBO: Analyzing Function "Outline_T5_F220_R4_Call" (FunctionId 232):
parallelismSelector::VERBO:     MARegionScheduler::finalize():
parallelismSelector::VERBO:        - Function: Outline_T5_F220_R4_Call
parallelismSelector::VERBO:          - EndCycles: newFuncRoot_iso0 -> {1: 2073608}
parallelismSelector::VERBO:          - EndCycles: newFuncRoot -> {1: 1}
parallelismSelector::VERBO:        - MaxEndCycle: {1: 2073608}
parallelismSelector::VERBO:        - Critical path: newFuncRoot_iso0, newFuncRoot
parallelismSelector::VERBO:     Collected Var penalties
parallelismSelector::VERBO:       L:5 V:39{1: 2}
parallelismSelector::VERBO:     Collected latencies
parallelismSelector::VERBO:       L:5{1: 3}
parallelismSelector::VERBO:       L:6{1: 4}
parallelismSelector::VERBO:     Collected Interval ranges
parallelismSelector::VERBO:       L:50
parallelismSelector::VERBO:       L:60
parallelismSelector::VERBO: 
parallelismSelector::VERBO: [LatencyEstimationVisitor] CallSite: CS(6 F=233) (92->40)(93->43)
parallelismSelector::VERBO: [LatencyEstimationVisitor] Equivalence table
                             Object with value: 92 is mapped to the object with value: 40
                             Object with value: 93 is mapped to the object with value: 43
                            
parallelismSelector::VERBO: [LatencyEstimationVisitor] CallSite: CS(10 F=227) (65->92)(66->93)
parallelismSelector::VERBO: [LatencyEstimationVisitor] Equivalence table
                             Object with value: 65 is mapped to the object with value: 40
                             Object with value: 66 is mapped to the object with value: 43
                             Object with value: 92 is mapped to the object with value: 40
                             Object with value: 93 is mapped to the object with value: 43
                            
parallelismSelector::VERBO: Analyzing Loop "write_loop" (LoopId 7):
parallelismSelector::VERBO:     MARegionScheduler::finalize():
parallelismSelector::VERBO:        - LoopId: 7 Label: write_loop
parallelismSelector::VERBO:          - EndCycles: for.body -> {1: 1}
parallelismSelector::VERBO:        - MaxEndCycle: {1: 1}
parallelismSelector::VERBO:        - Critical path: for.body
parallelismSelector::VERBO:     hasRAW: 1
parallelismSelector::VERBO:     Collect memory port metrics for LoopId: 7
                                
parallelismSelector::VERBO:     VarId: 65, number of direct accesses: 1, number of indirect accesses: 0, RequiredPorts: 1, Available ports: 1
                                
parallelismSelector::VERBO:        - IIMem: {1: 1}, OwnedIIMem: {1: 1}, NestedIIMem: {1: 0}
parallelismSelector::VERBO:     Collected Var penalties
parallelismSelector::VERBO:       L:5 V:39{1: 2}
parallelismSelector::VERBO:       L:7 V:40{1: 0}
parallelismSelector::VERBO:     Collected latencies
parallelismSelector::VERBO:       L:5{1: 3}
parallelismSelector::VERBO:       L:6{1: 4}
parallelismSelector::VERBO:       L:7{1: 1}
parallelismSelector::VERBO:     Collected Interval ranges
parallelismSelector::VERBO:       L:50
parallelismSelector::VERBO:       L:60
parallelismSelector::VERBO:       L:70
parallelismSelector::VERBO: 
parallelismSelector::VERBO: Analyzing Function "(anonymous namespace)::write_output" (FunctionId 227):
parallelismSelector::VERBO:         LoopId: 7, Label: write_loop, TC: 2073600, IL: {1: 1}, IIMem: {1: 1}, IIDep 0
parallelismSelector::VERBO:         	pipeline Cycles: 2.0736e+06
parallelismSelector::VERBO:         Overall latency for nested loop (LoopId 7): 2073601
parallelismSelector::VERBO:     MARegionScheduler::finalize():
parallelismSelector::VERBO:        - Function: _ZN12_GLOBAL__N_112write_outputEPVhRN3hls6streamI7ap_uintILi8EELi0EEEj
parallelismSelector::VERBO:          - EndCycles: for.body -> {1: 2073603}
parallelismSelector::VERBO:          - EndCycles: for.cond.for.end_crit_edge -> {1: 2073604}
parallelismSelector::VERBO:          - EndCycles: for.body.lr.ph -> {1: 2}
parallelismSelector::VERBO:          - EndCycles: for.end -> {1: 2073604}
parallelismSelector::VERBO:          - EndCycles: entry -> {1: 1}
parallelismSelector::VERBO:        - MaxEndCycle: {1: 2073604}
parallelismSelector::VERBO:        - Critical path: for.body, for.cond.for.end_crit_edge, for.body.lr.ph, for.end, entry
parallelismSelector::VERBO:     Collected Var penalties
parallelismSelector::VERBO:       L:5 V:39{1: 2}
parallelismSelector::VERBO:       L:7 V:40{1: 0}
parallelismSelector::VERBO:     Collected latencies
parallelismSelector::VERBO:       L:5{1: 3}
parallelismSelector::VERBO:       L:6{1: 4}
parallelismSelector::VERBO:       L:7{1: 1}
parallelismSelector::VERBO:     Collected Interval ranges
parallelismSelector::VERBO:       L:50
parallelismSelector::VERBO:       L:60
parallelismSelector::VERBO:       L:70
parallelismSelector::VERBO: 
parallelismSelector::VERBO: Analyzing Function "Outline_T6_F220_R5_Call" (FunctionId 233):
parallelismSelector::VERBO:     MARegionScheduler::finalize():
parallelismSelector::VERBO:        - Function: Outline_T6_F220_R5_Call
parallelismSelector::VERBO:          - EndCycles: newFuncRoot -> {1: 1}
parallelismSelector::VERBO:          - EndCycles: newFuncRoot_iso0 -> {1: 2073605}
parallelismSelector::VERBO:        - MaxEndCycle: {1: 2073605}
parallelismSelector::VERBO:        - Critical path: newFuncRoot, newFuncRoot_iso0
parallelismSelector::VERBO:     Collected Var penalties
parallelismSelector::VERBO:       L:5 V:39{1: 2}
parallelismSelector::VERBO:       L:7 V:40{1: 0}
parallelismSelector::VERBO:     Collected latencies
parallelismSelector::VERBO:       L:5{1: 3}
parallelismSelector::VERBO:       L:6{1: 4}
parallelismSelector::VERBO:       L:7{1: 1}
parallelismSelector::VERBO:     Collected Interval ranges
parallelismSelector::VERBO:       L:50
parallelismSelector::VERBO:       L:60
parallelismSelector::VERBO:       L:70
parallelismSelector::VERBO: 
parallelismSelector::VERBO: Analyzing Function "image_accel" (FunctionId 220):
parallelismSelector::VERBO:     MARegionScheduler::finalize():
parallelismSelector::VERBO:        - Function: image_accel
parallelismSelector::VERBO:          - EndCycles: entry -> {1: 1}
parallelismSelector::VERBO:          - EndCycles: codeRepl -> {1: 13}
parallelismSelector::VERBO:          - EndCycles: codeRepl1 -> {1: 6220821}
parallelismSelector::VERBO:          - EndCycles: codeRepl3 -> {1: 10368036}
parallelismSelector::VERBO:          - EndCycles: codeRepl2 -> {1: 8294430}
parallelismSelector::VERBO:          - EndCycles: entry_iso4 -> {1: 10368036}
parallelismSelector::VERBO:        - MaxEndCycle: {1: 10368036}
parallelismSelector::VERBO:        - Critical path: entry, codeRepl, codeRepl1, codeRepl3, codeRepl2, entry_iso4
parallelismSelector::VERBO:     Collected Var penalties
parallelismSelector::VERBO:       L:5 V:39{1: 2}
parallelismSelector::VERBO:       L:7 V:40{1: 0}
parallelismSelector::VERBO:     Collected latencies
parallelismSelector::VERBO:       L:5{1: 3}
parallelismSelector::VERBO:       L:6{1: 4}
parallelismSelector::VERBO:       L:7{1: 1}
parallelismSelector::VERBO:     Collected Interval ranges
parallelismSelector::VERBO:       L:50
parallelismSelector::VERBO:       L:60
parallelismSelector::VERBO:       L:70
parallelismSelector::VERBO: 
parallelismSelector::VERBO: Filling in latencies and intervals per loop...
parallelismSelector::VERBO:     Interval:
parallelismSelector::VERBO:     LoopId: 5, Label: read_loop, TC: 2073600, IL: {1: 3}, IIMem: {1: 3}, IIDep 0
parallelismSelector::VERBO:     	pipeline Cycles: 3
parallelismSelector::VERBO:     Latency:
parallelismSelector::VERBO:     LoopId: 5, Label: read_loop, TC: 2073600, IL: {1: 3}, IIMem: {1: 3}, IIDep 0
parallelismSelector::VERBO:     	pipeline Cycles: 6.2208e+06
parallelismSelector::VERBO:     Mem Interval:
parallelismSelector::VERBO:     Interval:
parallelismSelector::VERBO:     LoopId: 6, Label: process_loop, TC: 2073600, IL: {1: 4}, IIMem: {1: 0}, IIDep 0
parallelismSelector::VERBO:     	pipeline Cycles: 1
parallelismSelector::VERBO:     Latency:
parallelismSelector::VERBO:     LoopId: 6, Label: process_loop, TC: 2073600, IL: {1: 4}, IIMem: {1: 0}, IIDep 0
parallelismSelector::VERBO:     	pipeline Cycles: 2.0736e+06
parallelismSelector::VERBO:     Mem Interval:
parallelismSelector::VERBO:     Interval:
parallelismSelector::VERBO:     LoopId: 7, Label: write_loop, TC: 2073600, IL: {1: 1}, IIMem: {1: 1}, IIDep 0
parallelismSelector::VERBO:     	pipeline Cycles: 1
parallelismSelector::VERBO:     Latency:
parallelismSelector::VERBO:     LoopId: 7, Label: write_loop, TC: 2073600, IL: {1: 1}, IIMem: {1: 1}, IIDep 0
parallelismSelector::VERBO:     	pipeline Cycles: 2.0736e+06
parallelismSelector::VERBO:     Mem Interval:
parallelismSelector::VERBO: [AreaEstimationVisitor] Func: image_accel : 220
parallelismSelector::VERBO: [AreaEstimationVisitor] CallSite: CS(3 F=230) (84->42)(85->43)
parallelismSelector::VERBO:   New Equivalence table
                             Object with value: 84 is mapped to the object with value: 42
                             Object with value: 85 is mapped to the object with value: 43
                            
parallelismSelector::VERBO: [AreaEstimationVisitor] Func: Outline_T3_F220_R2_Atomic : 230
parallelismSelector::VERBO: [Finalize] Self shareable area: LUTs: 0 FFs: 0 DSPs: 0 BRAMs: 0
parallelismSelector::VERBO: [AreaEstimationVisitor] Total shareable area: LUTs: 0 FFs: 0 DSPs: 0 BRAMs: 0 Total unshareable area: LUTs: 0 FFs: 0 DSPs: 0 BRAMs: 0
parallelismSelector::VERBO: [AreaEstimationVisitor] Self shareable area: LUTs: 0 FFs: 0 DSPs: 0 BRAMs: 0 Self unshareable area: LUTs: 0 FFs: 0 DSPs: 0 BRAMs: 0
parallelismSelector::VERBO: [AreaEstimationVisitor] CallSite: CS(4 F=231) (86->39)(87->42)
parallelismSelector::VERBO:   New Equivalence table
                             Object with value: 86 is mapped to the object with value: 39
                             Object with value: 87 is mapped to the object with value: 42
                            
parallelismSelector::VERBO: [AreaEstimationVisitor] Func: Outline_T4_F220_R3_Call : 231
parallelismSelector::VERBO: [AreaEstimationVisitor] CallSite: CS(8 F=225) (48->86)(49->87)
parallelismSelector::VERBO:   New Equivalence table
                             Object with value: 48 is mapped to the object with value: 39
                             Object with value: 49 is mapped to the object with value: 42
                             Object with value: 86 is mapped to the object with value: 39
                             Object with value: 87 is mapped to the object with value: 42
                            
parallelismSelector::VERBO: [AreaEstimationVisitor] Func: _ZN12_GLOBAL__N_110read_inputEPVKhRN3hls6streamI17image_accel_rgb_tLi0EEEj : 225
parallelismSelector::VERBO: [AreaEstimationVisitor] Loop: 5
parallelismSelector::VERBO: [Finalize] Self shareable area: LUTs: 11 FFs: 1 DSPs: 0 BRAMs: 0
parallelismSelector::VERBO: [Finalize] ParallelOperationNumPerLoop: {}
parallelismSelector::VERBO: [Finalize] Contribution of this loop to shareable area: LUTs: 11 FFs: 1 DSPs: 0 BRAMs: 0
parallelismSelector::VERBO: [AreaEstimationVisitor] Total shareable area: LUTs: 11 FFs: 1 DSPs: 0 BRAMs: 0 Total unshareable area: LUTs: 188 FFs: 0 DSPs: 0 BRAMs: 0
parallelismSelector::VERBO: [AreaEstimationVisitor] Self shareable area: LUTs: 11 FFs: 1 DSPs: 0 BRAMs: 0 Self unshareable area: LUTs: 116 FFs: 0 DSPs: 0 BRAMs: 0
parallelismSelector::VERBO: [Finalize] Self shareable area: LUTs: 0 FFs: 0 DSPs: 0 BRAMs: 0
parallelismSelector::VERBO: [AreaEstimationVisitor] Total shareable area: LUTs: 11 FFs: 1 DSPs: 0 BRAMs: 0 Total unshareable area: LUTs: 208 FFs: 0 DSPs: 0 BRAMs: 0
parallelismSelector::VERBO: [AreaEstimationVisitor] Self shareable area: LUTs: 0 FFs: 0 DSPs: 0 BRAMs: 0 Self unshareable area: LUTs: 20 FFs: 0 DSPs: 0 BRAMs: 0
parallelismSelector::VERBO: [Finalize] Self shareable area: LUTs: 0 FFs: 0 DSPs: 0 BRAMs: 0
parallelismSelector::VERBO: [AreaEstimationVisitor] Total shareable area: LUTs: 0 FFs: 0 DSPs: 0 BRAMs: 0 Total unshareable area: LUTs: 0 FFs: 0 DSPs: 0 BRAMs: 0
parallelismSelector::VERBO: [AreaEstimationVisitor] Self shareable area: LUTs: 0 FFs: 0 DSPs: 0 BRAMs: 0 Self unshareable area: LUTs: 0 FFs: 0 DSPs: 0 BRAMs: 0
parallelismSelector::VERBO: [AreaEstimationVisitor] CallSite: CS(5 F=232) (89->42)(90->43)
parallelismSelector::VERBO:   New Equivalence table
                             Object with value: 89 is mapped to the object with value: 42
                             Object with value: 90 is mapped to the object with value: 43
                            
parallelismSelector::VERBO: [AreaEstimationVisitor] Func: Outline_T5_F220_R4_Call : 232
parallelismSelector::VERBO: [AreaEstimationVisitor] CallSite: CS(9 F=226) (58->89)(59->90)
parallelismSelector::VERBO:   New Equivalence table
                             Object with value: 58 is mapped to the object with value: 42
                             Object with value: 59 is mapped to the object with value: 43
                             Object with value: 89 is mapped to the object with value: 42
                             Object with value: 90 is mapped to the object with value: 43
                            
parallelismSelector::VERBO: [AreaEstimationVisitor] Func: _ZN12_GLOBAL__N_111rgb_to_grayERN3hls6streamI17image_accel_rgb_tLi0EEERNS1_I7ap_uintILi8EELi0EEEj : 226
parallelismSelector::VERBO: [AreaEstimationVisitor] Loop: 6
parallelismSelector::VERBO: [AreaEstimationVisitor] CallSite: CS(7 F=229) (79->62)(111->57)
parallelismSelector::VERBO:   New Equivalence table
                             Object with value: 58 is mapped to the object with value: 42
                             Object with value: 59 is mapped to the object with value: 43
                             Object with value: 79 is mapped to the object with value: 62
                             Object with value: 89 is mapped to the object with value: 42
                             Object with value: 90 is mapped to the object with value: 43
                             Object with value: 111 is mapped to the object with value: 57
                            
parallelismSelector::VERBO: [AreaEstimationVisitor] Func: _ZN12_GLOBAL__N_118grayscale_from_rgbERK17image_accel_rgb_t : 229
parallelismSelector::VERBO: [Finalize] Self shareable area: LUTs: 0 FFs: 0 DSPs: 0 BRAMs: 0
parallelismSelector::VERBO: [AreaEstimationVisitor] Total shareable area: LUTs: 0 FFs: 0 DSPs: 0 BRAMs: 0 Total unshareable area: LUTs: 156 FFs: 0 DSPs: 0 BRAMs: 0
parallelismSelector::VERBO: [AreaEstimationVisitor] Self shareable area: LUTs: 0 FFs: 0 DSPs: 0 BRAMs: 0 Self unshareable area: LUTs: 156 FFs: 0 DSPs: 0 BRAMs: 0
parallelismSelector::VERBO: [Finalize] Self shareable area: LUTs: 22 FFs: 2 DSPs: 0 BRAMs: 0
parallelismSelector::VERBO: [Finalize] ParallelOperationNumPerLoop: {}
parallelismSelector::VERBO: [Finalize] Contribution of this loop to shareable area: LUTs: 22 FFs: 2 DSPs: 0 BRAMs: 0
parallelismSelector::VERBO: [AreaEstimationVisitor] Total shareable area: LUTs: 22 FFs: 2 DSPs: 0 BRAMs: 0 Total unshareable area: LUTs: 176 FFs: 0 DSPs: 0 BRAMs: 0
parallelismSelector::VERBO: [AreaEstimationVisitor] Self shareable area: LUTs: 22 FFs: 2 DSPs: 0 BRAMs: 0 Self unshareable area: LUTs: 176 FFs: 0 DSPs: 0 BRAMs: 0
parallelismSelector::VERBO: [Finalize] Self shareable area: LUTs: 0 FFs: 0 DSPs: 0 BRAMs: 0
parallelismSelector::VERBO: [AreaEstimationVisitor] Total shareable area: LUTs: 22 FFs: 2 DSPs: 0 BRAMs: 0 Total unshareable area: LUTs: 196 FFs: 0 DSPs: 0 BRAMs: 0
parallelismSelector::VERBO: [AreaEstimationVisitor] Self shareable area: LUTs: 0 FFs: 0 DSPs: 0 BRAMs: 0 Self unshareable area: LUTs: 20 FFs: 0 DSPs: 0 BRAMs: 0
parallelismSelector::VERBO: [Finalize] Self shareable area: LUTs: 0 FFs: 0 DSPs: 0 BRAMs: 0
parallelismSelector::VERBO: [AreaEstimationVisitor] Total shareable area: LUTs: 0 FFs: 0 DSPs: 0 BRAMs: 0 Total unshareable area: LUTs: 0 FFs: 0 DSPs: 0 BRAMs: 0
parallelismSelector::VERBO: [AreaEstimationVisitor] Self shareable area: LUTs: 0 FFs: 0 DSPs: 0 BRAMs: 0 Self unshareable area: LUTs: 0 FFs: 0 DSPs: 0 BRAMs: 0
parallelismSelector::VERBO: [AreaEstimationVisitor] CallSite: CS(6 F=233) (92->40)(93->43)
parallelismSelector::VERBO:   New Equivalence table
                             Object with value: 92 is mapped to the object with value: 40
                             Object with value: 93 is mapped to the object with value: 43
                            
parallelismSelector::VERBO: [AreaEstimationVisitor] Func: Outline_T6_F220_R5_Call : 233
parallelismSelector::VERBO: [AreaEstimationVisitor] CallSite: CS(10 F=227) (65->92)(66->93)
parallelismSelector::VERBO:   New Equivalence table
                             Object with value: 65 is mapped to the object with value: 40
                             Object with value: 66 is mapped to the object with value: 43
                             Object with value: 92 is mapped to the object with value: 40
                             Object with value: 93 is mapped to the object with value: 43
                            
parallelismSelector::VERBO: [AreaEstimationVisitor] Func: _ZN12_GLOBAL__N_112write_outputEPVhRN3hls6streamI7ap_uintILi8EELi0EEEj : 227
parallelismSelector::VERBO: [AreaEstimationVisitor] Loop: 7
parallelismSelector::VERBO: [Finalize] Self shareable area: LUTs: 11 FFs: 1 DSPs: 0 BRAMs: 0
parallelismSelector::VERBO: [Finalize] ParallelOperationNumPerLoop: {}
parallelismSelector::VERBO: [Finalize] Contribution of this loop to shareable area: LUTs: 11 FFs: 1 DSPs: 0 BRAMs: 0
parallelismSelector::VERBO: [AreaEstimationVisitor] Total shareable area: LUTs: 11 FFs: 1 DSPs: 0 BRAMs: 0 Total unshareable area: LUTs: 44 FFs: 0 DSPs: 0 BRAMs: 0
parallelismSelector::VERBO: [AreaEstimationVisitor] Self shareable area: LUTs: 11 FFs: 1 DSPs: 0 BRAMs: 0 Self unshareable area: LUTs: 20 FFs: 0 DSPs: 0 BRAMs: 0
parallelismSelector::VERBO: [Finalize] Self shareable area: LUTs: 0 FFs: 0 DSPs: 0 BRAMs: 0
parallelismSelector::VERBO: [AreaEstimationVisitor] Total shareable area: LUTs: 11 FFs: 1 DSPs: 0 BRAMs: 0 Total unshareable area: LUTs: 64 FFs: 0 DSPs: 0 BRAMs: 0
parallelismSelector::VERBO: [AreaEstimationVisitor] Self shareable area: LUTs: 0 FFs: 0 DSPs: 0 BRAMs: 0 Self unshareable area: LUTs: 20 FFs: 0 DSPs: 0 BRAMs: 0
parallelismSelector::VERBO: [Finalize] Self shareable area: LUTs: 0 FFs: 0 DSPs: 0 BRAMs: 0
parallelismSelector::VERBO: [AreaEstimationVisitor] Total shareable area: LUTs: 0 FFs: 0 DSPs: 0 BRAMs: 0 Total unshareable area: LUTs: 0 FFs: 0 DSPs: 0 BRAMs: 0
parallelismSelector::VERBO: [AreaEstimationVisitor] Self shareable area: LUTs: 0 FFs: 0 DSPs: 0 BRAMs: 0 Self unshareable area: LUTs: 0 FFs: 0 DSPs: 0 BRAMs: 0
parallelismSelector::VERBO: [Finalize] Self shareable area: LUTs: 0 FFs: 0 DSPs: 0 BRAMs: 0
parallelismSelector::VERBO: [AreaEstimationVisitor] Total shareable area: LUTs: 0 FFs: 0 DSPs: 0 BRAMs: 0 Total unshareable area: LUTs: 0 FFs: 0 DSPs: 0 BRAMs: 0
parallelismSelector::VERBO: [AreaEstimationVisitor] Self shareable area: LUTs: 0 FFs: 0 DSPs: 0 BRAMs: 0 Self unshareable area: LUTs: 0 FFs: 0 DSPs: 0 BRAMs: 0
parallelismSelector::VERBO: Estimated metrics for the application:
parallelismSelector::VERBO: Loop with Id 5:
parallelismSelector::VERBO:     Variable with Id 48 (input_rgb):
parallelismSelector::VERBO:         II mem: 3 - 3
                                    NumAvailMemPorts: 1 - 1
                                    NumRequiredMemPorts: 3 - 3
parallelismSelector::VERBO:     Trip count: 1 - 2073600
parallelismSelector::VERBO:     II: 3 - 3
parallelismSelector::VERBO:     
parallelismSelector::VERBO: Loop with Id 6:
parallelismSelector::VERBO:     Trip count: 1 - 2073600
parallelismSelector::VERBO:     II: 1 - 1
parallelismSelector::VERBO:     
parallelismSelector::VERBO: Loop with Id 7:
parallelismSelector::VERBO:     Variable with Id 65 (output_gray):
parallelismSelector::VERBO:         II mem: 1 - 1
                                    NumAvailMemPorts: 1 - 1
                                    NumRequiredMemPorts: 1 - 1
parallelismSelector::VERBO:     Trip count: 1 - 2073600
parallelismSelector::VERBO:     II: 1 - 1
parallelismSelector::VERBO:     
parallelismSelector::VERBO: Function with Id 220:
parallelismSelector::VERBO:     Interval: 10368037 - 10368037
                                Latency: 10368036 - 10368036
parallelismSelector::VERBO: Function with Id 225:
parallelismSelector::VERBO:     Interval: 6220807 - 6220807
                                Latency: 6220806 - 6220806
parallelismSelector::VERBO: Function with Id 226:
parallelismSelector::VERBO:     Interval: 2073608 - 2073608
                                Latency: 2073607 - 2073607
parallelismSelector::VERBO: Function with Id 227:
parallelismSelector::VERBO:     Interval: 2073605 - 2073605
                                Latency: 2073604 - 2073604
parallelismSelector::VERBO: Function with Id 229:
parallelismSelector::VERBO:     Interval: 3 - 3
                                Latency: 2 - 2
parallelismSelector::VERBO: Function with Id 230:
parallelismSelector::VERBO:     Interval: 12 - 12
                                Latency: 11 - 11
parallelismSelector::VERBO: Function with Id 231:
parallelismSelector::VERBO:     Interval: 6220808 - 6220808
                                Latency: 6220807 - 6220807
parallelismSelector::VERBO: Function with Id 232:
parallelismSelector::VERBO:     Interval: 2073609 - 2073609
                                Latency: 2073608 - 2073608
parallelismSelector::VERBO: Function with Id 233:
parallelismSelector::VERBO:     Interval: 2073606 - 2073606
                                Latency: 2073605 - 2073605
parallelismSelector::VERBO: Adding CallGuidance(SourceRange: /home/ronny/tec/high-level-design-for-electronics/homework/homework-3/hls-gem5-rgb2gray/hls/src/image_accel.cpp:108-108:5-49, TI: 6220807) for RegionTask 'Task(T4,F220,R3)'
parallelismSelector::VERBO: Adding CallGuidance(SourceRange: /home/ronny/tec/high-level-design-for-electronics/homework/homework-3/hls-gem5-rgb2gray/hls/src/image_accel.cpp:109-109:5-52, TI: 2073608) for RegionTask 'Task(T5,F220,R4)'
parallelismSelector::VERBO: Adding CallGuidance(SourceRange: /home/ronny/tec/high-level-design-for-electronics/homework/homework-3/hls-gem5-rgb2gray/hls/src/image_accel.cpp:110-110:5-54, TI: 2073605) for RegionTask 'Task(T6,F220,R5)'
