INFO-FLOW: Workspace /home/ronny/tec/high-level-design-for-electronics/homework/homework-3/hls-gem5-rgb2gray/hls/image_accel/image_accel/hls opened at Sat Jul 11 19:10:58 CST 2026
Execute     send_msg_by_id INFO @200-1505@%s%s default  vivado 
INFO: [HLS 200-1505] Using default flow_target 'vivado'
Execute   apply_ini /home/ronny/tec/high-level-design-for-electronics/homework/homework-3/hls-gem5-rgb2gray/hls/image_accel/hls_config.cfg 
Execute     send_msg_by_id INFO @200-1465@%s 'syn.file=/home/ronny/tec/high-level-design-for-electronics/homework/homework-3/hls-gem5-rgb2gray/hls/src/image_accel.cpp' from /home/ronny/tec/high-level-design-for-electronics/homework/homework-3/hls-gem5-rgb2gray/hls/image_accel/hls_config.cfg(8) 
INFO: [HLS 200-1465] Applying ini 'syn.file=/home/ronny/tec/high-level-design-for-electronics/homework/homework-3/hls-gem5-rgb2gray/hls/src/image_accel.cpp' from /home/ronny/tec/high-level-design-for-electronics/homework/homework-3/hls-gem5-rgb2gray/hls/image_accel/hls_config.cfg(8)
Execute     add_files /home/ronny/tec/high-level-design-for-electronics/homework/homework-3/hls-gem5-rgb2gray/hls/src/image_accel.cpp 
INFO: [HLS 200-10] Adding design file '/home/ronny/tec/high-level-design-for-electronics/homework/homework-3/hls-gem5-rgb2gray/hls/src/image_accel.cpp' to the project
Execute     send_msg_by_id INFO @200-1465@%s 'syn.file=/home/ronny/tec/high-level-design-for-electronics/homework/homework-3/hls-gem5-rgb2gray/hls/src/image_accel.hpp' from /home/ronny/tec/high-level-design-for-electronics/homework/homework-3/hls-gem5-rgb2gray/hls/image_accel/hls_config.cfg(9) 
INFO: [HLS 200-1465] Applying ini 'syn.file=/home/ronny/tec/high-level-design-for-electronics/homework/homework-3/hls-gem5-rgb2gray/hls/src/image_accel.hpp' from /home/ronny/tec/high-level-design-for-electronics/homework/homework-3/hls-gem5-rgb2gray/hls/image_accel/hls_config.cfg(9)
Execute     add_files /home/ronny/tec/high-level-design-for-electronics/homework/homework-3/hls-gem5-rgb2gray/hls/src/image_accel.hpp 
INFO: [HLS 200-10] Adding design file '/home/ronny/tec/high-level-design-for-electronics/homework/homework-3/hls-gem5-rgb2gray/hls/src/image_accel.hpp' to the project
Execute     send_msg_by_id INFO @200-1465@%s 'syn.file=/home/ronny/tec/high-level-design-for-electronics/homework/homework-3/hls-gem5-rgb2gray/hls/src/image_accel_types.hpp' from /home/ronny/tec/high-level-design-for-electronics/homework/homework-3/hls-gem5-rgb2gray/hls/image_accel/hls_config.cfg(10) 
INFO: [HLS 200-1465] Applying ini 'syn.file=/home/ronny/tec/high-level-design-for-electronics/homework/homework-3/hls-gem5-rgb2gray/hls/src/image_accel_types.hpp' from /home/ronny/tec/high-level-design-for-electronics/homework/homework-3/hls-gem5-rgb2gray/hls/image_accel/hls_config.cfg(10)
Execute     add_files /home/ronny/tec/high-level-design-for-electronics/homework/homework-3/hls-gem5-rgb2gray/hls/src/image_accel_types.hpp 
INFO: [HLS 200-10] Adding design file '/home/ronny/tec/high-level-design-for-electronics/homework/homework-3/hls-gem5-rgb2gray/hls/src/image_accel_types.hpp' to the project
Execute     send_msg_by_id INFO @200-1465@%s 'syn.top=image_accel' from /home/ronny/tec/high-level-design-for-electronics/homework/homework-3/hls-gem5-rgb2gray/hls/image_accel/hls_config.cfg(7) 
INFO: [HLS 200-1465] Applying ini 'syn.top=image_accel' from /home/ronny/tec/high-level-design-for-electronics/homework/homework-3/hls-gem5-rgb2gray/hls/image_accel/hls_config.cfg(7)
Execute     set_top image_accel 
Execute     send_msg_by_id INFO @200-1465@%s 'flow_target=vivado' from /home/ronny/tec/high-level-design-for-electronics/homework/homework-3/hls-gem5-rgb2gray/hls/image_accel/hls_config.cfg(4) 
INFO: [HLS 200-1465] Applying ini 'flow_target=vivado' from /home/ronny/tec/high-level-design-for-electronics/homework/homework-3/hls-gem5-rgb2gray/hls/image_accel/hls_config.cfg(4)
Execute     send_msg_by_id INFO @200-1505@%s%s  vivado 
INFO: [HLS 200-1505] Using flow_target 'vivado'
Execute     send_msg_by_id INFO @200-1465@%s 'part=xck26-sfvc784-2LV-c' from /home/ronny/tec/high-level-design-for-electronics/homework/homework-3/hls-gem5-rgb2gray/hls/image_accel/hls_config.cfg(1) 
INFO: [HLS 200-1465] Applying ini 'part=xck26-sfvc784-2LV-c' from /home/ronny/tec/high-level-design-for-electronics/homework/homework-3/hls-gem5-rgb2gray/hls/image_accel/hls_config.cfg(1)
Execute     set_part xck26-sfvc784-2LV-c 
Execute       create_platform xck26-sfvc784-2LV-c -board  
DBG:HLSDevice: Trying to load device library: /tools/Xilinx/Vitis_HLS/2024.1/lib/lnx64.o/libxv_hlsvwrap.so
DBG:HLSDevice: first parts/arch.xml in RDI_DATADIR: /tools/Xilinx/Vivado/2024.1/data/parts/arch.xml
DBG:HLSDevice: init success
INFO: [HLS 200-1611] Setting target device to 'xck26-sfvc784-2LV-c'
Command       create_platform done; 2.02 sec.
Execute       source /tools/Xilinx/Vitis_HLS/2024.1/common/technology/xilinx/common/xilinx.gen 
Execute         source /tools/Xilinx/Vitis_HLS/2024.1/common/technology/xilinx/interface/plb46.gen 
Execute         source /tools/Xilinx/Vitis_HLS/2024.1/common/technology/xilinx/interface/axi4.gen 
Execute         source /tools/Xilinx/Vitis_HLS/2024.1/common/technology/xilinx/interface/nativeAXI4.gen 
Execute           source /tools/Xilinx/Vitis_HLS/2024.1/common/technology/xilinx/interface/saxilite.gen 
Execute         source /tools/Xilinx/Vitis_HLS/2024.1/common/technology/xilinx/scripts/xilinxcoregen.gen 
Execute         source /tools/Xilinx/Vitis_HLS/2024.1/common/technology/xilinx/interface/XilEDKCoreGen.gen 
Execute         source /tools/Xilinx/Vitis_HLS/2024.1/common/technology/xilinx/ip/dds_compiler.gen 
Execute         source /tools/Xilinx/Vitis_HLS/2024.1/common/technology/xilinx/ip/util.gen 
Execute         source /tools/Xilinx/Vitis_HLS/2024.1/common/technology/xilinx/ip/xfft.gen 
Execute         source /tools/Xilinx/Vitis_HLS/2024.1/common/technology/xilinx/ip/xfir.gen 
Execute         source /tools/Xilinx/Vitis_HLS/2024.1/common/technology/xilinx/DSP48/dsp48.gen 
Command       ap_source done; 0.12 sec.
Execute       ap_part_info -name xck26-sfvc784-2LV-c -data info 
Execute       config_compile -quiet -complex-mul-dsp=0 
Command     set_part done; 2.19 sec.
Execute     send_msg_by_id INFO @200-1465@%s 'clock=4ns' from /home/ronny/tec/high-level-design-for-electronics/homework/homework-3/hls-gem5-rgb2gray/hls/image_accel/hls_config.cfg(11) 
INFO: [HLS 200-1465] Applying ini 'clock=4ns' from /home/ronny/tec/high-level-design-for-electronics/homework/homework-3/hls-gem5-rgb2gray/hls/image_accel/hls_config.cfg(11)
Execute     create_clock -period 4ns 
Execute       ap_set_clock -name default -period 4 -unit ns -default=false 
INFO: [SYN 201-201] Setting up clock 'default' with a period of 4ns.
Execute     send_msg_by_id INFO @200-1465@%s 'clock_uncertainty=12.5%' from /home/ronny/tec/high-level-design-for-electronics/homework/homework-3/hls-gem5-rgb2gray/hls/image_accel/hls_config.cfg(12) 
INFO: [HLS 200-1465] Applying ini 'clock_uncertainty=12.5%' from /home/ronny/tec/high-level-design-for-electronics/homework/homework-3/hls-gem5-rgb2gray/hls/image_accel/hls_config.cfg(12)
Execute     set_clock_uncertainty 12.5% 
Execute       ap_set_clock -name default -uncertainty 0.5 -unit % 
INFO: [SYN 201-201] Setting up clock 'default' with an uncertainty of 0.5ns.
Execute     send_msg_by_id INFO @200-1465@%s 'package.output.format=ip_catalog' from /home/ronny/tec/high-level-design-for-electronics/homework/homework-3/hls-gem5-rgb2gray/hls/image_accel/hls_config.cfg(5) 
INFO: [HLS 200-1465] Applying ini 'package.output.format=ip_catalog' from /home/ronny/tec/high-level-design-for-electronics/homework/homework-3/hls-gem5-rgb2gray/hls/image_accel/hls_config.cfg(5)
Execute     config_export -format=ip_catalog 
Command   apply_ini done; 2.23 sec.
Execute   apply_ini /home/ronny/tec/high-level-design-for-electronics/homework/homework-3/hls-gem5-rgb2gray/hls/image_accel/image_accel/hls/config.cmdline 
Execute   csynth_design 
Execute     AP::app_get_file_relativeroot [AP::app_get_root] {}
Execute     AP::app_get_file_relativeroot [AP::app_get_root] {}
Execute     AP::app_get_file_relativeroot [AP::app_get_root] {}
INFO-FLOW: Running SLX 'csynth' proc: ::SLX::run_csynth
Execute     elaborate -effort=medium -skip_syncheck=0 -keep_printf=0 -skip_cdt=0 -skip_transform=0 -ng=0 -g=0 -opt_fp=0 -from_csynth_design=1 
INFO: [HLS 200-111] Finished File checks and directory preparation: CPU user time: 10.79 seconds. CPU system time: 0.43 seconds. Elapsed time: 11.3 seconds; current allocated memory: 342.723 MB.
Execute       set_directive_top image_accel -name=image_accel 
Execute       source /tools/Xilinx/Vitis_HLS/2024.1/tps/tcl/tcllib1.11.1/yaml/huddle.tcl 
Execute       source /tools/Xilinx/Vitis_HLS/2024.1/tps/tcl/tcllib1.11.1/yaml/json2huddle.tcl 
INFO: [HLS 200-10] Analyzing design file '../src/image_accel.cpp' ... 
INFO-FLOW: Compiling one TU...
INFO-FLOW: Handling ../src/image_accel.cpp as C++
Execute       ap_part_info -name xck26-sfvc784-2LV-c -data info 
INFO-FLOW: Running: GCC PP 39
INFO-FLOW: Source preprocessing
INFO-FLOW: run_clang exec: /tools/Xilinx/Vitis_HLS/2024.1/lnx64/tools/clang-3.9-csynth/bin/clang ../src/image_accel.cpp -foptimization-record-file=/home/ronny/tec/high-level-design-for-electronics/homework/homework-3/hls-gem5-rgb2gray/hls/image_accel/image_accel/hls/.autopilot/db/image_accel.cpp.clang.diag.yml -mllvm -pass-remarks-missed=reflow|pasta|unroll -mllvm -pass-remarks=reflow|pasta|unroll|inline -fno-limit-debug-info -gcc-toolchain /tools/Xilinx/Vitis_HLS/2024.1/tps/lnx64/gcc-8.3.0 -fhls -fno-exceptions -insert-hls-directive=/home/ronny/tec/high-level-design-for-electronics/homework/homework-3/hls-gem5-rgb2gray/hls/image_accel/image_accel/hls/.autopilot/db/all.directive.json -E -fno-math-errno -c -emit-llvm -mllvm -disable-llvm-optzns -Werror=implicit-function-declaration -Werror=implicit-hls-streams -Werror=return-type -Wpragmas -Wunused-parameter -Wdump-hls-pragmas -Wno-error=dump-hls-pragmas -hls-clock-period=4 -fno-threadsafe-statics -fno-use-cxa-atexit -std=gnu++14 -target fpga64-xilinx-linux-gnu -fno-threadsafe-statics -fno-use-cxa-atexit -D__VITIS_HLS__ -DAESL_SYN -D__SYNTHESIS__ -D__HLS_SYN__ -I /tools/Xilinx/Vitis_HLS/2024.1/common/technology/autopilot -I /tools/Xilinx/Vitis_HLS/2024.1/common/technology/autopilot/ap_sysc -include etc/autopilot_ssdm_op.h -D__DSP48E2__ -I /usr/include/x86_64-linux-gnu -o /home/ronny/tec/high-level-design-for-electronics/homework/homework-3/hls-gem5-rgb2gray/hls/image_accel/image_accel/hls/.autopilot/db/image_accel.pp.0.cpp -hls-platform-db-name=/tools/Xilinx/Vitis_HLS/2024.1/common/technology/xilinx/common/platform.db -hls-platform-name=zynquplus_medium -device-resource-info=BRAM_288.000000_DSP_1248.000000_FF_234240.000000_LUT_117120.000000_SLICE_14640.000000_URAM_64.000000 -device-name-info=xck26-sfvc784-2LV-c > /home/ronny/tec/high-level-design-for-electronics/homework/homework-3/hls-gem5-rgb2gray/hls/image_accel/image_accel/hls/.autopilot/db/image_accel.cpp.clang.out.log 2> /home/ronny/tec/high-level-design-for-electronics/homework/homework-3/hls-gem5-rgb2gray/hls/image_accel/image_accel/hls/.autopilot/db/image_accel.cpp.clang.err.log
INFO-FLOW: Done: GCC PP 39 time: 0.6 seconds per iteration
INFO-FLOW: Source syntax check for synthesis
INFO-FLOW: run_clang exec: /tools/Xilinx/Vitis_HLS/2024.1/lnx64/tools/clang-3.9-csynth/bin/clang -foptimization-record-file=/home/ronny/tec/high-level-design-for-electronics/homework/homework-3/hls-gem5-rgb2gray/hls/image_accel/image_accel/hls/.autopilot/db/clang.diag.yml -mllvm -pass-remarks-missed=reflow|pasta|unroll -mllvm -pass-remarks=reflow|pasta|unroll|inline -fsyntax-only -fhls -target fpga64-xilinx-linux-gnu /home/ronny/tec/high-level-design-for-electronics/homework/homework-3/hls-gem5-rgb2gray/hls/image_accel/image_accel/hls/.autopilot/db/image_accel.pp.0.cpp -hls-platform-db-name=/tools/Xilinx/Vitis_HLS/2024.1/common/technology/xilinx/common/platform.db -hls-platform-name=zynquplus_medium -device-resource-info=BRAM_288.000000_DSP_1248.000000_FF_234240.000000_LUT_117120.000000_SLICE_14640.000000_URAM_64.000000 -device-name-info=xck26-sfvc784-2LV-c > /home/ronny/tec/high-level-design-for-electronics/homework/homework-3/hls-gem5-rgb2gray/hls/image_accel/image_accel/hls/.autopilot/db/clang.out.log 2> /home/ronny/tec/high-level-design-for-electronics/homework/homework-3/hls-gem5-rgb2gray/hls/image_accel/image_accel/hls/.autopilot/db/clang.err.log
Execute       clang_tidy xilinx-systemc-detector -desc systemc-detector /home/ronny/tec/high-level-design-for-electronics/homework/homework-3/hls-gem5-rgb2gray/hls/image_accel/image_accel/hls/.autopilot/db/image_accel.pp.0.cpp std=gnu++14 -target fpga  -directive=/home/ronny/tec/high-level-design-for-electronics/homework/homework-3/hls-gem5-rgb2gray/hls/image_accel/image_accel/hls/.autopilot/db/.systemc_flag 
INFO-FLOW: exec /tools/Xilinx/Vitis_HLS/2024.1/lnx64/tools/clang-3.9-csynth/bin/clang-tidy -header-filter=.* --checks=-*,xilinx-systemc-detector -import-directive=/home/ronny/tec/high-level-design-for-electronics/homework/homework-3/hls-gem5-rgb2gray/hls/image_accel/image_accel/hls/.autopilot/db/.systemc_flag -fix-errors /home/ronny/tec/high-level-design-for-electronics/homework/homework-3/hls-gem5-rgb2gray/hls/image_accel/image_accel/hls/.autopilot/db/image_accel.pp.0.cpp -- -std=gnu++14 -target fpga -fhls -ferror-limit=0
Command       clang_tidy done; 0.56 sec.
INFO-FLOW: Running: clang-tidy CDT preprocess 39
Execute       clang_tidy xilinx-directive2pragma -desc directive2pragma /home/ronny/tec/high-level-design-for-electronics/homework/homework-3/hls-gem5-rgb2gray/hls/image_accel/image_accel/hls/.autopilot/db/image_accel.pp.0.cpp std=gnu++14 -target fpga  -directive=/home/ronny/tec/high-level-design-for-electronics/homework/homework-3/hls-gem5-rgb2gray/hls/image_accel/image_accel/hls/.autopilot/db/all.directive.json 
INFO-FLOW: exec /tools/Xilinx/Vitis_HLS/2024.1/lnx64/tools/clang-3.9-csynth/bin/clang-tidy -header-filter=.* --checks=-*,xilinx-directive2pragma -import-directive=/home/ronny/tec/high-level-design-for-electronics/homework/homework-3/hls-gem5-rgb2gray/hls/image_accel/image_accel/hls/.autopilot/db/all.directive.json -fix-errors /home/ronny/tec/high-level-design-for-electronics/homework/homework-3/hls-gem5-rgb2gray/hls/image_accel/image_accel/hls/.autopilot/db/image_accel.pp.0.cpp -- -std=gnu++14 -target fpga -fhls -ferror-limit=0
Command       clang_tidy done; 0.7 sec.
INFO-FLOW: Done: clang-tidy CDT preprocess 39 time: 0.7 seconds per iteration
INFO-FLOW: Calling xilinx-label-all-loops ... 
INFO-FLOW: Calling xilinx-aggregate-on-hls-vector ... 
Execute       clang_tidy -errorcheck -desc loop-label xilinx-label-all-loops,xilinx-aggregate-on-hls-vector,,xilinx-warn-mayneed-no-ctor-attribute /home/ronny/tec/high-level-design-for-electronics/homework/homework-3/hls-gem5-rgb2gray/hls/image_accel/image_accel/hls/.autopilot/db/image_accel.pp.0.cpp std=gnu++14 -target fpga  
INFO-FLOW: run_clang exec: /tools/Xilinx/Vitis_HLS/2024.1/lnx64/tools/clang-3.9-csynth/bin/clang-tidy -export-fixes=/home/ronny/tec/high-level-design-for-electronics/homework/homework-3/hls-gem5-rgb2gray/hls/image_accel/image_accel/hls/.autopilot/db/image_accel.pp.0.cpp.clang-tidy.loop-label.diag.yml -header-filter=.* --checks=-*,xilinx-label-all-loops,xilinx-aggregate-on-hls-vector,,xilinx-warn-mayneed-no-ctor-attribute -fix-errors /home/ronny/tec/high-level-design-for-electronics/homework/homework-3/hls-gem5-rgb2gray/hls/image_accel/image_accel/hls/.autopilot/db/image_accel.pp.0.cpp -- -std=gnu++14 -target fpga -fhls -ferror-limit=0 > /home/ronny/tec/high-level-design-for-electronics/homework/homework-3/hls-gem5-rgb2gray/hls/image_accel/image_accel/hls/.autopilot/db/image_accel.pp.0.cpp.clang-tidy.loop-label.out.log 2> /home/ronny/tec/high-level-design-for-electronics/homework/homework-3/hls-gem5-rgb2gray/hls/image_accel/image_accel/hls/.autopilot/db/image_accel.pp.0.cpp.clang-tidy.loop-label.err.log
Execute         source /tools/Xilinx/Vitis_HLS/2024.1/tps/tcl/tcllib1.11.1/yaml/yaml.tcl 
Command       clang_tidy done; 0.89 sec.
INFO-FLOW: run_clang exec: /tools/Xilinx/Vitis_HLS/2024.1/lnx64/tools/clang-3.9-csynth/bin/xilinx-dataflow-lawyer -export-fixes=/home/ronny/tec/high-level-design-for-electronics/homework/homework-3/hls-gem5-rgb2gray/hls/image_accel/image_accel/hls/.autopilot/db/image_accel.pp.0.cpp.xilinx-dataflow-lawyer.diag.yml /home/ronny/tec/high-level-design-for-electronics/homework/homework-3/hls-gem5-rgb2gray/hls/image_accel/image_accel/hls/.autopilot/db/image_accel.pp.0.cpp -- -std=gnu++14 -target fpga -fhls -ferror-limit=0 -fstrict-dataflow > /home/ronny/tec/high-level-design-for-electronics/homework/homework-3/hls-gem5-rgb2gray/hls/image_accel/image_accel/hls/.autopilot/db/image_accel.pp.0.cpp.xilinx-dataflow-lawyer.out.log 2> /home/ronny/tec/high-level-design-for-electronics/homework/homework-3/hls-gem5-rgb2gray/hls/image_accel/image_accel/hls/.autopilot/db/image_accel.pp.0.cpp.xilinx-dataflow-lawyer.err.log
Execute       ap_part_info -name xck26-sfvc784-2LV-c -data info 
INFO-FLOW: compiling source code to llvm bc
INFO-FLOW: run_clang exec: /tools/Xilinx/Vitis_HLS/2024.1/lnx64/tools/clang-3.9-csynth/bin/clang -foptimization-record-file=/home/ronny/tec/high-level-design-for-electronics/homework/homework-3/hls-gem5-rgb2gray/hls/image_accel/image_accel/hls/.autopilot/db/image_accel.pp.0.cpp.clang.diag.yml -mllvm -pass-remarks-missed=reflow|pasta|unroll -mllvm -pass-remarks=reflow|pasta|unroll|inline -fno-limit-debug-info -fhls -flto -fno-exceptions -Wno-error=c++11-narrowing -hls-emit-hint-scope /home/ronny/tec/high-level-design-for-electronics/homework/homework-3/hls-gem5-rgb2gray/hls/image_accel/image_accel/hls/.autopilot/db/image_accel.pp.0.cpp -fno-math-errno -c -emit-llvm -mllvm -disable-llvm-optzns -Werror=implicit-function-declaration -Werror=implicit-hls-streams -Werror=return-type -Wpragmas -Wunused-parameter -Wdump-hls-pragmas -Wno-error=dump-hls-pragmas -hls-clock-period=4 -fno-threadsafe-statics -fno-use-cxa-atexit -std=gnu++14 -target fpga64-xilinx-linux-gnu -D__VITIS_HLS__ -DAESL_SYN -D__SYNTHESIS__ -D__HLS_SYN__ -I /tools/Xilinx/Vitis_HLS/2024.1/common/technology/autopilot -I /tools/Xilinx/Vitis_HLS/2024.1/common/technology/autopilot/ap_sysc -include etc/autopilot_ssdm_op.h -D__DSP48E2__ -g -o /home/ronny/tec/high-level-design-for-electronics/homework/homework-3/hls-gem5-rgb2gray/hls/image_accel/image_accel/hls/.autopilot/db/image_accel.bc -hls-platform-db-name=/tools/Xilinx/Vitis_HLS/2024.1/common/technology/xilinx/common/platform.db -hls-platform-name=zynquplus_medium -device-resource-info=BRAM_288.000000_DSP_1248.000000_FF_234240.000000_LUT_117120.000000_SLICE_14640.000000_URAM_64.000000 -device-name-info=xck26-sfvc784-2LV-c > /home/ronny/tec/high-level-design-for-electronics/homework/homework-3/hls-gem5-rgb2gray/hls/image_accel/image_accel/hls/.autopilot/db/image_accel.pp.0.cpp.clang.out.log 2> /home/ronny/tec/high-level-design-for-electronics/homework/homework-3/hls-gem5-rgb2gray/hls/image_accel/image_accel/hls/.autopilot/db/image_accel.pp.0.cpp.clang.err.log
INFO: [HLS 200-111] Finished Source Code Analysis and Preprocessing: CPU user time: 4.13 seconds. CPU system time: 0.83 seconds. Elapsed time: 5.32 seconds; current allocated memory: 344.605 MB.
INFO-FLOW: Linking Debug ...
INFO-FLOW: Linking dut bc code.
Execute       run_link_or_opt -out /home/ronny/tec/high-level-design-for-electronics/homework/homework-3/hls-gem5-rgb2gray/hls/image_accel/image_accel/hls/.autopilot/db/a.g.ld.0.bc -args  "/home/ronny/tec/high-level-design-for-electronics/homework/homework-3/hls-gem5-rgb2gray/hls/image_accel/image_accel/hls/.autopilot/db/image_accel.g.bc"  
INFO-FLOW: run_clang exec: /tools/Xilinx/Vitis_HLS/2024.1/lnx64/tools/clang-3.9-csynth/bin/llvm-link /home/ronny/tec/high-level-design-for-electronics/homework/homework-3/hls-gem5-rgb2gray/hls/image_accel/image_accel/hls/.autopilot/db/image_accel.g.bc -o /home/ronny/tec/high-level-design-for-electronics/homework/homework-3/hls-gem5-rgb2gray/hls/image_accel/image_accel/hls/.autopilot/db/a.g.ld.0.bc > /home/ronny/tec/high-level-design-for-electronics/homework/homework-3/hls-gem5-rgb2gray/hls/image_accel/image_accel/hls/.autopilot/db/a.g.ld.0.bc.llvm-link.out.log 2> /home/ronny/tec/high-level-design-for-electronics/homework/homework-3/hls-gem5-rgb2gray/hls/image_accel/image_accel/hls/.autopilot/db/a.g.ld.0.bc.llvm-link.err.log
INFO-FLOW: 
Execute       run_link_or_opt -opt -out /home/ronny/tec/high-level-design-for-electronics/homework/homework-3/hls-gem5-rgb2gray/hls/image_accel/image_accel/hls/.autopilot/db/a.g.ld.1.lower.bc -args /home/ronny/tec/high-level-design-for-electronics/homework/homework-3/hls-gem5-rgb2gray/hls/image_accel/image_accel/hls/.autopilot/db/a.g.ld.0.bc -reflow-lower-math-intrinsics 
INFO-FLOW: run_clang exec: /tools/Xilinx/Vitis_HLS/2024.1/lnx64/tools/clang-3.9-csynth/bin/opt -pass-remarks-missed=reflow|pasta|unroll -pass-remarks=reflow|pasta|unroll|inline -pass-remarks-output=/home/ronny/tec/high-level-design-for-electronics/homework/homework-3/hls-gem5-rgb2gray/hls/image_accel/image_accel/hls/.autopilot/db/a.g.ld.1.lower.bc.opt.diag.yml /home/ronny/tec/high-level-design-for-electronics/homework/homework-3/hls-gem5-rgb2gray/hls/image_accel/image_accel/hls/.autopilot/db/a.g.ld.0.bc -reflow-lower-math-intrinsics -o /home/ronny/tec/high-level-design-for-electronics/homework/homework-3/hls-gem5-rgb2gray/hls/image_accel/image_accel/hls/.autopilot/db/a.g.ld.1.lower.bc > /home/ronny/tec/high-level-design-for-electronics/homework/homework-3/hls-gem5-rgb2gray/hls/image_accel/image_accel/hls/.autopilot/db/a.g.ld.1.lower.bc.opt.out.log 2> /home/ronny/tec/high-level-design-for-electronics/homework/homework-3/hls-gem5-rgb2gray/hls/image_accel/image_accel/hls/.autopilot/db/a.g.ld.1.lower.bc.opt.err.log
INFO-FLOW: 
INFO-FLOW: Running: gen_design_size_report post-opt
INFO-FLOW: Done: gen_design_size_report post-opt time: 0 seconds per iteration
Command       run_link_or_opt done; 0.17 sec.
INFO-FLOW: Linking math bc lib
Execute       run_link_or_opt -out /home/ronny/tec/high-level-design-for-electronics/homework/homework-3/hls-gem5-rgb2gray/hls/image_accel/image_accel/hls/.autopilot/db/a.g.ld.2.m1.bc -args /home/ronny/tec/high-level-design-for-electronics/homework/homework-3/hls-gem5-rgb2gray/hls/image_accel/image_accel/hls/.autopilot/db/a.g.ld.1.lower.bc -only-needed /tools/Xilinx/Vitis_HLS/2024.1/lnx64/lib/libhlsm_39.bc /tools/Xilinx/Vitis_HLS/2024.1/lnx64/lib/libhlsmc++_39.bc 
INFO-FLOW: run_clang exec: /tools/Xilinx/Vitis_HLS/2024.1/lnx64/tools/clang-3.9-csynth/bin/llvm-link /home/ronny/tec/high-level-design-for-electronics/homework/homework-3/hls-gem5-rgb2gray/hls/image_accel/image_accel/hls/.autopilot/db/a.g.ld.1.lower.bc -only-needed /tools/Xilinx/Vitis_HLS/2024.1/lnx64/lib/libhlsm_39.bc /tools/Xilinx/Vitis_HLS/2024.1/lnx64/lib/libhlsmc++_39.bc -o /home/ronny/tec/high-level-design-for-electronics/homework/homework-3/hls-gem5-rgb2gray/hls/image_accel/image_accel/hls/.autopilot/db/a.g.ld.2.m1.bc > /home/ronny/tec/high-level-design-for-electronics/homework/homework-3/hls-gem5-rgb2gray/hls/image_accel/image_accel/hls/.autopilot/db/a.g.ld.2.m1.bc.llvm-link.out.log 2> /home/ronny/tec/high-level-design-for-electronics/homework/homework-3/hls-gem5-rgb2gray/hls/image_accel/image_accel/hls/.autopilot/db/a.g.ld.2.m1.bc.llvm-link.err.log
INFO-FLOW: 
Command       run_link_or_opt done; 2.05 sec.
Execute       run_link_or_opt -opt -out /home/ronny/tec/high-level-design-for-electronics/homework/homework-3/hls-gem5-rgb2gray/hls/image_accel/image_accel/hls/.autopilot/db/a.g.ld.3.fpc.bc -args /home/ronny/tec/high-level-design-for-electronics/homework/homework-3/hls-gem5-rgb2gray/hls/image_accel/image_accel/hls/.autopilot/db/a.g.ld.2.m1.bc -reflow-globaldce -hls-top-function-name=image_accel -reflow-float-conversion 
INFO-FLOW: run_clang exec: /tools/Xilinx/Vitis_HLS/2024.1/lnx64/tools/clang-3.9-csynth/bin/opt -pass-remarks-missed=reflow|pasta|unroll -pass-remarks=reflow|pasta|unroll|inline -pass-remarks-output=/home/ronny/tec/high-level-design-for-electronics/homework/homework-3/hls-gem5-rgb2gray/hls/image_accel/image_accel/hls/.autopilot/db/a.g.ld.3.fpc.bc.opt.diag.yml /home/ronny/tec/high-level-design-for-electronics/homework/homework-3/hls-gem5-rgb2gray/hls/image_accel/image_accel/hls/.autopilot/db/a.g.ld.2.m1.bc -reflow-globaldce -hls-top-function-name=image_accel -reflow-float-conversion -o /home/ronny/tec/high-level-design-for-electronics/homework/homework-3/hls-gem5-rgb2gray/hls/image_accel/image_accel/hls/.autopilot/db/a.g.ld.3.fpc.bc > /home/ronny/tec/high-level-design-for-electronics/homework/homework-3/hls-gem5-rgb2gray/hls/image_accel/image_accel/hls/.autopilot/db/a.g.ld.3.fpc.bc.opt.out.log 2> /home/ronny/tec/high-level-design-for-electronics/homework/homework-3/hls-gem5-rgb2gray/hls/image_accel/image_accel/hls/.autopilot/db/a.g.ld.3.fpc.bc.opt.err.log
INFO-FLOW: 
INFO-FLOW: Running: gen_design_size_report post-opt
INFO-FLOW: Done: gen_design_size_report post-opt time: 0 seconds per iteration
Command       run_link_or_opt done; 0.75 sec.
Execute       run_link_or_opt -out /home/ronny/tec/high-level-design-for-electronics/homework/homework-3/hls-gem5-rgb2gray/hls/image_accel/image_accel/hls/.autopilot/db/a.g.ld.4.m2.bc -args /home/ronny/tec/high-level-design-for-electronics/homework/homework-3/hls-gem5-rgb2gray/hls/image_accel/image_accel/hls/.autopilot/db/a.g.ld.3.fpc.bc -only-needed /tools/Xilinx/Vitis_HLS/2024.1/lnx64/lib/libfloatconversion_39.bc 
INFO-FLOW: run_clang exec: /tools/Xilinx/Vitis_HLS/2024.1/lnx64/tools/clang-3.9-csynth/bin/llvm-link /home/ronny/tec/high-level-design-for-electronics/homework/homework-3/hls-gem5-rgb2gray/hls/image_accel/image_accel/hls/.autopilot/db/a.g.ld.3.fpc.bc -only-needed /tools/Xilinx/Vitis_HLS/2024.1/lnx64/lib/libfloatconversion_39.bc -o /home/ronny/tec/high-level-design-for-electronics/homework/homework-3/hls-gem5-rgb2gray/hls/image_accel/image_accel/hls/.autopilot/db/a.g.ld.4.m2.bc > /home/ronny/tec/high-level-design-for-electronics/homework/homework-3/hls-gem5-rgb2gray/hls/image_accel/image_accel/hls/.autopilot/db/a.g.ld.4.m2.bc.llvm-link.out.log 2> /home/ronny/tec/high-level-design-for-electronics/homework/homework-3/hls-gem5-rgb2gray/hls/image_accel/image_accel/hls/.autopilot/db/a.g.ld.4.m2.bc.llvm-link.err.log
INFO-FLOW: 
Execute       run_link_or_opt -opt -out /home/ronny/tec/high-level-design-for-electronics/homework/homework-3/hls-gem5-rgb2gray/hls/image_accel/image_accel/hls/.autopilot/db/a.g.ld.5.gdce.bc -args /home/ronny/tec/high-level-design-for-electronics/homework/homework-3/hls-gem5-rgb2gray/hls/image_accel/image_accel/hls/.autopilot/db/a.g.ld.4.m2.bc -reflow-globaldce -hls-top-function-name=image_accel 
INFO-FLOW: run_clang exec: /tools/Xilinx/Vitis_HLS/2024.1/lnx64/tools/clang-3.9-csynth/bin/opt -pass-remarks-missed=reflow|pasta|unroll -pass-remarks=reflow|pasta|unroll|inline -pass-remarks-output=/home/ronny/tec/high-level-design-for-electronics/homework/homework-3/hls-gem5-rgb2gray/hls/image_accel/image_accel/hls/.autopilot/db/a.g.ld.5.gdce.bc.opt.diag.yml /home/ronny/tec/high-level-design-for-electronics/homework/homework-3/hls-gem5-rgb2gray/hls/image_accel/image_accel/hls/.autopilot/db/a.g.ld.4.m2.bc -reflow-globaldce -hls-top-function-name=image_accel -o /home/ronny/tec/high-level-design-for-electronics/homework/homework-3/hls-gem5-rgb2gray/hls/image_accel/image_accel/hls/.autopilot/db/a.g.ld.5.gdce.bc > /home/ronny/tec/high-level-design-for-electronics/homework/homework-3/hls-gem5-rgb2gray/hls/image_accel/image_accel/hls/.autopilot/db/a.g.ld.5.gdce.bc.opt.out.log 2> /home/ronny/tec/high-level-design-for-electronics/homework/homework-3/hls-gem5-rgb2gray/hls/image_accel/image_accel/hls/.autopilot/db/a.g.ld.5.gdce.bc.opt.err.log
INFO-FLOW: 
INFO-FLOW: Running: gen_design_size_report post-opt
INFO-FLOW: Done: gen_design_size_report post-opt time: 0 seconds per iteration
Execute       send_msg_by_id INFO @200-777@%s Vivado 
INFO: [HLS 200-777] Using interface defaults for 'Vivado' flow target.
Execute       is_m_axi_addr64 
INFO-FLOW: Doing LTO.
INFO-FLOW: run_clang (background poll_ms 5000) exec: /tools/Xilinx/Vitis_HLS/2024.1/lnx64/tools/clang-3.9-csynth/bin/clang -foptimization-record-file=/home/ronny/tec/high-level-design-for-electronics/homework/homework-3/hls-gem5-rgb2gray/hls/image_accel/image_accel/hls/.autopilot/db/a.g.ld.0.bc.clang.reflow.diag.yml -mllvm -pass-remarks-missed=reflow|pasta|unroll -mllvm -pass-remarks=reflow|pasta|unroll|inline -fhls -mllvm -hls-top-function-name=image_accel -mllvm -hls-db-dir -mllvm /home/ronny/tec/high-level-design-for-electronics/homework/homework-3/hls-gem5-rgb2gray/hls/image_accel/image_accel/hls/.autopilot/db -emit-llvm -c -target fpga64-xilinx-none -mllvm -xcl-xmlinfo=/home/ronny/tec/high-level-design-for-electronics/homework/homework-3/hls-gem5-rgb2gray/hls/image_accel/image_accel/hls/.autopilot/db/kernel.internal.xml -mllvm -top-io-mapping-info=/home/ronny/tec/high-level-design-for-electronics/homework/homework-3/hls-gem5-rgb2gray/hls/image_accel/image_accel/hls/.autopilot/db/top-io-fe.xml -mllvm -hls-bitcode-version=3.1 -mllvm -reflow-enable-slave-interface-default-setting=true -mllvm -gen-kernel-xml=false -mllvm -default-maxi-offset=slave -mllvm -maxi-latency=0 -mllvm -hls-maxi-data-size-in-bits=8 -mllvm -hls-maxi-max-data-size-in-bits=1024 -mllvm -hls-max-widen-size-in-bits=0 -mllvm -xcl-kernel-max-mem-ports=0 -mllvm -maxi-read-trans=16 -mllvm -maxi-write-trans=16 -mllvm -maxi-read-burst-len=16 -mllvm -maxi-write-burst-len=16 -mllvm -reflow-enable-saxi-64bits=0 -mllvm -reflow-basic-block-instr-threshold=200000 -mllvm -reflow-auto-pipeline-threshold=64 -mllvm -reflow-enable-maxi-auto-id-channel=0 -mllvm -enable-fp-thr=0 -mllvm -reflow-bdd-simplify-threshold=1048576 -mllvm -reflow-fanout-threshold=16 -mllvm -reflow-complete-threshold=4 -mllvm -reflow-array-promotion-threshold=64 -mllvm -assume-maxi-align=1 -mllvm -reflow-enable-dataflow-strict-mode-checking=1 -ftime-report -mllvm -time-passes -mllvm -reflow-auto-array-partition-mode=default -mllvm -reflow-enable-auto-small-array-partition=true -mllvm -reflow-enable-auto-array-partition-for-flatten=true -mllvm -reflow-enable-auto-parallel-performance-driven=true -mllvm -reflow-enable-partition-for-automation=true -mllvm -reflow-aggregate-bitwidth-threshold=4096 -mllvm -reflow-reserved-saxilite-registers=0 -mllvm -enable-reflow-auto-loop-pipeline -mllvm -reflow-max-unroll-threshold=409600 -mllvm -auto-unroll-tripcount-threshold=0 -mllvm -reflow-assume-no-address-wrap=true -mllvm -reflow-enable-occurrence-inference=true -mllvm -reflow-emit-hint-scope=true -mllvm -reflow-enable-codegen-with-if=true -mllvm -hls -mllvm -disable-inlined-alloca-merging=true -mllvm -default-clock-period=4 -mllvm -use_read_first_ram_in_loop=1 -mllvm -default-clock-uncertainty=0.5 -x ir /home/ronny/tec/high-level-design-for-electronics/homework/homework-3/hls-gem5-rgb2gray/hls/image_accel/image_accel/hls/.autopilot/db/a.g.ld.5.gdce.bc -o /home/ronny/tec/high-level-design-for-electronics/homework/homework-3/hls-gem5-rgb2gray/hls/image_accel/image_accel/hls/.autopilot/db/a.g.lto.bc -hls-platform-db-name=/tools/Xilinx/Vitis_HLS/2024.1/common/technology/xilinx/common/platform.db -hls-platform-name=zynquplus_medium -device-resource-info=BRAM_288.000000_DSP_1248.000000_FF_234240.000000_LUT_117120.000000_SLICE_14640.000000_URAM_64.000000 -device-name-info=xck26-sfvc784-2LV-c 2> /home/ronny/tec/high-level-design-for-electronics/homework/homework-3/hls-gem5-rgb2gray/hls/image_accel/image_accel/hls/.autopilot/db/a.g.ld.0.bc.clang.reflow.err.log bg_poll_cmd: ::AP::poll_clang_39_closed_source
Execute       send_msg_by_id INFO @200-1995@%s%s%s 844 Compile/Link /home/ronny/tec/high-level-design-for-electronics/homework/homework-3/hls-gem5-rgb2gray/hls/image_accel/image_accel/hls/syn/report/csynth_design_size.rpt 
INFO: [HLS 200-1995] There were 844 instructions in the design after the 'Compile/Link' phase of compilation. See the Design Size Report for more details: /home/ronny/tec/high-level-design-for-electronics/homework/homework-3/hls-gem5-rgb2gray/hls/image_accel/image_accel/hls/syn/report/csynth_design_size.rpt
Execute       send_msg_by_id INFO @200-1995@%s%s%s 118 Unroll/Inline (step 1) /home/ronny/tec/high-level-design-for-electronics/homework/homework-3/hls-gem5-rgb2gray/hls/image_accel/image_accel/hls/syn/report/csynth_design_size.rpt 
INFO: [HLS 200-1995] There were 118 instructions in the design after the 'Unroll/Inline (step 1)' phase of compilation. See the Design Size Report for more details: /home/ronny/tec/high-level-design-for-electronics/homework/homework-3/hls-gem5-rgb2gray/hls/image_accel/image_accel/hls/syn/report/csynth_design_size.rpt
Execute       send_msg_by_id INFO @200-1995@%s%s%s 103 Unroll/Inline (step 2) /home/ronny/tec/high-level-design-for-electronics/homework/homework-3/hls-gem5-rgb2gray/hls/image_accel/image_accel/hls/syn/report/csynth_design_size.rpt 
INFO: [HLS 200-1995] There were 103 instructions in the design after the 'Unroll/Inline (step 2)' phase of compilation. See the Design Size Report for more details: /home/ronny/tec/high-level-design-for-electronics/homework/homework-3/hls-gem5-rgb2gray/hls/image_accel/image_accel/hls/syn/report/csynth_design_size.rpt
Execute       send_msg_by_id INFO @200-1995@%s%s%s 108 Unroll/Inline (step 3) /home/ronny/tec/high-level-design-for-electronics/homework/homework-3/hls-gem5-rgb2gray/hls/image_accel/image_accel/hls/syn/report/csynth_design_size.rpt 
INFO: [HLS 200-1995] There were 108 instructions in the design after the 'Unroll/Inline (step 3)' phase of compilation. See the Design Size Report for more details: /home/ronny/tec/high-level-design-for-electronics/homework/homework-3/hls-gem5-rgb2gray/hls/image_accel/image_accel/hls/syn/report/csynth_design_size.rpt
Execute       send_msg_by_id INFO @200-1995@%s%s%s 108 Unroll/Inline (step 4) /home/ronny/tec/high-level-design-for-electronics/homework/homework-3/hls-gem5-rgb2gray/hls/image_accel/image_accel/hls/syn/report/csynth_design_size.rpt 
INFO: [HLS 200-1995] There were 108 instructions in the design after the 'Unroll/Inline (step 4)' phase of compilation. See the Design Size Report for more details: /home/ronny/tec/high-level-design-for-electronics/homework/homework-3/hls-gem5-rgb2gray/hls/image_accel/image_accel/hls/syn/report/csynth_design_size.rpt
Execute       send_msg_by_id INFO @200-1995@%s%s%s 97 Array/Struct (step 1) /home/ronny/tec/high-level-design-for-electronics/homework/homework-3/hls-gem5-rgb2gray/hls/image_accel/image_accel/hls/syn/report/csynth_design_size.rpt 
INFO: [HLS 200-1995] There were 97 instructions in the design after the 'Array/Struct (step 1)' phase of compilation. See the Design Size Report for more details: /home/ronny/tec/high-level-design-for-electronics/homework/homework-3/hls-gem5-rgb2gray/hls/image_accel/image_accel/hls/syn/report/csynth_design_size.rpt
Execute       send_msg_by_id INFO @200-1995@%s%s%s 97 Array/Struct (step 2) /home/ronny/tec/high-level-design-for-electronics/homework/homework-3/hls-gem5-rgb2gray/hls/image_accel/image_accel/hls/syn/report/csynth_design_size.rpt 
INFO: [HLS 200-1995] There were 97 instructions in the design after the 'Array/Struct (step 2)' phase of compilation. See the Design Size Report for more details: /home/ronny/tec/high-level-design-for-electronics/homework/homework-3/hls-gem5-rgb2gray/hls/image_accel/image_accel/hls/syn/report/csynth_design_size.rpt
Execute       send_msg_by_id INFO @200-1995@%s%s%s 99 Array/Struct (step 3) /home/ronny/tec/high-level-design-for-electronics/homework/homework-3/hls-gem5-rgb2gray/hls/image_accel/image_accel/hls/syn/report/csynth_design_size.rpt 
INFO: [HLS 200-1995] There were 99 instructions in the design after the 'Array/Struct (step 3)' phase of compilation. See the Design Size Report for more details: /home/ronny/tec/high-level-design-for-electronics/homework/homework-3/hls-gem5-rgb2gray/hls/image_accel/image_accel/hls/syn/report/csynth_design_size.rpt
Execute       send_msg_by_id INFO @200-1995@%s%s%s 135 Array/Struct (step 4) /home/ronny/tec/high-level-design-for-electronics/homework/homework-3/hls-gem5-rgb2gray/hls/image_accel/image_accel/hls/syn/report/csynth_design_size.rpt 
INFO: [HLS 200-1995] There were 135 instructions in the design after the 'Array/Struct (step 4)' phase of compilation. See the Design Size Report for more details: /home/ronny/tec/high-level-design-for-electronics/homework/homework-3/hls-gem5-rgb2gray/hls/image_accel/image_accel/hls/syn/report/csynth_design_size.rpt
Execute       send_msg_by_id INFO @200-1995@%s%s%s 141 Array/Struct (step 5) /home/ronny/tec/high-level-design-for-electronics/homework/homework-3/hls-gem5-rgb2gray/hls/image_accel/image_accel/hls/syn/report/csynth_design_size.rpt 
INFO: [HLS 200-1995] There were 141 instructions in the design after the 'Array/Struct (step 5)' phase of compilation. See the Design Size Report for more details: /home/ronny/tec/high-level-design-for-electronics/homework/homework-3/hls-gem5-rgb2gray/hls/image_accel/image_accel/hls/syn/report/csynth_design_size.rpt
Execute       send_msg_by_id INFO @200-1995@%s%s%s 141 Performance (step 1) /home/ronny/tec/high-level-design-for-electronics/homework/homework-3/hls-gem5-rgb2gray/hls/image_accel/image_accel/hls/syn/report/csynth_design_size.rpt 
INFO: [HLS 200-1995] There were 141 instructions in the design after the 'Performance (step 1)' phase of compilation. See the Design Size Report for more details: /home/ronny/tec/high-level-design-for-electronics/homework/homework-3/hls-gem5-rgb2gray/hls/image_accel/image_accel/hls/syn/report/csynth_design_size.rpt
Execute       send_msg_by_id INFO @200-1995@%s%s%s 141 Performance (step 2) /home/ronny/tec/high-level-design-for-electronics/homework/homework-3/hls-gem5-rgb2gray/hls/image_accel/image_accel/hls/syn/report/csynth_design_size.rpt 
INFO: [HLS 200-1995] There were 141 instructions in the design after the 'Performance (step 2)' phase of compilation. See the Design Size Report for more details: /home/ronny/tec/high-level-design-for-electronics/homework/homework-3/hls-gem5-rgb2gray/hls/image_accel/image_accel/hls/syn/report/csynth_design_size.rpt
Execute       send_msg_by_id INFO @200-1995@%s%s%s 138 Performance (step 3) /home/ronny/tec/high-level-design-for-electronics/homework/homework-3/hls-gem5-rgb2gray/hls/image_accel/image_accel/hls/syn/report/csynth_design_size.rpt 
INFO: [HLS 200-1995] There were 138 instructions in the design after the 'Performance (step 3)' phase of compilation. See the Design Size Report for more details: /home/ronny/tec/high-level-design-for-electronics/homework/homework-3/hls-gem5-rgb2gray/hls/image_accel/image_accel/hls/syn/report/csynth_design_size.rpt
Execute       send_msg_by_id INFO @200-1995@%s%s%s 138 Performance (step 4) /home/ronny/tec/high-level-design-for-electronics/homework/homework-3/hls-gem5-rgb2gray/hls/image_accel/image_accel/hls/syn/report/csynth_design_size.rpt 
INFO: [HLS 200-1995] There were 138 instructions in the design after the 'Performance (step 4)' phase of compilation. See the Design Size Report for more details: /home/ronny/tec/high-level-design-for-electronics/homework/homework-3/hls-gem5-rgb2gray/hls/image_accel/image_accel/hls/syn/report/csynth_design_size.rpt
Execute       send_msg_by_id INFO @200-1995@%s%s%s 138 HW Transforms (step 1) /home/ronny/tec/high-level-design-for-electronics/homework/homework-3/hls-gem5-rgb2gray/hls/image_accel/image_accel/hls/syn/report/csynth_design_size.rpt 
INFO: [HLS 200-1995] There were 138 instructions in the design after the 'HW Transforms (step 1)' phase of compilation. See the Design Size Report for more details: /home/ronny/tec/high-level-design-for-electronics/homework/homework-3/hls-gem5-rgb2gray/hls/image_accel/image_accel/hls/syn/report/csynth_design_size.rpt
Execute       send_msg_by_id INFO @200-1995@%s%s%s 146 HW Transforms (step 2) /home/ronny/tec/high-level-design-for-electronics/homework/homework-3/hls-gem5-rgb2gray/hls/image_accel/image_accel/hls/syn/report/csynth_design_size.rpt 
INFO: [HLS 200-1995] There were 146 instructions in the design after the 'HW Transforms (step 2)' phase of compilation. See the Design Size Report for more details: /home/ronny/tec/high-level-design-for-electronics/homework/homework-3/hls-gem5-rgb2gray/hls/image_accel/image_accel/hls/syn/report/csynth_design_size.rpt
INFO: [HLS 214-131] Inlining function '(anonymous namespace)::grayscale_from_rgb(image_accel_rgb_t const&)' into '(anonymous namespace)::rgb_to_gray(hls::stream<image_accel_rgb_t, 0>&, hls::stream<ap_uint<8>, 0>&, unsigned int)' (../src/image_accel.cpp:58:27)
INFO: [HLS 214-241] Aggregating fifo (hls::stream) variable 'rgb_stream' with compact=bit mode in 24-bits (../src/image_accel.cpp:103:15)
INFO-FLOW: DBG:PUTS: copy_raw_kernel_xml ap_link_39: kernel.xml not generated: /home/ronny/tec/high-level-design-for-electronics/homework/homework-3/hls-gem5-rgb2gray/hls/image_accel/image_accel/hls/.autopilot/db/kernel.internal.xml
INFO: [HLS 200-111] Finished Compiling Optimization and Transform: CPU user time: 3.26 seconds. CPU system time: 0.71 seconds. Elapsed time: 8.33 seconds; current allocated memory: 346.402 MB.
INFO: [HLS 200-111] Finished Checking Pragmas: CPU user time: 0 seconds. CPU system time: 0 seconds. Elapsed time: 0 seconds; current allocated memory: 346.402 MB.
Execute       opt_and_import_c a -opt_level=2 -skip_syncheck=0 -ng=0 -keep_printf=0 
Execute         cleanup_all_models 
INFO: [HLS 200-10] Starting code transformations ...
INFO-FLOW: Running Standard Transforms...
Execute         transform -hls -share-std-xform -demangle-name -inline-byval-memcpy -always-inline -promote-dbg-pointer -interface-preproc -mem2reg -scalarrepl -mem2reg -keep-read-access -instcombine -dce -promote-dbg-pointer -bitop-raise -loop-simplify -indvarspre -indvars -loop-simplify -constprop -instcombine -simplifycfg -indvars -simplifycfg -dce -globaldce -basicaa -simplifycfg -mem2reg -globalopt -global-constprop -deadargelim -instcombine -simplifycfg -scalarrepl -instcombine -reassociate -licm -simplifycfg -loop-simplify -indvars -instcombine -simplifycfg -mem2reg -loop-simplify -indvars -instcombine -gvn -gvn -instcombine -adce -break-crit-edges -simplifycfg -loop-delete -global-array-opt -dce -dse -adce -find-syn-modules -top image_accel -deadargelim -mem2reg -instcombine -dce -presyn-prepare -interface-preproc -syn-check -check-rec-only -find-region -simplifycfg -func-extr -function-inline -globaldce -mem2reg -instcombine -dce -gvn -globaldce -adce -adse -constprop -instcombine -bit-constprop -instcombine -dce -simplifycfg -bitop-raise -simplifycfg -dce -loop-delete -reassociate -globalopt -global-privatize -mem2reg -dce -global-constprop -pointer-simplify -constprop -dce -promote-dbg-pointer -norm-name /home/ronny/tec/high-level-design-for-electronics/homework/homework-3/hls-gem5-rgb2gray/hls/image_accel/image_accel/hls/.autopilot/db/a.g.0.bc -o /home/ronny/tec/high-level-design-for-electronics/homework/homework-3/hls-gem5-rgb2gray/hls/image_accel/image_accel/hls/.autopilot/db/a.g.1.bc -f -phase std-opt 
INFO: [HLS 200-111] Finished Standard Transforms: CPU user time: 0.02 seconds. CPU system time: 0 seconds. Elapsed time: 0.03 seconds; current allocated memory: 346.570 MB.
INFO: [HLS 200-10] Checking synthesizability ...
INFO-FLOW: Checking Synthesizability 1/2..
Execute         transform -hls -syn-check -check-rec-only -scalarrepl -norm-name -dce -mem2reg -instcombine -directive-preproc -mem2reg -dse -dce -dce -pag -array-normalize -instcombine -dce -array-seg-normalize -instcombine -dce -data-pack -instcombine -dce -inst-simplify -array-flatten -instcombine -dce -array-burst -dce -deadargelim -promote-global-argument -simplifycfg -mem2reg -globaldce -dce -deadargelim -dce -instcombine -function-inline -globaldce -dce -doublePtrSimplify -doublePtrElim -dce -doublePtrSimplify -promote-dbg-pointer -dce -scalarrepl -dse -adse -instcombine -ptrLegalization -simplifycfg -dce -instcombine -pointer-simplify -ptrArgReplace -dce -instcombine -resolve-double-ptr -scalarrepl -norm-name -dce -mem2reg -instcombine -ptrLegalization -simplifycfg -deadargelim -instcombine -dce -inst-simplify -directive-preproc -mem2reg -dse -dce -globaldce /home/ronny/tec/high-level-design-for-electronics/homework/homework-3/hls-gem5-rgb2gray/hls/image_accel/image_accel/hls/.autopilot/db/a.g.1.bc -o /home/ronny/tec/high-level-design-for-electronics/homework/homework-3/hls-gem5-rgb2gray/hls/image_accel/image_accel/hls/.autopilot/db/a.g.2.prechk.bc -f 
INFO-FLOW: Checking Synthesizability 2/2..
Execute         transform -syn-check /home/ronny/tec/high-level-design-for-electronics/homework/homework-3/hls-gem5-rgb2gray/hls/image_accel/image_accel/hls/.autopilot/db/a.g.2.prechk.bc -o /home/ronny/tec/high-level-design-for-electronics/homework/homework-3/hls-gem5-rgb2gray/hls/image_accel/image_accel/hls/.autopilot/db/a.g.2.bc -f -phase syn-check 
INFO: [HLS 200-111] Finished Checking Synthesizability: CPU user time: 0.02 seconds. CPU system time: 0 seconds. Elapsed time: 0.02 seconds; current allocated memory: 346.598 MB.
INFO-FLOW: Compiler optimizing ...
INFO-FLOW: Share syncheck's 1.bc for syn flow: copy /home/ronny/tec/high-level-design-for-electronics/homework/homework-3/hls-gem5-rgb2gray/hls/image_accel/image_accel/hls/.autopilot/db/a.g.1.bc to /home/ronny/tec/high-level-design-for-electronics/homework/homework-3/hls-gem5-rgb2gray/hls/image_accel/image_accel/hls/.autopilot/db/a.o.1.bc
INFO-FLOW: Presyn 1...
Execute         transform -hls -tmp /home/ronny/tec/high-level-design-for-electronics/homework/homework-3/hls-gem5-rgb2gray/hls/image_accel/image_accel/hls/.autopilot/db -interface-port-rename -directive-preproc -mem2reg -dse -dce -scalarrepl -norm-name -deadargelim -mem2reg -instcombine -dce -simplifycfg -dce -resource-proc -clib-intrinsic-prepare -dce -func-buffer -dce -pag -array-normalize -func-legal -instcombine -gvn -constprop -dce -simplifycfg -mem2reg -globaldce -resolve-double-ptr -dce -deadargelim -dce -instcombine -ptrArgReplace -mem2reg -dce -array-seg-normalize -deadargelim -instcombine -dce -directive-preproc -mem2reg -dse -dce -pointer-simplify -dce -port-alignment -dce -interface-preproc -data-pack -instcombine -dce -basicaa -aggr-aa -aggrmodref-aa -aggr-aa -gvn -gvn -basicaa -aggr-aa -aggrmodref-aa -aggr-aa -dse -adse -adce -loop-simplify -indvars -instcombine -gvn -loop-simplify -mem2reg -dce -find-region -instcombine -inst-simplify -interface-preproc -cfgopt -instcombine -indvars -loop-simplify -loop-bound -constprop -instcombine -simplifycfg -indvars -simplifycfg -dce -globaldce -clean-region -attach-range -gvn -inst-simplify -constprop -simplifycfg -dce -pointer-simplify -dce -globalopt -constprop -dce -array-promote -constprop -dce -ptrArgReplace -mem2reg -simplifycfg -dce -instcombine -dce -array-transform-check -array-reshape -instcombine -simplifycfg -dce -ptrArgReplace -deadargelim -mem2reg -instcombine -simplifycfg -dce -indvars -loop-simplify -loop-bound -constprop -instcombine -simplifycfg -indvars -simplifycfg -dce -globaldce -basicaa -aggr-aa -aggrmodref-aa -aggr-aa -dse -duplicate-dataflow-processes -globaldce -instcombine -array-partition -prepare-dynamic-array-partition -instcombine -simplifycfg -dce -ptrArgReplace -global-constprop -deadargelim -mem2reg -func-legal -dce -global-constprop -deadargelim -mem2reg -simplifycfg -dce -merge-param -deadargelim -globalopt -constprop -dce -array-promote -constprop -dce -ptrArgReplace -mem2reg -simplifycfg -dce -mem-intrinsic-preproc -dce -global-internalize -global-privatize -mem2reg -globaldce -lcssa -loop-simplify -phi-select-elim -promote-global-argument -ptrArgReplace -mem2reg -dce -globalopt -mergereturn -simplify-global-access -mem2reg -dce -pointer-simplify -dce -basicaa -aggr-aa -aggrmodref-aa -aggr-aa -functionattrs -basicaa -aggr-aa -aggrmodref-aa -aggr-aa -gvn -gvn -basicaa -aggr-aa -aggrmodref-aa -aggr-aa -dse -adse -adce -dce -norm-name -basicaa -aggr-aa -aggrmodref-aa -aggr-aa -accesses-merge -function-inline -complex-op-raise -inst-simplify -globaldce -func-legal -dce -loop-bound -arraycheck -bitwidthmin2 -bitwidthmin2 -on-by-dataflow -loop-delete -instcombine -simplifycfg -globaldce -dce -gvn -deadargelim -dce -loop-simplify -clean-region -simplifycfg -propagate-stable-arguments -loop-stream -instcombine -simplifycfg -dce -globaldce -duplicate-dataflow-processes -stream-intrinsic-preproc -dce -check-ap-stream -loop-simplify -eliminate-keepreads -extract-dataflow-in-loop -loop-simplify -dce -gvn -deadargelim -dse -duplicate-dataflow-processes -check-dataflow-syntax -legalize-stream-variable -globaldce -legalize-global -extract-subproc -dce -dead-channel-elimination -canonicalize-gep -globaldce -dce -gvn -hls-dead-arg-elim -deadargelim -directive-preproc -canonicalize-dataflow -dce -globaldce -scalar-preprocessing -scalar-propagation2 -scalar-stream -deadargelim -globaldce -mem2reg -check-dataflow-channels -function-stream -dce -globaldce -prop-fifo-spec -internal-stream-gen -canonicalize-gep -globaldce -dce -gvn -deadargelim -mergereturn -indvars -loop-simplify -instcombine -array-stream -array-seg-normalize -array-partition -clean-array-spec -func-legal -instcombine -simplifycfg -dce -bundle-memfifo-ops -deadargelim -directive-preproc -mem2reg -dse -dce -group-axi-access -licm -simplifycfg -dce -loop-delete -hls-display -norm-name /home/ronny/tec/high-level-design-for-electronics/homework/homework-3/hls-gem5-rgb2gray/hls/image_accel/image_accel/hls/.autopilot/db/a.o.1.bc -o /home/ronny/tec/high-level-design-for-electronics/homework/homework-3/hls-gem5-rgb2gray/hls/image_accel/image_accel/hls/.autopilot/db/a.o.1.tmp.bc -f 
INFO: [XFORM 203-712] Applying dataflow to function 'image_accel' (../src/image_accel.cpp:80:1), detected/extracted 4 process function(s): 
	 'entry_proc'
	 '(anonymous namespace)::read_input'
	 '(anonymous namespace)::rgb_to_gray'
	 '(anonymous namespace)::write_output'.
INFO-FLOW: Presyn 2...
Execute         transform -hls -keep-callgraph -scalarrepl -mem2reg -port-alignment -attach-range -dce -pipe-mux-gen -indvars -loop-bound -inst-simplify -instcombine -dce -merge-array-access -mem2reg -dce -clean-region -mergereturn -if-conv -instcombine -dce -constprop -basicaa -aggr-aa -aggrmodref-aa -aggr-aa -gvn -gvn -basicaa -aggr-aa -aggrmodref-aa -aggr-aa -dse -adse -adce -scalarrepl -mem2reg -global-constprop -deadargelim -deadargelim -instcombine -dce -simplifycfg -ptrArgReplace -mem2reg -function-inline -globaldce -mem2reg -instcombine -dce -expr-balance -instcombine -dce -bitwidthmin2 -bitwidthmin2 -interface-preproc -directive-preproc -inst-rectify -instcombine -dce -basicaa -aggr-aa -aggrmodref-aa -aggr-aa -functionattrs -constprop -instcombine -bit-constprop -simplify-global-access -globalopt -globaldce -inst-simplify -instcombine -elimdeaddata -dce -loop-delete -simplifycfg -loop-simplify -barrier -norm-name /home/ronny/tec/high-level-design-for-electronics/homework/homework-3/hls-gem5-rgb2gray/hls/image_accel/image_accel/hls/.autopilot/db/a.o.1.tmp.bc -o /home/ronny/tec/high-level-design-for-electronics/homework/homework-3/hls-gem5-rgb2gray/hls/image_accel/image_accel/hls/.autopilot/db/a.o.2.bc -f -phase presyn 
INFO: [HLS 200-111] Finished Loop, function and other optimizations: CPU user time: 0.08 seconds. CPU system time: 0.02 seconds. Elapsed time: 0.09 seconds; current allocated memory: 368.789 MB.
Execute         transform -hls -auto-function-inline -globaldce -ptrArgReplace -mem2reg -dce -reset-lda -loop-simplify -indvars -aggr-aa -licm -loop-dep -loop-bound -licm -loop-simplify -loop-sink-hoist -flattenloopnest -array-flatten -gvn -instcombine -dce -array-map -dce -func-legal -gvn -adce -instcombine -cfgopt -simplifycfg-lite -loop-simplify -array-burst -promote-global-argument -dce -array-seg-normalize -basicaa -aggrmodref-aa -globalsmodref-aa -aggr-aa -gvn -gvn -basicaa -aggrmodref-aa -globalsmodref-aa -aggr-aa -dse -adse -adce -licm -inst-simplify -dce -globaldce -instcombine -array-stream -eliminate-keepreads -instcombine -dce -deadargelim -doublePtrSimplify -doublePtrElim -dce -doublePtrSimplify -promote-dbg-pointer -dce -scalarrepl -mem2reg -norm-name -mem2reg -instcombine -dse -adse -adce -ptrLegalization -dce -array-flatten -dce -instcombine -check-doubleptr -loop-rot -constprop -inst-simplify -cfgopt -simplifycfg-lite -loop-simplify -indvars -pointer-simplify -dce -loop-bound -loop-simplify -loop-preproc -constprop -global-constprop -gvn -mem2reg -instcombine -dce -loop-bound -loop-merge -dce -deadargelim -dce -canonicalize-dataflow -dce -deadargelim -globaldce -mem2reg -bram-byte-enable -inst-simplify -inst-rectify -instcombine -adce -deadargelim -load-elim -read-loop-dep -loop-simplify -loop-extract-inner -directive-preproc -bitwidthmin2 -bitwidthmin2 -read-loop-dep -interface-preproc -directive-preproc -interface-gen -bram-byte-enable-spec-prop -mul2addshift -deadargelim -inst-simplify -dce -mem2reg -instcombine -gvn -dce -adse -loop-bound -instcombine -cfgopt -simplifycfg-lite -loop-simplify -clean-region -io-protocol -find-region -mem2reg -bitop-raise -complex-op-raise -inst-simplify -inst-rectify -instcombine -adce -deadargelim -float-op-raise -loop-simplify -phi-opt -bitop-raise -cfgopt -simplifycfg-lite -strip-dead-prototypes -interface-lower -bitop-lower -intrinsic-lower -auto-function-inline -basicaa -aggrmodref-aa -globalsmodref-aa -aggr-aa -inst-simplify -simplifycfg-lite -loop-simplify -mergereturn -inst-simplify -inst-rectify -globaldce -dce -load-elim -bitop-lower -float-op-raise -fma-raise -loop-rewind -pointer-simplify -dce -cfgopt -dce -loop-bound -loop-dep -read-loop-dep -dce -dyn-mem-reuse -dce -recurrence-min -dce -share-scalar-alloca -deadargelim -dce -check-stream -norm-name -legalize -inst-clarity -bitwidth -dce -validate-dataflow -dump-loop-dep-to-ir -check-all-ssdm -dump-complexity-metric /home/ronny/tec/high-level-design-for-electronics/homework/homework-3/hls-gem5-rgb2gray/hls/image_accel/image_accel/hls/.autopilot/db/a.o.2.bc -o /home/ronny/tec/high-level-design-for-electronics/homework/homework-3/hls-gem5-rgb2gray/hls/image_accel/image_accel/hls/.autopilot/db/a.o.3.bc -f -phase build-ssdm 
Execute           auto_get_db
INFO-FLOW: Building ssdm...
Execute         transform -hls -cdfg-build /home/ronny/tec/high-level-design-for-electronics/homework/homework-3/hls-gem5-rgb2gray/hls/image_accel/image_accel/hls/.autopilot/db/a.o.3.bc -o /home/ronny/tec/high-level-design-for-electronics/homework/homework-3/hls-gem5-rgb2gray/hls/image_accel/image_accel/hls/.autopilot/db/a.o.3.bc -f -phase build-ssdm 
INFO: [HLS 200-111] Finished Architecture Synthesis: CPU user time: 0.09 seconds. CPU system time: 0.02 seconds. Elapsed time: 0.12 seconds; current allocated memory: 426.285 MB.
INFO-FLOW: Finish building internal data model.
Command       opt_and_import_c done; 0.26 sec.
Command     elaborate done; 13.91 sec.
Execute     ap_eval exec zip -j /home/ronny/tec/high-level-design-for-electronics/homework/homework-3/hls-gem5-rgb2gray/hls/image_accel/image_accel/hls/.autopilot/db/dut.hcp $dbDir/a.o.3.bc $dbDir/${topname}.rtl_wrap.cfg.tcl $dbDir/apatb_${topname}.cpp $dbDir/apatb_${topname}_util.cpp $dbDir/apatb_${topname}_ir.ll $dbDir/mapper_${topname}.cpp $dbDir/top-io-fe.xml $dbDir/kernel.internal.xml $workdir/../hls.app 
Execute     autosyn -from_csynth_design=1 
INFO: [HLS 200-10] Starting hardware synthesis ...
INFO-FLOW: Synthesizing C/C++ design ...
INFO: [HLS 200-10] Synthesizing 'image_accel' ...
Execute       ap_set_top_model image_accel 
WARNING: [SYN 201-103] Legalizing function name '(anonymous namespace)read_input_Pipeline_read_loop' to 'p_anonymous_namespace_read_input_Pipeline_read_loop'.
WARNING: [SYN 201-103] Legalizing function name '(anonymous namespace)read_input' to 'p_anonymous_namespace_read_input'.
WARNING: [SYN 201-103] Legalizing function name '(anonymous namespace)rgb_to_gray_Pipeline_process_loop' to 'p_anonymous_namespace_rgb_to_gray_Pipeline_process_loop'.
WARNING: [SYN 201-103] Legalizing function name '(anonymous namespace)rgb_to_gray' to 'p_anonymous_namespace_rgb_to_gray'.
WARNING: [SYN 201-103] Legalizing function name '(anonymous namespace)write_output_Pipeline_write_loop' to 'p_anonymous_namespace_write_output_Pipeline_write_loop'.
WARNING: [SYN 201-103] Legalizing function name '(anonymous namespace)write_output' to 'p_anonymous_namespace_write_output'.
Execute       get_model_list image_accel -filter all-wo-channel -topdown 
Execute       preproc_iomode -model image_accel 
Execute       preproc_iomode -model (anonymous namespace)write_output 
Execute       preproc_iomode -model (anonymous namespace)write_output_Pipeline_write_loop 
Execute       preproc_iomode -model (anonymous namespace)rgb_to_gray 
Execute       preproc_iomode -model (anonymous namespace)rgb_to_gray_Pipeline_process_loop 
Execute       preproc_iomode -model (anonymous namespace)read_input 
Execute       preproc_iomode -model (anonymous namespace)read_input_Pipeline_read_loop 
Execute       preproc_iomode -model entry_proc 
Execute       get_model_list image_accel -filter all-wo-channel 
INFO-FLOW: Model list for configure: entry_proc {(anonymous namespace)read_input_Pipeline_read_loop} {(anonymous namespace)read_input} {(anonymous namespace)rgb_to_gray_Pipeline_process_loop} {(anonymous namespace)rgb_to_gray} {(anonymous namespace)write_output_Pipeline_write_loop} {(anonymous namespace)write_output} image_accel
INFO-FLOW: Configuring Module : entry_proc ...
Execute       set_default_model entry_proc 
Execute       apply_spec_resource_limit entry_proc 
INFO-FLOW: Configuring Module : (anonymous namespace)read_input_Pipeline_read_loop ...
Execute       set_default_model (anonymous namespace)read_input_Pipeline_read_loop 
Execute       apply_spec_resource_limit (anonymous namespace)read_input_Pipeline_read_loop 
INFO-FLOW: Configuring Module : (anonymous namespace)read_input ...
Execute       set_default_model (anonymous namespace)read_input 
Execute       apply_spec_resource_limit (anonymous namespace)read_input 
INFO-FLOW: Configuring Module : (anonymous namespace)rgb_to_gray_Pipeline_process_loop ...
Execute       set_default_model (anonymous namespace)rgb_to_gray_Pipeline_process_loop 
Execute       apply_spec_resource_limit (anonymous namespace)rgb_to_gray_Pipeline_process_loop 
INFO-FLOW: Configuring Module : (anonymous namespace)rgb_to_gray ...
Execute       set_default_model (anonymous namespace)rgb_to_gray 
Execute       apply_spec_resource_limit (anonymous namespace)rgb_to_gray 
INFO-FLOW: Configuring Module : (anonymous namespace)write_output_Pipeline_write_loop ...
Execute       set_default_model (anonymous namespace)write_output_Pipeline_write_loop 
Execute       apply_spec_resource_limit (anonymous namespace)write_output_Pipeline_write_loop 
INFO-FLOW: Configuring Module : (anonymous namespace)write_output ...
Execute       set_default_model (anonymous namespace)write_output 
Execute       apply_spec_resource_limit (anonymous namespace)write_output 
INFO-FLOW: Configuring Module : image_accel ...
Execute       set_default_model image_accel 
Execute       apply_spec_resource_limit image_accel 
INFO-FLOW: Model list for preprocess: entry_proc {(anonymous namespace)read_input_Pipeline_read_loop} {(anonymous namespace)read_input} {(anonymous namespace)rgb_to_gray_Pipeline_process_loop} {(anonymous namespace)rgb_to_gray} {(anonymous namespace)write_output_Pipeline_write_loop} {(anonymous namespace)write_output} image_accel
INFO-FLOW: Preprocessing Module: entry_proc ...
Execute       set_default_model entry_proc 
Execute       cdfg_preprocess -model entry_proc 
Execute       rtl_gen_preprocess entry_proc 
INFO-FLOW: Preprocessing Module: (anonymous namespace)read_input_Pipeline_read_loop ...
Execute       set_default_model (anonymous namespace)read_input_Pipeline_read_loop 
Execute       cdfg_preprocess -model (anonymous namespace)read_input_Pipeline_read_loop 
Execute       rtl_gen_preprocess (anonymous namespace)read_input_Pipeline_read_loop 
INFO-FLOW: Preprocessing Module: (anonymous namespace)read_input ...
Execute       set_default_model (anonymous namespace)read_input 
Execute       cdfg_preprocess -model (anonymous namespace)read_input 
Execute       rtl_gen_preprocess (anonymous namespace)read_input 
INFO-FLOW: Preprocessing Module: (anonymous namespace)rgb_to_gray_Pipeline_process_loop ...
Execute       set_default_model (anonymous namespace)rgb_to_gray_Pipeline_process_loop 
Execute       cdfg_preprocess -model (anonymous namespace)rgb_to_gray_Pipeline_process_loop 
Execute       rtl_gen_preprocess (anonymous namespace)rgb_to_gray_Pipeline_process_loop 
INFO-FLOW: Preprocessing Module: (anonymous namespace)rgb_to_gray ...
Execute       set_default_model (anonymous namespace)rgb_to_gray 
Execute       cdfg_preprocess -model (anonymous namespace)rgb_to_gray 
Execute       rtl_gen_preprocess (anonymous namespace)rgb_to_gray 
INFO-FLOW: Preprocessing Module: (anonymous namespace)write_output_Pipeline_write_loop ...
Execute       set_default_model (anonymous namespace)write_output_Pipeline_write_loop 
Execute       cdfg_preprocess -model (anonymous namespace)write_output_Pipeline_write_loop 
Execute       rtl_gen_preprocess (anonymous namespace)write_output_Pipeline_write_loop 
INFO-FLOW: Preprocessing Module: (anonymous namespace)write_output ...
Execute       set_default_model (anonymous namespace)write_output 
Execute       cdfg_preprocess -model (anonymous namespace)write_output 
Execute       rtl_gen_preprocess (anonymous namespace)write_output 
INFO-FLOW: Preprocessing Module: image_accel ...
Execute       set_default_model image_accel 
Execute       cdfg_preprocess -model image_accel 
Execute       rtl_gen_preprocess image_accel 
INFO-FLOW: Model list for synthesis: entry_proc {(anonymous namespace)read_input_Pipeline_read_loop} {(anonymous namespace)read_input} {(anonymous namespace)rgb_to_gray_Pipeline_process_loop} {(anonymous namespace)rgb_to_gray} {(anonymous namespace)write_output_Pipeline_write_loop} {(anonymous namespace)write_output} image_accel
INFO: [HLS 200-10] ----------------------------------------------------------------
INFO: [HLS 200-42] -- Implementing module 'entry_proc' 
INFO: [HLS 200-10] ----------------------------------------------------------------
Execute       set_default_model entry_proc 
Execute       schedule -model entry_proc 
INFO: [SCHED 204-11] Starting scheduling ...
INFO: [SCHED 204-11] Finished scheduling.
INFO: [HLS 200-111] Finished Scheduling: CPU user time: 0.04 seconds. CPU system time: 0.02 seconds. Elapsed time: 0.09 seconds; current allocated memory: 426.367 MB.
Execute       syn_report -verbosereport -o /home/ronny/tec/high-level-design-for-electronics/homework/homework-3/hls-gem5-rgb2gray/hls/image_accel/image_accel/hls/.autopilot/db/entry_proc.verbose.sched.rpt 
Execute         list_part -family xck26-sfvc784-2LV-c 
Execute           ap_family_info -name xck26-sfvc784-2LV-c -data names 
Execute           ap_part_info -quiet -name xck26-sfvc784-2LV-c -data family 
Execute       db_write -o /home/ronny/tec/high-level-design-for-electronics/homework/homework-3/hls-gem5-rgb2gray/hls/image_accel/image_accel/hls/.autopilot/db/entry_proc.sched.adb -f 
INFO-FLOW: Finish scheduling entry_proc.
Execute       set_default_model entry_proc 
Execute       bind -model entry_proc 
INFO: [BIND 205-100] Starting micro-architecture generation ...
INFO: [BIND 205-101] Performing variable lifetime analysis.
INFO: [BIND 205-101] Exploring resource sharing.
INFO: [BIND 205-101] Binding ...
INFO: [BIND 205-100] Finished micro-architecture generation.
INFO: [HLS 200-111] Finished Binding: CPU user time: 0.02 seconds. CPU system time: 0 seconds. Elapsed time: 0.02 seconds; current allocated memory: 426.367 MB.
Execute       syn_report -verbosereport -o /home/ronny/tec/high-level-design-for-electronics/homework/homework-3/hls-gem5-rgb2gray/hls/image_accel/image_accel/hls/.autopilot/db/entry_proc.verbose.bind.rpt 
Execute         list_part -family xck26-sfvc784-2LV-c 
Execute           ap_family_info -name xck26-sfvc784-2LV-c -data names 
Execute           ap_part_info -quiet -name xck26-sfvc784-2LV-c -data family 
Execute       db_write -o /home/ronny/tec/high-level-design-for-electronics/homework/homework-3/hls-gem5-rgb2gray/hls/image_accel/image_accel/hls/.autopilot/db/entry_proc.bind.adb -f 
INFO-FLOW: Finish binding entry_proc.
INFO: [HLS 200-10] ----------------------------------------------------------------
INFO: [HLS 200-42] -- Implementing module 'p_anonymous_namespace_read_input_Pipeline_read_loop' 
INFO: [HLS 200-10] ----------------------------------------------------------------
Execute       set_default_model (anonymous namespace)read_input_Pipeline_read_loop 
Execute       schedule -model (anonymous namespace)read_input_Pipeline_read_loop 
INFO: [SCHED 204-11] Starting scheduling ...
INFO: [SCHED 204-61] Pipelining loop 'read_loop'.
WARNING: [HLS 200-880] The II Violation in module 'p_anonymous_namespace_read_input_Pipeline_read_loop' (loop 'read_loop'): Unable to enforce a carried dependence constraint (II = 1, distance = 1, offset = 1) between bus read operation ('pixel.b', ../src/image_accel.cpp:27) on port 'gmem0' (../src/image_accel.cpp:27) and bus read operation ('pixel.r', ../src/image_accel.cpp:25) on port 'gmem0' (../src/image_accel.cpp:25).
WARNING: [HLS 200-880] The II Violation in module 'p_anonymous_namespace_read_input_Pipeline_read_loop' (loop 'read_loop'): Unable to enforce a carried dependence constraint (II = 2, distance = 1, offset = 1) between bus read operation ('pixel.b', ../src/image_accel.cpp:27) on port 'gmem0' (../src/image_accel.cpp:27) and bus read operation ('pixel.r', ../src/image_accel.cpp:25) on port 'gmem0' (../src/image_accel.cpp:25).
INFO: [HLS 200-1470] Pipelining result : Target II = 1, Final II = 3, Depth = 13, loop 'read_loop'
INFO: [SCHED 204-11] Finished scheduling.
INFO: [HLS 200-111] Finished Scheduling: CPU user time: 0.1 seconds. CPU system time: 0.01 seconds. Elapsed time: 0.11 seconds; current allocated memory: 427.414 MB.
Execute       syn_report -verbosereport -o /home/ronny/tec/high-level-design-for-electronics/homework/homework-3/hls-gem5-rgb2gray/hls/image_accel/image_accel/hls/.autopilot/db/p_anonymous_namespace_read_input_Pipeline_read_loop.verbose.sched.rpt 
Execute         list_part -family xck26-sfvc784-2LV-c 
Execute           ap_family_info -name xck26-sfvc784-2LV-c -data names 
Execute           ap_part_info -quiet -name xck26-sfvc784-2LV-c -data family 
Execute       db_write -o /home/ronny/tec/high-level-design-for-electronics/homework/homework-3/hls-gem5-rgb2gray/hls/image_accel/image_accel/hls/.autopilot/db/p_anonymous_namespace_read_input_Pipeline_read_loop.sched.adb -f 
INFO-FLOW: Finish scheduling (anonymous namespace)read_input_Pipeline_read_loop.
Execute       set_default_model (anonymous namespace)read_input_Pipeline_read_loop 
Execute       bind -model (anonymous namespace)read_input_Pipeline_read_loop 
INFO: [BIND 205-100] Starting micro-architecture generation ...
INFO: [BIND 205-101] Performing variable lifetime analysis.
INFO: [BIND 205-101] Exploring resource sharing.
INFO: [BIND 205-101] Binding ...
INFO: [BIND 205-100] Finished micro-architecture generation.
INFO: [HLS 200-111] Finished Binding: CPU user time: 0.03 seconds. CPU system time: 0 seconds. Elapsed time: 0.04 seconds; current allocated memory: 427.414 MB.
Execute       syn_report -verbosereport -o /home/ronny/tec/high-level-design-for-electronics/homework/homework-3/hls-gem5-rgb2gray/hls/image_accel/image_accel/hls/.autopilot/db/p_anonymous_namespace_read_input_Pipeline_read_loop.verbose.bind.rpt 
Execute         list_part -family xck26-sfvc784-2LV-c 
Execute           ap_family_info -name xck26-sfvc784-2LV-c -data names 
Execute           ap_part_info -quiet -name xck26-sfvc784-2LV-c -data family 
Execute       db_write -o /home/ronny/tec/high-level-design-for-electronics/homework/homework-3/hls-gem5-rgb2gray/hls/image_accel/image_accel/hls/.autopilot/db/p_anonymous_namespace_read_input_Pipeline_read_loop.bind.adb -f 
INFO-FLOW: Finish binding (anonymous namespace)read_input_Pipeline_read_loop.
INFO: [HLS 200-10] ----------------------------------------------------------------
INFO: [HLS 200-42] -- Implementing module 'p_anonymous_namespace_read_input' 
INFO: [HLS 200-10] ----------------------------------------------------------------
Execute       set_default_model (anonymous namespace)read_input 
Execute       schedule -model (anonymous namespace)read_input 
INFO: [SCHED 204-11] Starting scheduling ...
INFO: [SCHED 204-11] Finished scheduling.
INFO: [HLS 200-111] Finished Scheduling: CPU user time: 0.03 seconds. CPU system time: 0 seconds. Elapsed time: 0.04 seconds; current allocated memory: 427.414 MB.
Execute       syn_report -verbosereport -o /home/ronny/tec/high-level-design-for-electronics/homework/homework-3/hls-gem5-rgb2gray/hls/image_accel/image_accel/hls/.autopilot/db/p_anonymous_namespace_read_input.verbose.sched.rpt 
Execute         list_part -family xck26-sfvc784-2LV-c 
Execute           ap_family_info -name xck26-sfvc784-2LV-c -data names 
Execute           ap_part_info -quiet -name xck26-sfvc784-2LV-c -data family 
Execute       db_write -o /home/ronny/tec/high-level-design-for-electronics/homework/homework-3/hls-gem5-rgb2gray/hls/image_accel/image_accel/hls/.autopilot/db/p_anonymous_namespace_read_input.sched.adb -f 
INFO-FLOW: Finish scheduling (anonymous namespace)read_input.
Execute       set_default_model (anonymous namespace)read_input 
Execute       bind -model (anonymous namespace)read_input 
INFO: [BIND 205-100] Starting micro-architecture generation ...
INFO: [BIND 205-101] Performing variable lifetime analysis.
INFO: [BIND 205-101] Exploring resource sharing.
INFO: [BIND 205-101] Binding ...
INFO: [BIND 205-100] Finished micro-architecture generation.
INFO: [HLS 200-111] Finished Binding: CPU user time: 0.02 seconds. CPU system time: 0 seconds. Elapsed time: 0.02 seconds; current allocated memory: 427.414 MB.
Execute       syn_report -verbosereport -o /home/ronny/tec/high-level-design-for-electronics/homework/homework-3/hls-gem5-rgb2gray/hls/image_accel/image_accel/hls/.autopilot/db/p_anonymous_namespace_read_input.verbose.bind.rpt 
Execute         list_part -family xck26-sfvc784-2LV-c 
Execute           ap_family_info -name xck26-sfvc784-2LV-c -data names 
Execute           ap_part_info -quiet -name xck26-sfvc784-2LV-c -data family 
Execute       db_write -o /home/ronny/tec/high-level-design-for-electronics/homework/homework-3/hls-gem5-rgb2gray/hls/image_accel/image_accel/hls/.autopilot/db/p_anonymous_namespace_read_input.bind.adb -f 
INFO-FLOW: Finish binding (anonymous namespace)read_input.
INFO: [HLS 200-10] ----------------------------------------------------------------
INFO: [HLS 200-42] -- Implementing module 'p_anonymous_namespace_rgb_to_gray_Pipeline_process_loop' 
INFO: [HLS 200-10] ----------------------------------------------------------------
Execute       set_default_model (anonymous namespace)rgb_to_gray_Pipeline_process_loop 
Execute       schedule -model (anonymous namespace)rgb_to_gray_Pipeline_process_loop 
INFO: [SCHED 204-11] Starting scheduling ...
INFO: [HLS 200-486] Changing DSP latency (root=weighted_sum) to 3 in order to utilize available DSP registers.
INFO: [HLS 200-486] Changing DSP latency (root=add_ln39) to 3 in order to utilize available DSP registers.
INFO: [SCHED 204-61] Pipelining loop 'process_loop'.
INFO: [HLS 200-1470] Pipelining result : Target II = 1, Final II = 1, Depth = 6, loop 'process_loop'
INFO: [SCHED 204-11] Finished scheduling.
Command       schedule done; 0.11 sec.
INFO: [HLS 200-111] Finished Scheduling: CPU user time: 0.09 seconds. CPU system time: 0 seconds. Elapsed time: 0.14 seconds; current allocated memory: 427.414 MB.
Execute       syn_report -verbosereport -o /home/ronny/tec/high-level-design-for-electronics/homework/homework-3/hls-gem5-rgb2gray/hls/image_accel/image_accel/hls/.autopilot/db/p_anonymous_namespace_rgb_to_gray_Pipeline_process_loop.verbose.sched.rpt 
Execute         list_part -family xck26-sfvc784-2LV-c 
Execute           ap_family_info -name xck26-sfvc784-2LV-c -data names 
Execute           ap_part_info -quiet -name xck26-sfvc784-2LV-c -data family 
Execute       db_write -o /home/ronny/tec/high-level-design-for-electronics/homework/homework-3/hls-gem5-rgb2gray/hls/image_accel/image_accel/hls/.autopilot/db/p_anonymous_namespace_rgb_to_gray_Pipeline_process_loop.sched.adb -f 
INFO-FLOW: Finish scheduling (anonymous namespace)rgb_to_gray_Pipeline_process_loop.
Execute       set_default_model (anonymous namespace)rgb_to_gray_Pipeline_process_loop 
Execute       bind -model (anonymous namespace)rgb_to_gray_Pipeline_process_loop 
INFO: [BIND 205-100] Starting micro-architecture generation ...
INFO: [BIND 205-101] Performing variable lifetime analysis.
INFO: [BIND 205-101] Exploring resource sharing.
INFO: [BIND 205-101] Binding ...
INFO: [BIND 205-100] Finished micro-architecture generation.
INFO: [HLS 200-111] Finished Binding: CPU user time: 0.02 seconds. CPU system time: 0 seconds. Elapsed time: 0.02 seconds; current allocated memory: 427.414 MB.
Execute       syn_report -verbosereport -o /home/ronny/tec/high-level-design-for-electronics/homework/homework-3/hls-gem5-rgb2gray/hls/image_accel/image_accel/hls/.autopilot/db/p_anonymous_namespace_rgb_to_gray_Pipeline_process_loop.verbose.bind.rpt 
Execute         list_part -family xck26-sfvc784-2LV-c 
Execute           ap_family_info -name xck26-sfvc784-2LV-c -data names 
Execute           ap_part_info -quiet -name xck26-sfvc784-2LV-c -data family 
Execute       db_write -o /home/ronny/tec/high-level-design-for-electronics/homework/homework-3/hls-gem5-rgb2gray/hls/image_accel/image_accel/hls/.autopilot/db/p_anonymous_namespace_rgb_to_gray_Pipeline_process_loop.bind.adb -f 
INFO-FLOW: Finish binding (anonymous namespace)rgb_to_gray_Pipeline_process_loop.
INFO: [HLS 200-10] ----------------------------------------------------------------
INFO: [HLS 200-42] -- Implementing module 'p_anonymous_namespace_rgb_to_gray' 
INFO: [HLS 200-10] ----------------------------------------------------------------
Execute       set_default_model (anonymous namespace)rgb_to_gray 
Execute       schedule -model (anonymous namespace)rgb_to_gray 
INFO: [SCHED 204-11] Starting scheduling ...
INFO: [SCHED 204-11] Finished scheduling.
INFO: [HLS 200-111] Finished Scheduling: CPU user time: 0.03 seconds. CPU system time: 0.01 seconds. Elapsed time: 0.03 seconds; current allocated memory: 427.414 MB.
Execute       syn_report -verbosereport -o /home/ronny/tec/high-level-design-for-electronics/homework/homework-3/hls-gem5-rgb2gray/hls/image_accel/image_accel/hls/.autopilot/db/p_anonymous_namespace_rgb_to_gray.verbose.sched.rpt 
Execute         list_part -family xck26-sfvc784-2LV-c 
Execute           ap_family_info -name xck26-sfvc784-2LV-c -data names 
Execute           ap_part_info -quiet -name xck26-sfvc784-2LV-c -data family 
Execute       db_write -o /home/ronny/tec/high-level-design-for-electronics/homework/homework-3/hls-gem5-rgb2gray/hls/image_accel/image_accel/hls/.autopilot/db/p_anonymous_namespace_rgb_to_gray.sched.adb -f 
INFO-FLOW: Finish scheduling (anonymous namespace)rgb_to_gray.
Execute       set_default_model (anonymous namespace)rgb_to_gray 
Execute       bind -model (anonymous namespace)rgb_to_gray 
INFO: [BIND 205-100] Starting micro-architecture generation ...
INFO: [BIND 205-101] Performing variable lifetime analysis.
INFO: [BIND 205-101] Exploring resource sharing.
INFO: [BIND 205-101] Binding ...
INFO: [BIND 205-100] Finished micro-architecture generation.
INFO: [HLS 200-111] Finished Binding: CPU user time: 0.03 seconds. CPU system time: 0 seconds. Elapsed time: 0.03 seconds; current allocated memory: 427.414 MB.
Execute       syn_report -verbosereport -o /home/ronny/tec/high-level-design-for-electronics/homework/homework-3/hls-gem5-rgb2gray/hls/image_accel/image_accel/hls/.autopilot/db/p_anonymous_namespace_rgb_to_gray.verbose.bind.rpt 
Execute         list_part -family xck26-sfvc784-2LV-c 
Execute           ap_family_info -name xck26-sfvc784-2LV-c -data names 
Execute           ap_part_info -quiet -name xck26-sfvc784-2LV-c -data family 
Execute       db_write -o /home/ronny/tec/high-level-design-for-electronics/homework/homework-3/hls-gem5-rgb2gray/hls/image_accel/image_accel/hls/.autopilot/db/p_anonymous_namespace_rgb_to_gray.bind.adb -f 
INFO-FLOW: Finish binding (anonymous namespace)rgb_to_gray.
INFO: [HLS 200-10] ----------------------------------------------------------------
INFO: [HLS 200-42] -- Implementing module 'p_anonymous_namespace_write_output_Pipeline_write_loop' 
INFO: [HLS 200-10] ----------------------------------------------------------------
Execute       set_default_model (anonymous namespace)write_output_Pipeline_write_loop 
Execute       schedule -model (anonymous namespace)write_output_Pipeline_write_loop 
INFO: [SCHED 204-11] Starting scheduling ...
INFO: [SCHED 204-61] Pipelining loop 'write_loop'.
INFO: [HLS 200-1470] Pipelining result : Target II = 1, Final II = 1, Depth = 8, loop 'write_loop'
INFO: [SCHED 204-11] Finished scheduling.
INFO: [HLS 200-111] Finished Scheduling: CPU user time: 0.04 seconds. CPU system time: 0 seconds. Elapsed time: 0.05 seconds; current allocated memory: 427.418 MB.
Execute       syn_report -verbosereport -o /home/ronny/tec/high-level-design-for-electronics/homework/homework-3/hls-gem5-rgb2gray/hls/image_accel/image_accel/hls/.autopilot/db/p_anonymous_namespace_write_output_Pipeline_write_loop.verbose.sched.rpt 
Execute         list_part -family xck26-sfvc784-2LV-c 
Execute           ap_family_info -name xck26-sfvc784-2LV-c -data names 
Execute           ap_part_info -quiet -name xck26-sfvc784-2LV-c -data family 
Execute       db_write -o /home/ronny/tec/high-level-design-for-electronics/homework/homework-3/hls-gem5-rgb2gray/hls/image_accel/image_accel/hls/.autopilot/db/p_anonymous_namespace_write_output_Pipeline_write_loop.sched.adb -f 
INFO-FLOW: Finish scheduling (anonymous namespace)write_output_Pipeline_write_loop.
Execute       set_default_model (anonymous namespace)write_output_Pipeline_write_loop 
Execute       bind -model (anonymous namespace)write_output_Pipeline_write_loop 
INFO: [BIND 205-100] Starting micro-architecture generation ...
INFO: [BIND 205-101] Performing variable lifetime analysis.
INFO: [BIND 205-101] Exploring resource sharing.
INFO: [BIND 205-101] Binding ...
INFO: [BIND 205-100] Finished micro-architecture generation.
INFO: [HLS 200-111] Finished Binding: CPU user time: 0.03 seconds. CPU system time: 0 seconds. Elapsed time: 0.03 seconds; current allocated memory: 427.418 MB.
Execute       syn_report -verbosereport -o /home/ronny/tec/high-level-design-for-electronics/homework/homework-3/hls-gem5-rgb2gray/hls/image_accel/image_accel/hls/.autopilot/db/p_anonymous_namespace_write_output_Pipeline_write_loop.verbose.bind.rpt 
Execute         list_part -family xck26-sfvc784-2LV-c 
Execute           ap_family_info -name xck26-sfvc784-2LV-c -data names 
Execute           ap_part_info -quiet -name xck26-sfvc784-2LV-c -data family 
Execute       db_write -o /home/ronny/tec/high-level-design-for-electronics/homework/homework-3/hls-gem5-rgb2gray/hls/image_accel/image_accel/hls/.autopilot/db/p_anonymous_namespace_write_output_Pipeline_write_loop.bind.adb -f 
INFO-FLOW: Finish binding (anonymous namespace)write_output_Pipeline_write_loop.
INFO: [HLS 200-10] ----------------------------------------------------------------
INFO: [HLS 200-42] -- Implementing module 'p_anonymous_namespace_write_output' 
INFO: [HLS 200-10] ----------------------------------------------------------------
Execute       set_default_model (anonymous namespace)write_output 
Execute       schedule -model (anonymous namespace)write_output 
INFO: [SCHED 204-11] Starting scheduling ...
INFO: [SCHED 204-11] Finished scheduling.
INFO: [HLS 200-111] Finished Scheduling: CPU user time: 0.04 seconds. CPU system time: 0 seconds. Elapsed time: 0.04 seconds; current allocated memory: 427.418 MB.
Execute       syn_report -verbosereport -o /home/ronny/tec/high-level-design-for-electronics/homework/homework-3/hls-gem5-rgb2gray/hls/image_accel/image_accel/hls/.autopilot/db/p_anonymous_namespace_write_output.verbose.sched.rpt 
Execute         list_part -family xck26-sfvc784-2LV-c 
Execute           ap_family_info -name xck26-sfvc784-2LV-c -data names 
Execute           ap_part_info -quiet -name xck26-sfvc784-2LV-c -data family 
Execute       db_write -o /home/ronny/tec/high-level-design-for-electronics/homework/homework-3/hls-gem5-rgb2gray/hls/image_accel/image_accel/hls/.autopilot/db/p_anonymous_namespace_write_output.sched.adb -f 
INFO-FLOW: Finish scheduling (anonymous namespace)write_output.
Execute       set_default_model (anonymous namespace)write_output 
Execute       bind -model (anonymous namespace)write_output 
INFO: [BIND 205-100] Starting micro-architecture generation ...
INFO: [BIND 205-101] Performing variable lifetime analysis.
INFO: [BIND 205-101] Exploring resource sharing.
INFO: [BIND 205-101] Binding ...
INFO: [BIND 205-100] Finished micro-architecture generation.
INFO: [HLS 200-111] Finished Binding: CPU user time: 0.03 seconds. CPU system time: 0 seconds. Elapsed time: 0.03 seconds; current allocated memory: 427.418 MB.
Execute       syn_report -verbosereport -o /home/ronny/tec/high-level-design-for-electronics/homework/homework-3/hls-gem5-rgb2gray/hls/image_accel/image_accel/hls/.autopilot/db/p_anonymous_namespace_write_output.verbose.bind.rpt 
Execute         list_part -family xck26-sfvc784-2LV-c 
Execute           ap_family_info -name xck26-sfvc784-2LV-c -data names 
Execute           ap_part_info -quiet -name xck26-sfvc784-2LV-c -data family 
Execute       db_write -o /home/ronny/tec/high-level-design-for-electronics/homework/homework-3/hls-gem5-rgb2gray/hls/image_accel/image_accel/hls/.autopilot/db/p_anonymous_namespace_write_output.bind.adb -f 
INFO-FLOW: Finish binding (anonymous namespace)write_output.
INFO: [HLS 200-10] ----------------------------------------------------------------
INFO: [HLS 200-42] -- Implementing module 'image_accel' 
INFO: [HLS 200-10] ----------------------------------------------------------------
Execute       set_default_model image_accel 
Execute       schedule -model image_accel 
INFO: [SCHED 204-11] Starting scheduling ...
INFO: [SCHED 204-11] Finished scheduling.
WARNING: [HLS 200-1020] Increasing the depth of FIFO start_for_p_anonymous_namespace_write_output_U0 (from entry_proc_U0 to p_anonymous_namespace_write_output_U0) to 3 to improve performance and/or avoid deadlocks.
INFO: [HLS 200-111] Finished Scheduling: CPU user time: 0.04 seconds. CPU system time: 0 seconds. Elapsed time: 0.04 seconds; current allocated memory: 427.484 MB.
Execute       syn_report -verbosereport -o /home/ronny/tec/high-level-design-for-electronics/homework/homework-3/hls-gem5-rgb2gray/hls/image_accel/image_accel/hls/.autopilot/db/image_accel.verbose.sched.rpt 
Execute         list_part -family xck26-sfvc784-2LV-c 
Execute           ap_family_info -name xck26-sfvc784-2LV-c -data names 
Execute           ap_part_info -quiet -name xck26-sfvc784-2LV-c -data family 
Execute       db_write -o /home/ronny/tec/high-level-design-for-electronics/homework/homework-3/hls-gem5-rgb2gray/hls/image_accel/image_accel/hls/.autopilot/db/image_accel.sched.adb -f 
INFO-FLOW: Finish scheduling image_accel.
Execute       set_default_model image_accel 
Execute       bind -model image_accel 
INFO: [BIND 205-100] Starting micro-architecture generation ...
INFO: [BIND 205-101] Performing variable lifetime analysis.
INFO: [BIND 205-101] Exploring resource sharing.
INFO: [BIND 205-101] Binding ...
INFO: [BIND 205-100] Finished micro-architecture generation.
INFO: [HLS 200-111] Finished Binding: CPU user time: 0.03 seconds. CPU system time: 0 seconds. Elapsed time: 0.03 seconds; current allocated memory: 427.484 MB.
Execute       syn_report -verbosereport -o /home/ronny/tec/high-level-design-for-electronics/homework/homework-3/hls-gem5-rgb2gray/hls/image_accel/image_accel/hls/.autopilot/db/image_accel.verbose.bind.rpt 
Execute         list_part -family xck26-sfvc784-2LV-c 
Execute           ap_family_info -name xck26-sfvc784-2LV-c -data names 
Execute           ap_part_info -quiet -name xck26-sfvc784-2LV-c -data family 
Execute       db_write -o /home/ronny/tec/high-level-design-for-electronics/homework/homework-3/hls-gem5-rgb2gray/hls/image_accel/image_accel/hls/.autopilot/db/image_accel.bind.adb -f 
INFO-FLOW: Finish binding image_accel.
Execute       get_model_list image_accel -filter all-wo-channel 
INFO-FLOW: Preprocessing for RTLGen ...
Execute       rtl_gen_preprocess entry_proc 
Execute       rtl_gen_preprocess (anonymous namespace)read_input_Pipeline_read_loop 
Execute       rtl_gen_preprocess (anonymous namespace)read_input 
Execute       rtl_gen_preprocess (anonymous namespace)rgb_to_gray_Pipeline_process_loop 
Execute       rtl_gen_preprocess (anonymous namespace)rgb_to_gray 
Execute       rtl_gen_preprocess (anonymous namespace)write_output_Pipeline_write_loop 
Execute       rtl_gen_preprocess (anonymous namespace)write_output 
Execute       rtl_gen_preprocess image_accel 
INFO-FLOW: Model list for RTL generation: entry_proc {(anonymous namespace)read_input_Pipeline_read_loop} {(anonymous namespace)read_input} {(anonymous namespace)rgb_to_gray_Pipeline_process_loop} {(anonymous namespace)rgb_to_gray} {(anonymous namespace)write_output_Pipeline_write_loop} {(anonymous namespace)write_output} image_accel
INFO: [HLS 200-10] ----------------------------------------------------------------
INFO: [HLS 200-10] -- Generating RTL for module 'entry_proc' 
INFO: [HLS 200-10] ----------------------------------------------------------------
Execute       create_rtl_model entry_proc -top_prefix image_accel_ -sub_prefix image_accel_ -mg_file /home/ronny/tec/high-level-design-for-electronics/homework/homework-3/hls-gem5-rgb2gray/hls/image_accel/image_accel/hls/.autopilot/db/entry_proc.compgen.tcl 
INFO: [RTGEN 206-100] Finished creating RTL model for 'entry_proc'.
INFO: [HLS 200-111] Finished Creating RTL model: CPU user time: 0.03 seconds. CPU system time: 0 seconds. Elapsed time: 0.04 seconds; current allocated memory: 427.484 MB.
Execute       source /home/ronny/tec/high-level-design-for-electronics/homework/homework-3/hls-gem5-rgb2gray/hls/image_accel/image_accel/hls/.autopilot/db/image_accel.rtl_wrap.cfg.tcl 
Execute       gen_rtl entry_proc -style xilinx -f -lang vhdl -o /home/ronny/tec/high-level-design-for-electronics/homework/homework-3/hls-gem5-rgb2gray/hls/image_accel/image_accel/hls/syn/vhdl/image_accel_entry_proc 
Execute       gen_rtl entry_proc -style xilinx -f -lang vlog -o /home/ronny/tec/high-level-design-for-electronics/homework/homework-3/hls-gem5-rgb2gray/hls/image_accel/image_accel/hls/syn/verilog/image_accel_entry_proc 
Execute       syn_report -csynth -model entry_proc -o /home/ronny/tec/high-level-design-for-electronics/homework/homework-3/hls-gem5-rgb2gray/hls/image_accel/image_accel/hls/syn/report/entry_proc_csynth.rpt 
Execute         list_part -family xck26-sfvc784-2LV-c 
Execute           ap_family_info -name xck26-sfvc784-2LV-c -data names 
Execute           ap_part_info -quiet -name xck26-sfvc784-2LV-c -data family 
Execute       syn_report -rtlxml -model entry_proc -o /home/ronny/tec/high-level-design-for-electronics/homework/homework-3/hls-gem5-rgb2gray/hls/image_accel/image_accel/hls/syn/report/entry_proc_csynth.xml 
Execute         list_part -family xck26-sfvc784-2LV-c 
Execute           ap_family_info -name xck26-sfvc784-2LV-c -data names 
Execute           ap_part_info -quiet -name xck26-sfvc784-2LV-c -data family 
Execute       syn_report -verbosereport -model entry_proc -o /home/ronny/tec/high-level-design-for-electronics/homework/homework-3/hls-gem5-rgb2gray/hls/image_accel/image_accel/hls/.autopilot/db/entry_proc.verbose.rpt 
Execute         list_part -family xck26-sfvc784-2LV-c 
Execute           ap_family_info -name xck26-sfvc784-2LV-c -data names 
Execute           ap_part_info -quiet -name xck26-sfvc784-2LV-c -data family 
Execute       db_write -model entry_proc -f -o /home/ronny/tec/high-level-design-for-electronics/homework/homework-3/hls-gem5-rgb2gray/hls/image_accel/image_accel/hls/.autopilot/db/entry_proc.adb 
Execute       db_write -model entry_proc -bindview -o /home/ronny/tec/high-level-design-for-electronics/homework/homework-3/hls-gem5-rgb2gray/hls/image_accel/image_accel/hls/.autopilot/db/design.bindinfo.xml 
Execute       gen_tb_info entry_proc -p /home/ronny/tec/high-level-design-for-electronics/homework/homework-3/hls-gem5-rgb2gray/hls/image_accel/image_accel/hls/.autopilot/db -o /home/ronny/tec/high-level-design-for-electronics/homework/homework-3/hls-gem5-rgb2gray/hls/image_accel/image_accel/hls/.autopilot/db/entry_proc 
INFO: [HLS 200-10] ----------------------------------------------------------------
INFO: [HLS 200-10] -- Generating RTL for module 'p_anonymous_namespace_read_input_Pipeline_read_loop' 
INFO: [HLS 200-10] ----------------------------------------------------------------
Execute       create_rtl_model (anonymous namespace)read_input_Pipeline_read_loop -top_prefix image_accel_ -sub_prefix image_accel_ -mg_file /home/ronny/tec/high-level-design-for-electronics/homework/homework-3/hls-gem5-rgb2gray/hls/image_accel/image_accel/hls/.autopilot/db/p_anonymous_namespace_read_input_Pipeline_read_loop.compgen.tcl 
INFO: [HLS 200-1030] Apply Unified Pipeline Control on module 'p_anonymous_namespace_read_input_Pipeline_read_loop' pipeline 'read_loop' pipeline type 'loop pipeline'
INFO: [RTGEN 206-100] Finished creating RTL model for 'p_anonymous_namespace_read_input_Pipeline_read_loop'.
INFO: [HLS 200-111] Finished Creating RTL model: CPU user time: 0.08 seconds. CPU system time: 0.01 seconds. Elapsed time: 0.09 seconds; current allocated memory: 428.023 MB.
Execute       source /home/ronny/tec/high-level-design-for-electronics/homework/homework-3/hls-gem5-rgb2gray/hls/image_accel/image_accel/hls/.autopilot/db/image_accel.rtl_wrap.cfg.tcl 
Execute       gen_rtl (anonymous namespace)read_input_Pipeline_read_loop -style xilinx -f -lang vhdl -o /home/ronny/tec/high-level-design-for-electronics/homework/homework-3/hls-gem5-rgb2gray/hls/image_accel/image_accel/hls/syn/vhdl/image_accel_p_anonymous_namespace_read_input_Pipeline_read_loop 
Execute       gen_rtl (anonymous namespace)read_input_Pipeline_read_loop -style xilinx -f -lang vlog -o /home/ronny/tec/high-level-design-for-electronics/homework/homework-3/hls-gem5-rgb2gray/hls/image_accel/image_accel/hls/syn/verilog/image_accel_p_anonymous_namespace_read_input_Pipeline_read_loop 
Execute       syn_report -csynth -model (anonymous namespace)read_input_Pipeline_read_loop -o /home/ronny/tec/high-level-design-for-electronics/homework/homework-3/hls-gem5-rgb2gray/hls/image_accel/image_accel/hls/syn/report/p_anonymous_namespace_read_input_Pipeline_read_loop_csynth.rpt 
Execute         list_part -family xck26-sfvc784-2LV-c 
Execute           ap_family_info -name xck26-sfvc784-2LV-c -data names 
Execute           ap_part_info -quiet -name xck26-sfvc784-2LV-c -data family 
Execute       syn_report -rtlxml -model (anonymous namespace)read_input_Pipeline_read_loop -o /home/ronny/tec/high-level-design-for-electronics/homework/homework-3/hls-gem5-rgb2gray/hls/image_accel/image_accel/hls/syn/report/p_anonymous_namespace_read_input_Pipeline_read_loop_csynth.xml 
Execute         list_part -family xck26-sfvc784-2LV-c 
Execute           ap_family_info -name xck26-sfvc784-2LV-c -data names 
Execute           ap_part_info -quiet -name xck26-sfvc784-2LV-c -data family 
Execute       syn_report -verbosereport -model (anonymous namespace)read_input_Pipeline_read_loop -o /home/ronny/tec/high-level-design-for-electronics/homework/homework-3/hls-gem5-rgb2gray/hls/image_accel/image_accel/hls/.autopilot/db/p_anonymous_namespace_read_input_Pipeline_read_loop.verbose.rpt 
Execute         list_part -family xck26-sfvc784-2LV-c 
Execute           ap_family_info -name xck26-sfvc784-2LV-c -data names 
Execute           ap_part_info -quiet -name xck26-sfvc784-2LV-c -data family 
Execute       db_write -model (anonymous namespace)read_input_Pipeline_read_loop -f -o /home/ronny/tec/high-level-design-for-electronics/homework/homework-3/hls-gem5-rgb2gray/hls/image_accel/image_accel/hls/.autopilot/db/p_anonymous_namespace_read_input_Pipeline_read_loop.adb 
Execute       db_write -model (anonymous namespace)read_input_Pipeline_read_loop -bindview -o /home/ronny/tec/high-level-design-for-electronics/homework/homework-3/hls-gem5-rgb2gray/hls/image_accel/image_accel/hls/.autopilot/db/design.bindinfo.xml 
Execute       gen_tb_info (anonymous namespace)read_input_Pipeline_read_loop -p /home/ronny/tec/high-level-design-for-electronics/homework/homework-3/hls-gem5-rgb2gray/hls/image_accel/image_accel/hls/.autopilot/db -o /home/ronny/tec/high-level-design-for-electronics/homework/homework-3/hls-gem5-rgb2gray/hls/image_accel/image_accel/hls/.autopilot/db/p_anonymous_namespace_read_input_Pipeline_read_loop 
INFO: [HLS 200-10] ----------------------------------------------------------------
INFO: [HLS 200-10] -- Generating RTL for module 'p_anonymous_namespace_read_input' 
INFO: [HLS 200-10] ----------------------------------------------------------------
Execute       create_rtl_model (anonymous namespace)read_input -top_prefix image_accel_ -sub_prefix image_accel_ -mg_file /home/ronny/tec/high-level-design-for-electronics/homework/homework-3/hls-gem5-rgb2gray/hls/image_accel/image_accel/hls/.autopilot/db/p_anonymous_namespace_read_input.compgen.tcl 
INFO: [RTGEN 206-100] Finished creating RTL model for 'p_anonymous_namespace_read_input'.
INFO: [HLS 200-111] Finished Creating RTL model: CPU user time: 0.09 seconds. CPU system time: 0.01 seconds. Elapsed time: 0.1 seconds; current allocated memory: 429.371 MB.
Execute       source /home/ronny/tec/high-level-design-for-electronics/homework/homework-3/hls-gem5-rgb2gray/hls/image_accel/image_accel/hls/.autopilot/db/image_accel.rtl_wrap.cfg.tcl 
Execute       gen_rtl (anonymous namespace)read_input -style xilinx -f -lang vhdl -o /home/ronny/tec/high-level-design-for-electronics/homework/homework-3/hls-gem5-rgb2gray/hls/image_accel/image_accel/hls/syn/vhdl/image_accel_p_anonymous_namespace_read_input 
Execute       gen_rtl (anonymous namespace)read_input -style xilinx -f -lang vlog -o /home/ronny/tec/high-level-design-for-electronics/homework/homework-3/hls-gem5-rgb2gray/hls/image_accel/image_accel/hls/syn/verilog/image_accel_p_anonymous_namespace_read_input 
Execute       syn_report -csynth -model (anonymous namespace)read_input -o /home/ronny/tec/high-level-design-for-electronics/homework/homework-3/hls-gem5-rgb2gray/hls/image_accel/image_accel/hls/syn/report/p_anonymous_namespace_read_input_csynth.rpt 
Execute         list_part -family xck26-sfvc784-2LV-c 
Execute           ap_family_info -name xck26-sfvc784-2LV-c -data names 
Execute           ap_part_info -quiet -name xck26-sfvc784-2LV-c -data family 
Execute       syn_report -rtlxml -model (anonymous namespace)read_input -o /home/ronny/tec/high-level-design-for-electronics/homework/homework-3/hls-gem5-rgb2gray/hls/image_accel/image_accel/hls/syn/report/p_anonymous_namespace_read_input_csynth.xml 
Execute         list_part -family xck26-sfvc784-2LV-c 
Execute           ap_family_info -name xck26-sfvc784-2LV-c -data names 
Execute           ap_part_info -quiet -name xck26-sfvc784-2LV-c -data family 
Execute       syn_report -verbosereport -model (anonymous namespace)read_input -o /home/ronny/tec/high-level-design-for-electronics/homework/homework-3/hls-gem5-rgb2gray/hls/image_accel/image_accel/hls/.autopilot/db/p_anonymous_namespace_read_input.verbose.rpt 
Execute         list_part -family xck26-sfvc784-2LV-c 
Execute           ap_family_info -name xck26-sfvc784-2LV-c -data names 
Execute           ap_part_info -quiet -name xck26-sfvc784-2LV-c -data family 
Execute       db_write -model (anonymous namespace)read_input -f -o /home/ronny/tec/high-level-design-for-electronics/homework/homework-3/hls-gem5-rgb2gray/hls/image_accel/image_accel/hls/.autopilot/db/p_anonymous_namespace_read_input.adb 
Execute       db_write -model (anonymous namespace)read_input -bindview -o /home/ronny/tec/high-level-design-for-electronics/homework/homework-3/hls-gem5-rgb2gray/hls/image_accel/image_accel/hls/.autopilot/db/design.bindinfo.xml 
Execute       gen_tb_info (anonymous namespace)read_input -p /home/ronny/tec/high-level-design-for-electronics/homework/homework-3/hls-gem5-rgb2gray/hls/image_accel/image_accel/hls/.autopilot/db -o /home/ronny/tec/high-level-design-for-electronics/homework/homework-3/hls-gem5-rgb2gray/hls/image_accel/image_accel/hls/.autopilot/db/p_anonymous_namespace_read_input 
INFO: [HLS 200-10] ----------------------------------------------------------------
INFO: [HLS 200-10] -- Generating RTL for module 'p_anonymous_namespace_rgb_to_gray_Pipeline_process_loop' 
INFO: [HLS 200-10] ----------------------------------------------------------------
Execute       create_rtl_model (anonymous namespace)rgb_to_gray_Pipeline_process_loop -top_prefix image_accel_ -sub_prefix image_accel_ -mg_file /home/ronny/tec/high-level-design-for-electronics/homework/homework-3/hls-gem5-rgb2gray/hls/image_accel/image_accel/hls/.autopilot/db/p_anonymous_namespace_rgb_to_gray_Pipeline_process_loop.compgen.tcl 
INFO: [HLS 200-1030] Apply Unified Pipeline Control on module 'p_anonymous_namespace_rgb_to_gray_Pipeline_process_loop' pipeline 'process_loop' pipeline type 'loop pipeline'
INFO: [RTGEN 206-100] Generating core module 'mac_muladd_8ns_5ns_15ns_15_4_1': 1 instance(s).
INFO: [RTGEN 206-100] Generating core module 'mac_muladd_8ns_8ns_15ns_16_4_1': 1 instance(s).
INFO: [RTGEN 206-100] Generating core module 'mul_8ns_8ns_15_1_1': 1 instance(s).
INFO: [RTGEN 206-100] Finished creating RTL model for 'p_anonymous_namespace_rgb_to_gray_Pipeline_process_loop'.
INFO: [HLS 200-111] Finished Creating RTL model: CPU user time: 0.08 seconds. CPU system time: 0.01 seconds. Elapsed time: 0.09 seconds; current allocated memory: 430.156 MB.
Execute       source /home/ronny/tec/high-level-design-for-electronics/homework/homework-3/hls-gem5-rgb2gray/hls/image_accel/image_accel/hls/.autopilot/db/image_accel.rtl_wrap.cfg.tcl 
Execute       gen_rtl (anonymous namespace)rgb_to_gray_Pipeline_process_loop -style xilinx -f -lang vhdl -o /home/ronny/tec/high-level-design-for-electronics/homework/homework-3/hls-gem5-rgb2gray/hls/image_accel/image_accel/hls/syn/vhdl/image_accel_p_anonymous_namespace_rgb_to_gray_Pipeline_process_loop 
Execute       gen_rtl (anonymous namespace)rgb_to_gray_Pipeline_process_loop -style xilinx -f -lang vlog -o /home/ronny/tec/high-level-design-for-electronics/homework/homework-3/hls-gem5-rgb2gray/hls/image_accel/image_accel/hls/syn/verilog/image_accel_p_anonymous_namespace_rgb_to_gray_Pipeline_process_loop 
Execute       syn_report -csynth -model (anonymous namespace)rgb_to_gray_Pipeline_process_loop -o /home/ronny/tec/high-level-design-for-electronics/homework/homework-3/hls-gem5-rgb2gray/hls/image_accel/image_accel/hls/syn/report/p_anonymous_namespace_rgb_to_gray_Pipeline_process_loop_csynth.rpt 
Execute         list_part -family xck26-sfvc784-2LV-c 
Execute           ap_family_info -name xck26-sfvc784-2LV-c -data names 
Execute           ap_part_info -quiet -name xck26-sfvc784-2LV-c -data family 
Execute       syn_report -rtlxml -model (anonymous namespace)rgb_to_gray_Pipeline_process_loop -o /home/ronny/tec/high-level-design-for-electronics/homework/homework-3/hls-gem5-rgb2gray/hls/image_accel/image_accel/hls/syn/report/p_anonymous_namespace_rgb_to_gray_Pipeline_process_loop_csynth.xml 
Execute         list_part -family xck26-sfvc784-2LV-c 
Execute           ap_family_info -name xck26-sfvc784-2LV-c -data names 
Execute           ap_part_info -quiet -name xck26-sfvc784-2LV-c -data family 
Execute       syn_report -verbosereport -model (anonymous namespace)rgb_to_gray_Pipeline_process_loop -o /home/ronny/tec/high-level-design-for-electronics/homework/homework-3/hls-gem5-rgb2gray/hls/image_accel/image_accel/hls/.autopilot/db/p_anonymous_namespace_rgb_to_gray_Pipeline_process_loop.verbose.rpt 
Execute         list_part -family xck26-sfvc784-2LV-c 
Execute           ap_family_info -name xck26-sfvc784-2LV-c -data names 
Execute           ap_part_info -quiet -name xck26-sfvc784-2LV-c -data family 
Execute       db_write -model (anonymous namespace)rgb_to_gray_Pipeline_process_loop -f -o /home/ronny/tec/high-level-design-for-electronics/homework/homework-3/hls-gem5-rgb2gray/hls/image_accel/image_accel/hls/.autopilot/db/p_anonymous_namespace_rgb_to_gray_Pipeline_process_loop.adb 
Execute       db_write -model (anonymous namespace)rgb_to_gray_Pipeline_process_loop -bindview -o /home/ronny/tec/high-level-design-for-electronics/homework/homework-3/hls-gem5-rgb2gray/hls/image_accel/image_accel/hls/.autopilot/db/design.bindinfo.xml 
Execute       gen_tb_info (anonymous namespace)rgb_to_gray_Pipeline_process_loop -p /home/ronny/tec/high-level-design-for-electronics/homework/homework-3/hls-gem5-rgb2gray/hls/image_accel/image_accel/hls/.autopilot/db -o /home/ronny/tec/high-level-design-for-electronics/homework/homework-3/hls-gem5-rgb2gray/hls/image_accel/image_accel/hls/.autopilot/db/p_anonymous_namespace_rgb_to_gray_Pipeline_process_loop 
INFO: [HLS 200-10] ----------------------------------------------------------------
INFO: [HLS 200-10] -- Generating RTL for module 'p_anonymous_namespace_rgb_to_gray' 
INFO: [HLS 200-10] ----------------------------------------------------------------
Execute       create_rtl_model (anonymous namespace)rgb_to_gray -top_prefix image_accel_ -sub_prefix image_accel_ -mg_file /home/ronny/tec/high-level-design-for-electronics/homework/homework-3/hls-gem5-rgb2gray/hls/image_accel/image_accel/hls/.autopilot/db/p_anonymous_namespace_rgb_to_gray.compgen.tcl 
INFO: [RTGEN 206-100] Finished creating RTL model for 'p_anonymous_namespace_rgb_to_gray'.
INFO: [HLS 200-111] Finished Creating RTL model: CPU user time: 0.09 seconds. CPU system time: 0.01 seconds. Elapsed time: 0.1 seconds; current allocated memory: 431.016 MB.
Execute       source /home/ronny/tec/high-level-design-for-electronics/homework/homework-3/hls-gem5-rgb2gray/hls/image_accel/image_accel/hls/.autopilot/db/image_accel.rtl_wrap.cfg.tcl 
Execute       gen_rtl (anonymous namespace)rgb_to_gray -style xilinx -f -lang vhdl -o /home/ronny/tec/high-level-design-for-electronics/homework/homework-3/hls-gem5-rgb2gray/hls/image_accel/image_accel/hls/syn/vhdl/image_accel_p_anonymous_namespace_rgb_to_gray 
Execute       gen_rtl (anonymous namespace)rgb_to_gray -style xilinx -f -lang vlog -o /home/ronny/tec/high-level-design-for-electronics/homework/homework-3/hls-gem5-rgb2gray/hls/image_accel/image_accel/hls/syn/verilog/image_accel_p_anonymous_namespace_rgb_to_gray 
Execute       syn_report -csynth -model (anonymous namespace)rgb_to_gray -o /home/ronny/tec/high-level-design-for-electronics/homework/homework-3/hls-gem5-rgb2gray/hls/image_accel/image_accel/hls/syn/report/p_anonymous_namespace_rgb_to_gray_csynth.rpt 
Execute         list_part -family xck26-sfvc784-2LV-c 
Execute           ap_family_info -name xck26-sfvc784-2LV-c -data names 
Execute           ap_part_info -quiet -name xck26-sfvc784-2LV-c -data family 
Execute       syn_report -rtlxml -model (anonymous namespace)rgb_to_gray -o /home/ronny/tec/high-level-design-for-electronics/homework/homework-3/hls-gem5-rgb2gray/hls/image_accel/image_accel/hls/syn/report/p_anonymous_namespace_rgb_to_gray_csynth.xml 
Execute         list_part -family xck26-sfvc784-2LV-c 
Execute           ap_family_info -name xck26-sfvc784-2LV-c -data names 
Execute           ap_part_info -quiet -name xck26-sfvc784-2LV-c -data family 
Execute       syn_report -verbosereport -model (anonymous namespace)rgb_to_gray -o /home/ronny/tec/high-level-design-for-electronics/homework/homework-3/hls-gem5-rgb2gray/hls/image_accel/image_accel/hls/.autopilot/db/p_anonymous_namespace_rgb_to_gray.verbose.rpt 
Execute         list_part -family xck26-sfvc784-2LV-c 
Execute           ap_family_info -name xck26-sfvc784-2LV-c -data names 
Execute           ap_part_info -quiet -name xck26-sfvc784-2LV-c -data family 
Execute       db_write -model (anonymous namespace)rgb_to_gray -f -o /home/ronny/tec/high-level-design-for-electronics/homework/homework-3/hls-gem5-rgb2gray/hls/image_accel/image_accel/hls/.autopilot/db/p_anonymous_namespace_rgb_to_gray.adb 
Execute       db_write -model (anonymous namespace)rgb_to_gray -bindview -o /home/ronny/tec/high-level-design-for-electronics/homework/homework-3/hls-gem5-rgb2gray/hls/image_accel/image_accel/hls/.autopilot/db/design.bindinfo.xml 
Execute       gen_tb_info (anonymous namespace)rgb_to_gray -p /home/ronny/tec/high-level-design-for-electronics/homework/homework-3/hls-gem5-rgb2gray/hls/image_accel/image_accel/hls/.autopilot/db -o /home/ronny/tec/high-level-design-for-electronics/homework/homework-3/hls-gem5-rgb2gray/hls/image_accel/image_accel/hls/.autopilot/db/p_anonymous_namespace_rgb_to_gray 
INFO: [HLS 200-10] ----------------------------------------------------------------
INFO: [HLS 200-10] -- Generating RTL for module 'p_anonymous_namespace_write_output_Pipeline_write_loop' 
INFO: [HLS 200-10] ----------------------------------------------------------------
Execute       create_rtl_model (anonymous namespace)write_output_Pipeline_write_loop -top_prefix image_accel_ -sub_prefix image_accel_ -mg_file /home/ronny/tec/high-level-design-for-electronics/homework/homework-3/hls-gem5-rgb2gray/hls/image_accel/image_accel/hls/.autopilot/db/p_anonymous_namespace_write_output_Pipeline_write_loop.compgen.tcl 
INFO: [HLS 200-1030] Apply Unified Pipeline Control on module 'p_anonymous_namespace_write_output_Pipeline_write_loop' pipeline 'write_loop' pipeline type 'loop pipeline'
INFO: [RTGEN 206-100] Finished creating RTL model for 'p_anonymous_namespace_write_output_Pipeline_write_loop'.
INFO: [HLS 200-111] Finished Creating RTL model: CPU user time: 0.09 seconds. CPU system time: 0 seconds. Elapsed time: 0.1 seconds; current allocated memory: 431.723 MB.
Execute       source /home/ronny/tec/high-level-design-for-electronics/homework/homework-3/hls-gem5-rgb2gray/hls/image_accel/image_accel/hls/.autopilot/db/image_accel.rtl_wrap.cfg.tcl 
Execute       gen_rtl (anonymous namespace)write_output_Pipeline_write_loop -style xilinx -f -lang vhdl -o /home/ronny/tec/high-level-design-for-electronics/homework/homework-3/hls-gem5-rgb2gray/hls/image_accel/image_accel/hls/syn/vhdl/image_accel_p_anonymous_namespace_write_output_Pipeline_write_loop 
Execute       gen_rtl (anonymous namespace)write_output_Pipeline_write_loop -style xilinx -f -lang vlog -o /home/ronny/tec/high-level-design-for-electronics/homework/homework-3/hls-gem5-rgb2gray/hls/image_accel/image_accel/hls/syn/verilog/image_accel_p_anonymous_namespace_write_output_Pipeline_write_loop 
Execute       syn_report -csynth -model (anonymous namespace)write_output_Pipeline_write_loop -o /home/ronny/tec/high-level-design-for-electronics/homework/homework-3/hls-gem5-rgb2gray/hls/image_accel/image_accel/hls/syn/report/p_anonymous_namespace_write_output_Pipeline_write_loop_csynth.rpt 
Execute         list_part -family xck26-sfvc784-2LV-c 
Execute           ap_family_info -name xck26-sfvc784-2LV-c -data names 
Execute           ap_part_info -quiet -name xck26-sfvc784-2LV-c -data family 
Execute       syn_report -rtlxml -model (anonymous namespace)write_output_Pipeline_write_loop -o /home/ronny/tec/high-level-design-for-electronics/homework/homework-3/hls-gem5-rgb2gray/hls/image_accel/image_accel/hls/syn/report/p_anonymous_namespace_write_output_Pipeline_write_loop_csynth.xml 
Execute         list_part -family xck26-sfvc784-2LV-c 
Execute           ap_family_info -name xck26-sfvc784-2LV-c -data names 
Execute           ap_part_info -quiet -name xck26-sfvc784-2LV-c -data family 
Execute       syn_report -verbosereport -model (anonymous namespace)write_output_Pipeline_write_loop -o /home/ronny/tec/high-level-design-for-electronics/homework/homework-3/hls-gem5-rgb2gray/hls/image_accel/image_accel/hls/.autopilot/db/p_anonymous_namespace_write_output_Pipeline_write_loop.verbose.rpt 
Execute         list_part -family xck26-sfvc784-2LV-c 
Execute           ap_family_info -name xck26-sfvc784-2LV-c -data names 
Execute           ap_part_info -quiet -name xck26-sfvc784-2LV-c -data family 
Execute       db_write -model (anonymous namespace)write_output_Pipeline_write_loop -f -o /home/ronny/tec/high-level-design-for-electronics/homework/homework-3/hls-gem5-rgb2gray/hls/image_accel/image_accel/hls/.autopilot/db/p_anonymous_namespace_write_output_Pipeline_write_loop.adb 
Execute       db_write -model (anonymous namespace)write_output_Pipeline_write_loop -bindview -o /home/ronny/tec/high-level-design-for-electronics/homework/homework-3/hls-gem5-rgb2gray/hls/image_accel/image_accel/hls/.autopilot/db/design.bindinfo.xml 
Execute       gen_tb_info (anonymous namespace)write_output_Pipeline_write_loop -p /home/ronny/tec/high-level-design-for-electronics/homework/homework-3/hls-gem5-rgb2gray/hls/image_accel/image_accel/hls/.autopilot/db -o /home/ronny/tec/high-level-design-for-electronics/homework/homework-3/hls-gem5-rgb2gray/hls/image_accel/image_accel/hls/.autopilot/db/p_anonymous_namespace_write_output_Pipeline_write_loop 
INFO: [HLS 200-10] ----------------------------------------------------------------
INFO: [HLS 200-10] -- Generating RTL for module 'p_anonymous_namespace_write_output' 
INFO: [HLS 200-10] ----------------------------------------------------------------
Execute       create_rtl_model (anonymous namespace)write_output -top_prefix image_accel_ -sub_prefix image_accel_ -mg_file /home/ronny/tec/high-level-design-for-electronics/homework/homework-3/hls-gem5-rgb2gray/hls/image_accel/image_accel/hls/.autopilot/db/p_anonymous_namespace_write_output.compgen.tcl 
INFO: [RTGEN 206-100] Finished creating RTL model for 'p_anonymous_namespace_write_output'.
INFO: [HLS 200-111] Finished Creating RTL model: CPU user time: 0.07 seconds. CPU system time: 0.01 seconds. Elapsed time: 0.08 seconds; current allocated memory: 432.762 MB.
Execute       source /home/ronny/tec/high-level-design-for-electronics/homework/homework-3/hls-gem5-rgb2gray/hls/image_accel/image_accel/hls/.autopilot/db/image_accel.rtl_wrap.cfg.tcl 
Execute       gen_rtl (anonymous namespace)write_output -style xilinx -f -lang vhdl -o /home/ronny/tec/high-level-design-for-electronics/homework/homework-3/hls-gem5-rgb2gray/hls/image_accel/image_accel/hls/syn/vhdl/image_accel_p_anonymous_namespace_write_output 
Execute       gen_rtl (anonymous namespace)write_output -style xilinx -f -lang vlog -o /home/ronny/tec/high-level-design-for-electronics/homework/homework-3/hls-gem5-rgb2gray/hls/image_accel/image_accel/hls/syn/verilog/image_accel_p_anonymous_namespace_write_output 
Execute       syn_report -csynth -model (anonymous namespace)write_output -o /home/ronny/tec/high-level-design-for-electronics/homework/homework-3/hls-gem5-rgb2gray/hls/image_accel/image_accel/hls/syn/report/p_anonymous_namespace_write_output_csynth.rpt 
Execute         list_part -family xck26-sfvc784-2LV-c 
Execute           ap_family_info -name xck26-sfvc784-2LV-c -data names 
Execute           ap_part_info -quiet -name xck26-sfvc784-2LV-c -data family 
Execute       syn_report -rtlxml -model (anonymous namespace)write_output -o /home/ronny/tec/high-level-design-for-electronics/homework/homework-3/hls-gem5-rgb2gray/hls/image_accel/image_accel/hls/syn/report/p_anonymous_namespace_write_output_csynth.xml 
Execute         list_part -family xck26-sfvc784-2LV-c 
Execute           ap_family_info -name xck26-sfvc784-2LV-c -data names 
Execute           ap_part_info -quiet -name xck26-sfvc784-2LV-c -data family 
Execute       syn_report -verbosereport -model (anonymous namespace)write_output -o /home/ronny/tec/high-level-design-for-electronics/homework/homework-3/hls-gem5-rgb2gray/hls/image_accel/image_accel/hls/.autopilot/db/p_anonymous_namespace_write_output.verbose.rpt 
Execute         list_part -family xck26-sfvc784-2LV-c 
Execute           ap_family_info -name xck26-sfvc784-2LV-c -data names 
Execute           ap_part_info -quiet -name xck26-sfvc784-2LV-c -data family 
Execute       db_write -model (anonymous namespace)write_output -f -o /home/ronny/tec/high-level-design-for-electronics/homework/homework-3/hls-gem5-rgb2gray/hls/image_accel/image_accel/hls/.autopilot/db/p_anonymous_namespace_write_output.adb 
Execute       db_write -model (anonymous namespace)write_output -bindview -o /home/ronny/tec/high-level-design-for-electronics/homework/homework-3/hls-gem5-rgb2gray/hls/image_accel/image_accel/hls/.autopilot/db/design.bindinfo.xml 
Execute       gen_tb_info (anonymous namespace)write_output -p /home/ronny/tec/high-level-design-for-electronics/homework/homework-3/hls-gem5-rgb2gray/hls/image_accel/image_accel/hls/.autopilot/db -o /home/ronny/tec/high-level-design-for-electronics/homework/homework-3/hls-gem5-rgb2gray/hls/image_accel/image_accel/hls/.autopilot/db/p_anonymous_namespace_write_output 
INFO: [HLS 200-10] ----------------------------------------------------------------
INFO: [HLS 200-10] -- Generating RTL for module 'image_accel' 
INFO: [HLS 200-10] ----------------------------------------------------------------
Execute       create_rtl_model image_accel -top_prefix  -sub_prefix image_accel_ -mg_file /home/ronny/tec/high-level-design-for-electronics/homework/homework-3/hls-gem5-rgb2gray/hls/image_accel/image_accel/hls/.autopilot/db/image_accel.compgen.tcl 
WARNING: [RTGEN 206-101] Design contains AXI ports. Reset is fixed to synchronous and active low.
INFO: [RTGEN 206-500] Setting interface mode on port 'image_accel/gmem0' to 'm_axi'.
INFO: [RTGEN 206-500] Setting interface mode on port 'image_accel/gmem1' to 'm_axi'.
INFO: [RTGEN 206-500] Setting interface mode on port 'image_accel/input_rgb' to 's_axilite & ap_none'.
INFO: [RTGEN 206-500] Setting interface mode on port 'image_accel/output_gray' to 's_axilite & ap_none'.
INFO: [RTGEN 206-500] Setting interface mode on port 'image_accel/num_pixels' to 's_axilite & ap_none'.
INFO: [RTGEN 206-500] Setting interface mode on function 'image_accel' to 's_axilite & ap_ctrl_hs'.
INFO: [RTGEN 206-100] Bundling port 'input_rgb', 'output_gray', 'num_pixels' and 'return' to AXI-Lite port control.
INFO: [RTGEN 206-100] Finished creating RTL model for 'image_accel'.
INFO: [RTMG 210-285] Implementing FIFO 'output_gray_c_U(image_accel_fifo_w64_d4_S)' using Shift Registers.
INFO: [RTMG 210-285] Implementing FIFO 'rgb_stream_U(image_accel_fifo_w24_d64_A)' using Vivado Default RAMs.
INFO: [RTMG 210-285] Implementing FIFO 'num_pixels_c1_U(image_accel_fifo_w32_d2_S)' using Shift Registers.
INFO: [RTMG 210-285] Implementing FIFO 'gray_stream_U(image_accel_fifo_w8_d64_S)' using Shift Registers.
INFO: [RTMG 210-285] Implementing FIFO 'num_pixels_c_U(image_accel_fifo_w32_d2_S)' using Shift Registers.
INFO: [RTMG 210-285] Implementing FIFO 'start_for_p_anonymous_namespace_write_output_U0_U(image_accel_start_for_p_anonymous_namespace_write_output_U0)' using Shift Registers.
INFO: [RTMG 210-285] Implementing FIFO 'start_for_p_anonymous_namespace_rgb_to_gray_U0_U(image_accel_start_for_p_anonymous_namespace_rgb_to_gray_U0)' using Shift Registers.
INFO: [HLS 200-111] Finished Creating RTL model: CPU user time: 0.13 seconds. CPU system time: 0.02 seconds. Elapsed time: 0.15 seconds; current allocated memory: 434.840 MB.
Execute       source /home/ronny/tec/high-level-design-for-electronics/homework/homework-3/hls-gem5-rgb2gray/hls/image_accel/image_accel/hls/.autopilot/db/image_accel.rtl_wrap.cfg.tcl 
Execute       gen_rtl image_accel -istop -style xilinx -f -lang vhdl -o /home/ronny/tec/high-level-design-for-electronics/homework/homework-3/hls-gem5-rgb2gray/hls/image_accel/image_accel/hls/syn/vhdl/image_accel 
Execute       gen_rtl image_accel -istop -style xilinx -f -lang vlog -o /home/ronny/tec/high-level-design-for-electronics/homework/homework-3/hls-gem5-rgb2gray/hls/image_accel/image_accel/hls/syn/verilog/image_accel 
Execute       syn_report -csynth -model image_accel -o /home/ronny/tec/high-level-design-for-electronics/homework/homework-3/hls-gem5-rgb2gray/hls/image_accel/image_accel/hls/syn/report/image_accel_csynth.rpt 
Execute         list_part -family xck26-sfvc784-2LV-c 
Execute           ap_family_info -name xck26-sfvc784-2LV-c -data names 
Execute           ap_part_info -quiet -name xck26-sfvc784-2LV-c -data family 
Execute       syn_report -rtlxml -model image_accel -o /home/ronny/tec/high-level-design-for-electronics/homework/homework-3/hls-gem5-rgb2gray/hls/image_accel/image_accel/hls/syn/report/image_accel_csynth.xml 
Execute         list_part -family xck26-sfvc784-2LV-c 
Execute           ap_family_info -name xck26-sfvc784-2LV-c -data names 
Execute           ap_part_info -quiet -name xck26-sfvc784-2LV-c -data family 
Execute       syn_report -verbosereport -model image_accel -o /home/ronny/tec/high-level-design-for-electronics/homework/homework-3/hls-gem5-rgb2gray/hls/image_accel/image_accel/hls/.autopilot/db/image_accel.verbose.rpt 
Execute         list_part -family xck26-sfvc784-2LV-c 
Execute           ap_family_info -name xck26-sfvc784-2LV-c -data names 
Execute           ap_part_info -quiet -name xck26-sfvc784-2LV-c -data family 
Execute       db_write -model image_accel -f -o /home/ronny/tec/high-level-design-for-electronics/homework/homework-3/hls-gem5-rgb2gray/hls/image_accel/image_accel/hls/.autopilot/db/image_accel.adb 
Execute       db_write -model image_accel -bindview -o /home/ronny/tec/high-level-design-for-electronics/homework/homework-3/hls-gem5-rgb2gray/hls/image_accel/image_accel/hls/.autopilot/db/design.bindinfo.xml 
Execute       gen_tb_info image_accel -p /home/ronny/tec/high-level-design-for-electronics/homework/homework-3/hls-gem5-rgb2gray/hls/image_accel/image_accel/hls/.autopilot/db -o /home/ronny/tec/high-level-design-for-electronics/homework/homework-3/hls-gem5-rgb2gray/hls/image_accel/image_accel/hls/.autopilot/db/image_accel 
Execute       export_constraint_db -f -tool general -o /home/ronny/tec/high-level-design-for-electronics/homework/homework-3/hls-gem5-rgb2gray/hls/image_accel/image_accel/hls/.autopilot/db/image_accel.constraint.tcl 
Execute       syn_report -designview -model image_accel -o /home/ronny/tec/high-level-design-for-electronics/homework/homework-3/hls-gem5-rgb2gray/hls/image_accel/image_accel/hls/.autopilot/db/image_accel.design.xml 
Execute       syn_report -csynthDesign -model image_accel -o /home/ronny/tec/high-level-design-for-electronics/homework/homework-3/hls-gem5-rgb2gray/hls/image_accel/image_accel/hls/syn/report/csynth.rpt -MHOut /home/ronny/tec/high-level-design-for-electronics/homework/homework-3/hls-gem5-rgb2gray/hls/image_accel/image_accel/hls/.autopilot/db/kernel_module_hierarchy.tcl 
Execute         list_part -family xck26-sfvc784-2LV-c 
Execute           ap_family_info -name xck26-sfvc784-2LV-c -data names 
Execute           ap_part_info -quiet -name xck26-sfvc784-2LV-c -data family 
Execute       syn_report -wcfg -model image_accel -o /home/ronny/tec/high-level-design-for-electronics/homework/homework-3/hls-gem5-rgb2gray/hls/image_accel/image_accel/hls/.autopilot/db/image_accel_dataflow_ana.wcfg 
Execute       syn_report -protoinst -model image_accel -o /home/ronny/tec/high-level-design-for-electronics/homework/homework-3/hls-gem5-rgb2gray/hls/image_accel/image_accel/hls/.autopilot/db/image_accel.protoinst 
Execute       sc_get_clocks image_accel 
Execute       sc_get_portdomain image_accel 
INFO-FLOW: Model list for RTL component generation: entry_proc {(anonymous namespace)read_input_Pipeline_read_loop} {(anonymous namespace)read_input} {(anonymous namespace)rgb_to_gray_Pipeline_process_loop} {(anonymous namespace)rgb_to_gray} {(anonymous namespace)write_output_Pipeline_write_loop} {(anonymous namespace)write_output} image_accel
INFO-FLOW: Handling components in module [entry_proc] ... 
Execute       source /home/ronny/tec/high-level-design-for-electronics/homework/homework-3/hls-gem5-rgb2gray/hls/image_accel/image_accel/hls/.autopilot/db/entry_proc.compgen.tcl 
INFO-FLOW: Handling components in module [p_anonymous_namespace_read_input_Pipeline_read_loop] ... 
Execute       source /home/ronny/tec/high-level-design-for-electronics/homework/homework-3/hls-gem5-rgb2gray/hls/image_accel/image_accel/hls/.autopilot/db/p_anonymous_namespace_read_input_Pipeline_read_loop.compgen.tcl 
INFO-FLOW: Found component image_accel_flow_control_loop_pipe_sequential_init.
INFO-FLOW: Append model image_accel_flow_control_loop_pipe_sequential_init
INFO-FLOW: Handling components in module [p_anonymous_namespace_read_input] ... 
Execute       source /home/ronny/tec/high-level-design-for-electronics/homework/homework-3/hls-gem5-rgb2gray/hls/image_accel/image_accel/hls/.autopilot/db/p_anonymous_namespace_read_input.compgen.tcl 
INFO-FLOW: Handling components in module [p_anonymous_namespace_rgb_to_gray_Pipeline_process_loop] ... 
Execute       source /home/ronny/tec/high-level-design-for-electronics/homework/homework-3/hls-gem5-rgb2gray/hls/image_accel/image_accel/hls/.autopilot/db/p_anonymous_namespace_rgb_to_gray_Pipeline_process_loop.compgen.tcl 
INFO-FLOW: Found component image_accel_mul_8ns_8ns_15_1_1.
INFO-FLOW: Append model image_accel_mul_8ns_8ns_15_1_1
INFO-FLOW: Found component image_accel_mac_muladd_8ns_5ns_15ns_15_4_1.
INFO-FLOW: Append model image_accel_mac_muladd_8ns_5ns_15ns_15_4_1
INFO-FLOW: Found component image_accel_mac_muladd_8ns_8ns_15ns_16_4_1.
INFO-FLOW: Append model image_accel_mac_muladd_8ns_8ns_15ns_16_4_1
INFO-FLOW: Found component image_accel_flow_control_loop_pipe_sequential_init.
INFO-FLOW: Append model image_accel_flow_control_loop_pipe_sequential_init
INFO-FLOW: Handling components in module [p_anonymous_namespace_rgb_to_gray] ... 
Execute       source /home/ronny/tec/high-level-design-for-electronics/homework/homework-3/hls-gem5-rgb2gray/hls/image_accel/image_accel/hls/.autopilot/db/p_anonymous_namespace_rgb_to_gray.compgen.tcl 
INFO-FLOW: Handling components in module [p_anonymous_namespace_write_output_Pipeline_write_loop] ... 
Execute       source /home/ronny/tec/high-level-design-for-electronics/homework/homework-3/hls-gem5-rgb2gray/hls/image_accel/image_accel/hls/.autopilot/db/p_anonymous_namespace_write_output_Pipeline_write_loop.compgen.tcl 
INFO-FLOW: Found component image_accel_flow_control_loop_pipe_sequential_init.
INFO-FLOW: Append model image_accel_flow_control_loop_pipe_sequential_init
INFO-FLOW: Handling components in module [p_anonymous_namespace_write_output] ... 
Execute       source /home/ronny/tec/high-level-design-for-electronics/homework/homework-3/hls-gem5-rgb2gray/hls/image_accel/image_accel/hls/.autopilot/db/p_anonymous_namespace_write_output.compgen.tcl 
INFO-FLOW: Handling components in module [image_accel] ... 
Execute       source /home/ronny/tec/high-level-design-for-electronics/homework/homework-3/hls-gem5-rgb2gray/hls/image_accel/image_accel/hls/.autopilot/db/image_accel.compgen.tcl 
INFO-FLOW: Found component image_accel_fifo_w64_d4_S.
INFO-FLOW: Append model image_accel_fifo_w64_d4_S
INFO-FLOW: Found component image_accel_fifo_w24_d64_A.
INFO-FLOW: Append model image_accel_fifo_w24_d64_A
INFO-FLOW: Found component image_accel_fifo_w32_d2_S.
INFO-FLOW: Append model image_accel_fifo_w32_d2_S
INFO-FLOW: Found component image_accel_fifo_w8_d64_S.
INFO-FLOW: Append model image_accel_fifo_w8_d64_S
INFO-FLOW: Found component image_accel_fifo_w32_d2_S.
INFO-FLOW: Append model image_accel_fifo_w32_d2_S
INFO-FLOW: Found component image_accel_start_for_p_anonymous_namespace_write_output_U0.
INFO-FLOW: Append model image_accel_start_for_p_anonymous_namespace_write_output_U0
INFO-FLOW: Found component image_accel_start_for_p_anonymous_namespace_rgb_to_gray_U0.
INFO-FLOW: Append model image_accel_start_for_p_anonymous_namespace_rgb_to_gray_U0
INFO-FLOW: Found component image_accel_gmem0_m_axi.
INFO-FLOW: Append model image_accel_gmem0_m_axi
INFO-FLOW: Found component image_accel_gmem1_m_axi.
INFO-FLOW: Append model image_accel_gmem1_m_axi
INFO-FLOW: Found component image_accel_control_s_axi.
INFO-FLOW: Append model image_accel_control_s_axi
INFO-FLOW: Append model entry_proc
INFO-FLOW: Append model p_anonymous_namespace_read_input_Pipeline_read_loop
INFO-FLOW: Append model p_anonymous_namespace_read_input
INFO-FLOW: Append model p_anonymous_namespace_rgb_to_gray_Pipeline_process_loop
INFO-FLOW: Append model p_anonymous_namespace_rgb_to_gray
INFO-FLOW: Append model p_anonymous_namespace_write_output_Pipeline_write_loop
INFO-FLOW: Append model p_anonymous_namespace_write_output
INFO-FLOW: Append model image_accel
INFO-FLOW: Generating RTL model list ...
INFO-FLOW: All models in this session: image_accel_flow_control_loop_pipe_sequential_init image_accel_mul_8ns_8ns_15_1_1 image_accel_mac_muladd_8ns_5ns_15ns_15_4_1 image_accel_mac_muladd_8ns_8ns_15ns_16_4_1 image_accel_flow_control_loop_pipe_sequential_init image_accel_flow_control_loop_pipe_sequential_init image_accel_fifo_w64_d4_S image_accel_fifo_w24_d64_A image_accel_fifo_w32_d2_S image_accel_fifo_w8_d64_S image_accel_fifo_w32_d2_S image_accel_start_for_p_anonymous_namespace_write_output_U0 image_accel_start_for_p_anonymous_namespace_rgb_to_gray_U0 image_accel_gmem0_m_axi image_accel_gmem1_m_axi image_accel_control_s_axi entry_proc p_anonymous_namespace_read_input_Pipeline_read_loop p_anonymous_namespace_read_input p_anonymous_namespace_rgb_to_gray_Pipeline_process_loop p_anonymous_namespace_rgb_to_gray p_anonymous_namespace_write_output_Pipeline_write_loop p_anonymous_namespace_write_output image_accel
INFO-FLOW: Generating /home/ronny/tec/high-level-design-for-electronics/homework/homework-3/hls-gem5-rgb2gray/hls/image_accel/image_accel/hls/.autopilot/db/autopilot.rtl.models.txt file...
INFO-FLOW: To file: write model image_accel_flow_control_loop_pipe_sequential_init
INFO-FLOW: To file: write model image_accel_mul_8ns_8ns_15_1_1
INFO-FLOW: To file: write model image_accel_mac_muladd_8ns_5ns_15ns_15_4_1
INFO-FLOW: To file: write model image_accel_mac_muladd_8ns_8ns_15ns_16_4_1
INFO-FLOW: To file: write model image_accel_flow_control_loop_pipe_sequential_init
INFO-FLOW: To file: write model image_accel_flow_control_loop_pipe_sequential_init
INFO-FLOW: To file: write model image_accel_fifo_w64_d4_S
INFO-FLOW: To file: write model image_accel_fifo_w24_d64_A
INFO-FLOW: To file: write model image_accel_fifo_w32_d2_S
INFO-FLOW: To file: write model image_accel_fifo_w8_d64_S
INFO-FLOW: To file: write model image_accel_fifo_w32_d2_S
INFO-FLOW: To file: write model image_accel_start_for_p_anonymous_namespace_write_output_U0
INFO-FLOW: To file: write model image_accel_start_for_p_anonymous_namespace_rgb_to_gray_U0
INFO-FLOW: To file: write model image_accel_gmem0_m_axi
INFO-FLOW: To file: write model image_accel_gmem1_m_axi
INFO-FLOW: To file: write model image_accel_control_s_axi
INFO-FLOW: To file: write model entry_proc
INFO-FLOW: To file: write model p_anonymous_namespace_read_input_Pipeline_read_loop
INFO-FLOW: To file: write model p_anonymous_namespace_read_input
INFO-FLOW: To file: write model p_anonymous_namespace_rgb_to_gray_Pipeline_process_loop
INFO-FLOW: To file: write model p_anonymous_namespace_rgb_to_gray
INFO-FLOW: To file: write model p_anonymous_namespace_write_output_Pipeline_write_loop
INFO-FLOW: To file: write model p_anonymous_namespace_write_output
INFO-FLOW: To file: write model image_accel
INFO-FLOW: Generating /home/ronny/tec/high-level-design-for-electronics/homework/homework-3/hls-gem5-rgb2gray/hls/image_accel/image_accel/hls/.autopilot/db/autopilot.rtl.models.tcl file...
INFO-FLOW: Finished generating RTL model list.


INFO-FLOW: RTL Generation done.
INFO-FLOW: CAS Generation done.
INFO-FLOW: CBC Generation done.
INFO-FLOW: DBG:PROC: ::AESL_AUTOMG::auto_generate_csynth_design
INFO-FLOW: DBG:PUTS: read_platform_lib /home/ronny/tec/high-level-design-for-electronics/homework/homework-3/hls-gem5-rgb2gray/hls/image_accel/image_accel/hls/.autopilot/db/global.setting.tcl
Execute       source /tools/Xilinx/Vitis_HLS/2024.1/common/technology/generic/autopilot/common.gen 
Execute         source /tools/Xilinx/Vitis_HLS/2024.1/common/technology/generic/autopilot/APCoreGen.gen 
Execute       source /tools/Xilinx/Vitis_HLS/2024.1/common/technology/generic/autopilot/op.gen 
Execute       source /tools/Xilinx/Vitis_HLS/2024.1/common/technology/generic/autopilot/op_simcore.gen 
Execute       source /tools/Xilinx/Vitis_HLS/2024.1/common/technology/generic/autopilot/interface.gen 
Execute       source /home/ronny/tec/high-level-design-for-electronics/homework/homework-3/hls-gem5-rgb2gray/hls/image_accel/image_accel/hls/.autopilot/db/global.setting.tcl 
Execute       source /tools/Xilinx/Vitis_HLS/2024.1/common/technology/xilinx/common/xilinx.gen 
Execute         source /tools/Xilinx/Vitis_HLS/2024.1/common/technology/xilinx/interface/plb46.gen 
Execute         source /tools/Xilinx/Vitis_HLS/2024.1/common/technology/xilinx/interface/axi4.gen 
Execute         source /tools/Xilinx/Vitis_HLS/2024.1/common/technology/xilinx/interface/nativeAXI4.gen 
Execute           source /tools/Xilinx/Vitis_HLS/2024.1/common/technology/xilinx/interface/saxilite.gen 
Execute         source /tools/Xilinx/Vitis_HLS/2024.1/common/technology/xilinx/scripts/xilinxcoregen.gen 
Execute         source /tools/Xilinx/Vitis_HLS/2024.1/common/technology/xilinx/interface/XilEDKCoreGen.gen 
Execute         source /tools/Xilinx/Vitis_HLS/2024.1/common/technology/xilinx/ip/dds_compiler.gen 
Execute         source /tools/Xilinx/Vitis_HLS/2024.1/common/technology/xilinx/ip/util.gen 
Execute         source /tools/Xilinx/Vitis_HLS/2024.1/common/technology/xilinx/ip/xfft.gen 
Execute         source /tools/Xilinx/Vitis_HLS/2024.1/common/technology/xilinx/ip/xfir.gen 
Execute         source /tools/Xilinx/Vitis_HLS/2024.1/common/technology/xilinx/DSP48/dsp48.gen 
Command       ap_source done; 0.11 sec.
INFO-FLOW: DBG:PUTS:   using AESL_AUTOCG::g_clock_period=4.000 (was NA)
INFO-FLOW: DBG:PROC: ::AESL_AUTOMG::generate_ip_cores gen_sim_model='1' gen_fp_models='0' gen_for_export='0' dstSCDir='' dstVhdlDir='/home/ronny/tec/high-level-design-for-electronics/homework/homework-3/hls-gem5-rgb2gray/hls/image_accel/image_accel/hls/.autopilot/db/vhdl' dstVlogDir='/home/ronny/tec/high-level-design-for-electronics/homework/homework-3/hls-gem5-rgb2gray/hls/image_accel/image_accel/hls/.autopilot/db/vlog' tclDir='/home/ronny/tec/high-level-design-for-electronics/homework/homework-3/hls-gem5-rgb2gray/hls/image_accel/image_accel/hls/.autopilot/db' modelList='image_accel_flow_control_loop_pipe_sequential_init
image_accel_mul_8ns_8ns_15_1_1
image_accel_mac_muladd_8ns_5ns_15ns_15_4_1
image_accel_mac_muladd_8ns_8ns_15ns_16_4_1
image_accel_flow_control_loop_pipe_sequential_init
image_accel_flow_control_loop_pipe_sequential_init
image_accel_fifo_w64_d4_S
image_accel_fifo_w24_d64_A
image_accel_fifo_w32_d2_S
image_accel_fifo_w8_d64_S
image_accel_fifo_w32_d2_S
image_accel_start_for_p_anonymous_namespace_write_output_U0
image_accel_start_for_p_anonymous_namespace_rgb_to_gray_U0
image_accel_gmem0_m_axi
image_accel_gmem1_m_axi
image_accel_control_s_axi
entry_proc
p_anonymous_namespace_read_input_Pipeline_read_loop
p_anonymous_namespace_read_input
p_anonymous_namespace_rgb_to_gray_Pipeline_process_loop
p_anonymous_namespace_rgb_to_gray
p_anonymous_namespace_write_output_Pipeline_write_loop
p_anonymous_namespace_write_output
image_accel
' expOnly='0'
Execute       source /home/ronny/tec/high-level-design-for-electronics/homework/homework-3/hls-gem5-rgb2gray/hls/image_accel/image_accel/hls/.autopilot/db/global.setting.tcl 
Execute       ap_part_info -name xck26-sfvc784-2LV-c -data names -quiet 
Execute       ap_part_info -name xck26-sfvc784-2LV-c -data info -quiet 
Execute       source /home/ronny/tec/high-level-design-for-electronics/homework/homework-3/hls-gem5-rgb2gray/hls/image_accel/image_accel/hls/.autopilot/db/global.setting.tcl 
Execute       source /home/ronny/tec/high-level-design-for-electronics/homework/homework-3/hls-gem5-rgb2gray/hls/image_accel/image_accel/hls/.autopilot/db/global.setting.tcl 
Execute       source /home/ronny/tec/high-level-design-for-electronics/homework/homework-3/hls-gem5-rgb2gray/hls/image_accel/image_accel/hls/.autopilot/db/entry_proc.compgen.tcl 
Execute       source /home/ronny/tec/high-level-design-for-electronics/homework/homework-3/hls-gem5-rgb2gray/hls/image_accel/image_accel/hls/.autopilot/db/p_anonymous_namespace_read_input_Pipeline_read_loop.compgen.tcl 
Execute       source /home/ronny/tec/high-level-design-for-electronics/homework/homework-3/hls-gem5-rgb2gray/hls/image_accel/image_accel/hls/.autopilot/db/p_anonymous_namespace_read_input.compgen.tcl 
Execute       source /home/ronny/tec/high-level-design-for-electronics/homework/homework-3/hls-gem5-rgb2gray/hls/image_accel/image_accel/hls/.autopilot/db/p_anonymous_namespace_rgb_to_gray_Pipeline_process_loop.compgen.tcl 
Execute       source /home/ronny/tec/high-level-design-for-electronics/homework/homework-3/hls-gem5-rgb2gray/hls/image_accel/image_accel/hls/.autopilot/db/p_anonymous_namespace_rgb_to_gray.compgen.tcl 
Execute       source /home/ronny/tec/high-level-design-for-electronics/homework/homework-3/hls-gem5-rgb2gray/hls/image_accel/image_accel/hls/.autopilot/db/p_anonymous_namespace_write_output_Pipeline_write_loop.compgen.tcl 
Execute       source /home/ronny/tec/high-level-design-for-electronics/homework/homework-3/hls-gem5-rgb2gray/hls/image_accel/image_accel/hls/.autopilot/db/p_anonymous_namespace_write_output.compgen.tcl 
Execute       source /home/ronny/tec/high-level-design-for-electronics/homework/homework-3/hls-gem5-rgb2gray/hls/image_accel/image_accel/hls/.autopilot/db/image_accel.compgen.tcl 
Execute         source ./control.slave.tcl 
INFO: [HLS 200-111] Finished Generating all RTL models: CPU user time: 0.32 seconds. CPU system time: 0.03 seconds. Elapsed time: 0.35 seconds; current allocated memory: 437.637 MB.
INFO-FLOW: DBG:PROC: ::HLSREPORTS::create_csynth_xml bind_info_var='bind_info' RtlSubPrefix='image_accel_' outfile=''
INFO-FLOW: Running: create_csynth_xml read xml data
INFO-FLOW: Done: create_csynth_xml read xml data time: 0 seconds per iteration
INFO-FLOW: Running: create_csynth_xml bind info
INFO-FLOW: No bind nodes found for module_name entry_proc
INFO-FLOW: No bind nodes found for module_name p_anonymous_namespace_read_input
INFO-FLOW: No bind nodes found for module_name p_anonymous_namespace_rgb_to_gray
INFO-FLOW: No bind nodes found for module_name p_anonymous_namespace_write_output
INFO-FLOW: Done: create_csynth_xml bind info time: 0 seconds per iteration
INFO-FLOW: Running: create_csynth_xml config info
INFO-FLOW: Done: create_csynth_xml config info time: 0.1 seconds per iteration
INFO-FLOW: Running: create_csynth_xml write xml
INFO-FLOW: Done: create_csynth_xml write xml time: 0 seconds per iteration
INFO-FLOW: DBG:PUTS:      create_csynth_xml wrote csynth_xml=/home/ronny/tec/high-level-design-for-electronics/homework/homework-3/hls-gem5-rgb2gray/hls/image_accel/image_accel/hls/syn/report/csynth.xml
INFO-FLOW: DBG:PROC: ::AP::DESIGN_DATA::generate_json generate_bd_files='0' generate_xo_files='0' modelList='image_accel_flow_control_loop_pipe_sequential_init
image_accel_mul_8ns_8ns_15_1_1
image_accel_mac_muladd_8ns_5ns_15ns_15_4_1
image_accel_mac_muladd_8ns_8ns_15ns_16_4_1
image_accel_flow_control_loop_pipe_sequential_init
image_accel_flow_control_loop_pipe_sequential_init
image_accel_fifo_w64_d4_S
image_accel_fifo_w24_d64_A
image_accel_fifo_w32_d2_S
image_accel_fifo_w8_d64_S
image_accel_fifo_w32_d2_S
image_accel_start_for_p_anonymous_namespace_write_output_U0
image_accel_start_for_p_anonymous_namespace_rgb_to_gray_U0
image_accel_gmem0_m_axi
image_accel_gmem1_m_axi
image_accel_control_s_axi
entry_proc
p_anonymous_namespace_read_input_Pipeline_read_loop
p_anonymous_namespace_read_input
p_anonymous_namespace_rgb_to_gray_Pipeline_process_loop
p_anonymous_namespace_rgb_to_gray
p_anonymous_namespace_write_output_Pipeline_write_loop
p_anonymous_namespace_write_output
image_accel
' rtl_lang='both' bootstrap_tcl='false' outdir='' outfilename=''
Execute       source /home/ronny/tec/high-level-design-for-electronics/homework/homework-3/hls-gem5-rgb2gray/hls/image_accel/image_accel/hls/.autopilot/db/global.setting.tcl 
Execute       source /home/ronny/tec/high-level-design-for-electronics/homework/homework-3/hls-gem5-rgb2gray/hls/image_accel/image_accel/hls/.autopilot/db/global.setting.tcl 
Execute       source /home/ronny/tec/high-level-design-for-electronics/homework/homework-3/hls-gem5-rgb2gray/hls/image_accel/image_accel/hls/.autopilot/db/top-io-be.tcl 
Execute       source /home/ronny/tec/high-level-design-for-electronics/homework/homework-3/hls-gem5-rgb2gray/hls/image_accel/image_accel/hls/.autopilot/db/image_accel.tbgen.tcl 
Execute       source /home/ronny/tec/high-level-design-for-electronics/homework/homework-3/hls-gem5-rgb2gray/hls/image_accel/image_accel/hls/.autopilot/db/image_accel.compgen.dataonly.tcl 
Execute       source /home/ronny/tec/high-level-design-for-electronics/homework/homework-3/hls-gem5-rgb2gray/hls/image_accel/image_accel/hls/.autopilot/db/image_accel.compgen.dataonly.tcl 
Execute       source /home/ronny/tec/high-level-design-for-electronics/homework/homework-3/hls-gem5-rgb2gray/hls/image_accel/image_accel/hls/.autopilot/db/image_accel.rtl_wrap.cfg.tcl 
Execute       source /home/ronny/tec/high-level-design-for-electronics/homework/homework-3/hls-gem5-rgb2gray/hls/image_accel/image_accel/hls/.autopilot/db/image_accel.compgen.dataonly.tcl 
Execute       source /home/ronny/tec/high-level-design-for-electronics/homework/homework-3/hls-gem5-rgb2gray/hls/image_accel/image_accel/hls/.autopilot/db/entry_proc.tbgen.tcl 
Execute       source /home/ronny/tec/high-level-design-for-electronics/homework/homework-3/hls-gem5-rgb2gray/hls/image_accel/image_accel/hls/.autopilot/db/p_anonymous_namespace_read_input_Pipeline_read_loop.tbgen.tcl 
Execute       source /home/ronny/tec/high-level-design-for-electronics/homework/homework-3/hls-gem5-rgb2gray/hls/image_accel/image_accel/hls/.autopilot/db/p_anonymous_namespace_read_input.tbgen.tcl 
Execute       source /home/ronny/tec/high-level-design-for-electronics/homework/homework-3/hls-gem5-rgb2gray/hls/image_accel/image_accel/hls/.autopilot/db/p_anonymous_namespace_rgb_to_gray_Pipeline_process_loop.tbgen.tcl 
Execute       source /home/ronny/tec/high-level-design-for-electronics/homework/homework-3/hls-gem5-rgb2gray/hls/image_accel/image_accel/hls/.autopilot/db/p_anonymous_namespace_rgb_to_gray.tbgen.tcl 
Execute       source /home/ronny/tec/high-level-design-for-electronics/homework/homework-3/hls-gem5-rgb2gray/hls/image_accel/image_accel/hls/.autopilot/db/p_anonymous_namespace_write_output_Pipeline_write_loop.tbgen.tcl 
Execute       source /home/ronny/tec/high-level-design-for-electronics/homework/homework-3/hls-gem5-rgb2gray/hls/image_accel/image_accel/hls/.autopilot/db/p_anonymous_namespace_write_output.tbgen.tcl 
Execute       source /home/ronny/tec/high-level-design-for-electronics/homework/homework-3/hls-gem5-rgb2gray/hls/image_accel/image_accel/hls/.autopilot/db/image_accel.tbgen.tcl 
Execute       source /home/ronny/tec/high-level-design-for-electronics/homework/homework-3/hls-gem5-rgb2gray/hls/image_accel/image_accel/hls/.autopilot/db/global.setting.tcl 
Execute       ap_part_info -name xck26-sfvc784-2LV-c -data names -quiet 
Execute       ap_part_info -name xck26-sfvc784-2LV-c -data info -quiet 
Execute       source /home/ronny/tec/high-level-design-for-electronics/homework/homework-3/hls-gem5-rgb2gray/hls/image_accel/image_accel/hls/.autopilot/db/image_accel.constraint.tcl 
Execute       sc_get_clocks image_accel 
Execute       source /home/ronny/tec/high-level-design-for-electronics/homework/homework-3/hls-gem5-rgb2gray/hls/image_accel/image_accel/hls/.autopilot/db/global.setting.tcl 
INFO-FLOW: DBG:PROC: ::HLSREPORTS::add_csynth_report_sections bind_info_dict='adapter_nodes {{BINDTYPE adapter ID {} IMPL {} LATENCY {} OPTYPE {} PRAGMA {} RTLNAME control_s_axi_U SOURCE {} VARIABLE {} LOOP {} BUNDLEDNAME control DSP 0 BRAM 0 URAM 0 STORAGESUBTYPE s_axilite STORAGESIZE {} STORAGEUSAGE interface DISPNAME {bind_adapter }} {BINDTYPE adapter ID {} IMPL {} LATENCY {} OPTYPE {} PRAGMA {} RTLNAME gmem0_m_axi_U SOURCE {} VARIABLE {} LOOP {} BUNDLEDNAME gmem0 DSP 0 BRAM 1 URAM 0 STORAGESUBTYPE m_axi STORAGESIZE {} STORAGEUSAGE interface DISPNAME {bind_adapter }} {BINDTYPE adapter ID {} IMPL {} LATENCY {} OPTYPE {} PRAGMA {} RTLNAME gmem1_m_axi_U SOURCE {} VARIABLE {} LOOP {} BUNDLEDNAME gmem1 DSP 0 BRAM 1 URAM 0 STORAGESUBTYPE m_axi STORAGESIZE {} STORAGEUSAGE interface DISPNAME {bind_adapter }}} cache_nodes {} report_dict {TOPINST image_accel MODULE2INSTS {image_accel image_accel entry_proc entry_proc_U0 p_anonymous_namespace_read_input p_anonymous_namespace_read_input_U0 p_anonymous_namespace_read_input_Pipeline_read_loop grp_p_anonymous_namespace_read_input_Pipeline_read_loop_fu_70 p_anonymous_namespace_rgb_to_gray p_anonymous_namespace_rgb_to_gray_U0 p_anonymous_namespace_rgb_to_gray_Pipeline_process_loop grp_p_anonymous_namespace_rgb_to_gray_Pipeline_process_loop_fu_50 p_anonymous_namespace_write_output p_anonymous_namespace_write_output_U0 p_anonymous_namespace_write_output_Pipeline_write_loop grp_p_anonymous_namespace_write_output_Pipeline_write_loop_fu_58} INST2MODULE {image_accel image_accel entry_proc_U0 entry_proc p_anonymous_namespace_read_input_U0 p_anonymous_namespace_read_input grp_p_anonymous_namespace_read_input_Pipeline_read_loop_fu_70 p_anonymous_namespace_read_input_Pipeline_read_loop p_anonymous_namespace_rgb_to_gray_U0 p_anonymous_namespace_rgb_to_gray grp_p_anonymous_namespace_rgb_to_gray_Pipeline_process_loop_fu_50 p_anonymous_namespace_rgb_to_gray_Pipeline_process_loop p_anonymous_namespace_write_output_U0 p_anonymous_namespace_write_output grp_p_anonymous_namespace_write_output_Pipeline_write_loop_fu_58 p_anonymous_namespace_write_output_Pipeline_write_loop} INSTDATA {image_accel {DEPTH 1 CHILDREN {entry_proc_U0 p_anonymous_namespace_read_input_U0 p_anonymous_namespace_rgb_to_gray_U0 p_anonymous_namespace_write_output_U0}} entry_proc_U0 {DEPTH 2 CHILDREN {}} p_anonymous_namespace_read_input_U0 {DEPTH 2 CHILDREN grp_p_anonymous_namespace_read_input_Pipeline_read_loop_fu_70} grp_p_anonymous_namespace_read_input_Pipeline_read_loop_fu_70 {DEPTH 3 CHILDREN {}} p_anonymous_namespace_rgb_to_gray_U0 {DEPTH 2 CHILDREN grp_p_anonymous_namespace_rgb_to_gray_Pipeline_process_loop_fu_50} grp_p_anonymous_namespace_rgb_to_gray_Pipeline_process_loop_fu_50 {DEPTH 3 CHILDREN {}} p_anonymous_namespace_write_output_U0 {DEPTH 2 CHILDREN grp_p_anonymous_namespace_write_output_Pipeline_write_loop_fu_58} grp_p_anonymous_namespace_write_output_Pipeline_write_loop_fu_58 {DEPTH 3 CHILDREN {}}} MODULEDATA {p_anonymous_namespace_read_input_Pipeline_read_loop {BINDINFO {{BINDTYPE op ID {} IMPL auto LATENCY 0 OPTYPE seteq PRAGMA {} RTLNAME icmp_ln18_fu_125_p2 SOURCE ../src/image_accel.cpp:18 VARIABLE icmp_ln18 LOOP read_loop BUNDLEDNAME {} DSP 0 BRAM 0 URAM 0 STORAGESUBTYPE {} DISPNAME {bind_op seteq} VISIBLE false} {BINDTYPE op ID {} IMPL fabric LATENCY 0 OPTYPE add PRAGMA {} RTLNAME add_ln18_fu_131_p2 SOURCE ../src/image_accel.cpp:18 VARIABLE add_ln18 LOOP read_loop BUNDLEDNAME {} DSP 0 BRAM 0 URAM 0 STORAGESUBTYPE {} DISPNAME {bind_op add} VISIBLE true} {BINDTYPE op ID {} IMPL fabric LATENCY 0 OPTYPE sub PRAGMA {} RTLNAME base_fu_143_p2 SOURCE ../src/image_accel.cpp:22 VARIABLE base LOOP read_loop BUNDLEDNAME {} DSP 0 BRAM 0 URAM 0 STORAGESUBTYPE {} DISPNAME {bind_op sub} VISIBLE true} {BINDTYPE op ID {} IMPL fabric LATENCY 0 OPTYPE add PRAGMA {} RTLNAME add_ln25_fu_153_p2 SOURCE ../src/image_accel.cpp:25 VARIABLE add_ln25 LOOP read_loop BUNDLEDNAME {} DSP 0 BRAM 0 URAM 0 STORAGESUBTYPE {} DISPNAME {bind_op add} VISIBLE true} {BINDTYPE op ID {} IMPL fabric LATENCY 0 OPTYPE add PRAGMA {} RTLNAME add_ln26_fu_170_p2 SOURCE ../src/image_accel.cpp:26 VARIABLE add_ln26 LOOP read_loop BUNDLEDNAME {} DSP 0 BRAM 0 URAM 0 STORAGESUBTYPE {} DISPNAME {bind_op add} VISIBLE true} {BINDTYPE op ID {} IMPL fabric LATENCY 0 OPTYPE add PRAGMA {} RTLNAME add_ln26_1_fu_179_p2 SOURCE ../src/image_accel.cpp:26 VARIABLE add_ln26_1 LOOP read_loop BUNDLEDNAME {} DSP 0 BRAM 0 URAM 0 STORAGESUBTYPE {} DISPNAME {bind_op add} VISIBLE true} {BINDTYPE op ID {} IMPL fabric LATENCY 0 OPTYPE add PRAGMA {} RTLNAME add_ln27_fu_190_p2 SOURCE ../src/image_accel.cpp:27 VARIABLE add_ln27 LOOP read_loop BUNDLEDNAME {} DSP 0 BRAM 0 URAM 0 STORAGESUBTYPE {} DISPNAME {bind_op add} VISIBLE true} {BINDTYPE op ID {} IMPL fabric LATENCY 0 OPTYPE add PRAGMA {} RTLNAME add_ln27_1_fu_199_p2 SOURCE ../src/image_accel.cpp:27 VARIABLE add_ln27_1 LOOP read_loop BUNDLEDNAME {} DSP 0 BRAM 0 URAM 0 STORAGESUBTYPE {} DISPNAME {bind_op add} VISIBLE true}} AREA {DSP 0 BRAM 0 URAM 0}} p_anonymous_namespace_rgb_to_gray_Pipeline_process_loop {BINDINFO {{BINDTYPE op ID {} IMPL auto LATENCY 0 OPTYPE seteq PRAGMA {} RTLNAME icmp_ln54_fu_85_p2 SOURCE ../src/image_accel.cpp:54 VARIABLE icmp_ln54 LOOP process_loop BUNDLEDNAME {} DSP 0 BRAM 0 URAM 0 STORAGESUBTYPE {} DISPNAME {bind_op seteq} VISIBLE false} {BINDTYPE op ID {} IMPL fabric LATENCY 0 OPTYPE add PRAGMA {} RTLNAME i_2_fu_91_p2 SOURCE ../src/image_accel.cpp:54 VARIABLE i_2 LOOP process_loop BUNDLEDNAME {} DSP 0 BRAM 0 URAM 0 STORAGESUBTYPE {} DISPNAME {bind_op add} VISIBLE true} {BINDTYPE op ID {} IMPL auto LATENCY 0 OPTYPE mul PRAGMA {} RTLNAME mul_8ns_8ns_15_1_1_U12 SOURCE ../src/image_accel.cpp:39 VARIABLE mul_ln39 LOOP process_loop BUNDLEDNAME {} DSP 0 BRAM 0 URAM 0 STORAGESUBTYPE {} DISPNAME {bind_op mul} VISIBLE true} {BINDTYPE op ID {} IMPL dsp_slice LATENCY 3 OPTYPE mul PRAGMA {} RTLNAME mac_muladd_8ns_8ns_15ns_16_4_1_U14 SOURCE ../src/image_accel.cpp:39 VARIABLE mul_ln39_1 LOOP process_loop BUNDLEDNAME {} DSP 1 BRAM 0 URAM 0 STORAGESUBTYPE {} DISPNAME {bind_op mul} VISIBLE true} {BINDTYPE op ID {} IMPL dsp_slice LATENCY 3 OPTYPE mul PRAGMA {} RTLNAME mac_muladd_8ns_5ns_15ns_15_4_1_U13 SOURCE ../src/image_accel.cpp:39 VARIABLE mul_ln39_2 LOOP process_loop BUNDLEDNAME {} DSP 1 BRAM 0 URAM 0 STORAGESUBTYPE {} DISPNAME {bind_op mul} VISIBLE true} {BINDTYPE op ID {} IMPL dsp_slice LATENCY 3 OPTYPE zext PRAGMA {} RTLNAME mac_muladd_8ns_5ns_15ns_15_4_1_U13 SOURCE ../src/image_accel.cpp:39 VARIABLE zext_ln39_1 LOOP process_loop BUNDLEDNAME {} DSP 1 BRAM 0 URAM 0 STORAGESUBTYPE {} DISPNAME {bind_op zext} VISIBLE false} {BINDTYPE op ID {} IMPL dsp_slice LATENCY 3 OPTYPE add PRAGMA {} RTLNAME mac_muladd_8ns_5ns_15ns_15_4_1_U13 SOURCE ../src/image_accel.cpp:39 VARIABLE add_ln39 LOOP process_loop BUNDLEDNAME {} DSP 1 BRAM 0 URAM 0 STORAGESUBTYPE {} DISPNAME {bind_op add} VISIBLE true} {BINDTYPE op ID {} IMPL dsp_slice LATENCY 3 OPTYPE add PRAGMA {} RTLNAME mac_muladd_8ns_8ns_15ns_16_4_1_U14 SOURCE ../src/image_accel.cpp:39 VARIABLE weighted_sum LOOP process_loop BUNDLEDNAME {} DSP 1 BRAM 0 URAM 0 STORAGESUBTYPE {} DISPNAME {bind_op add} VISIBLE true}} AREA {DSP 2 BRAM 0 URAM 0}} p_anonymous_namespace_write_output_Pipeline_write_loop {BINDINFO {{BINDTYPE op ID {} IMPL auto LATENCY 0 OPTYPE seteq PRAGMA {} RTLNAME icmp_ln70_fu_104_p2 SOURCE ../src/image_accel.cpp:70 VARIABLE icmp_ln70 LOOP write_loop BUNDLEDNAME {} DSP 0 BRAM 0 URAM 0 STORAGESUBTYPE {} DISPNAME {bind_op seteq} VISIBLE false} {BINDTYPE op ID {} IMPL fabric LATENCY 0 OPTYPE add PRAGMA {} RTLNAME add_ln70_fu_110_p2 SOURCE ../src/image_accel.cpp:70 VARIABLE add_ln70 LOOP write_loop BUNDLEDNAME {} DSP 0 BRAM 0 URAM 0 STORAGESUBTYPE {} DISPNAME {bind_op add} VISIBLE true} {BINDTYPE op ID {} IMPL fabric LATENCY 0 OPTYPE add PRAGMA {} RTLNAME add_ln73_fu_120_p2 SOURCE ../src/image_accel.cpp:73 VARIABLE add_ln73 LOOP write_loop BUNDLEDNAME {} DSP 0 BRAM 0 URAM 0 STORAGESUBTYPE {} DISPNAME {bind_op add} VISIBLE true}} AREA {DSP 0 BRAM 0 URAM 0}} image_accel {BINDINFO {{BINDTYPE storage ID {} IMPL srl LATENCY 0 OPTYPE fifo PRAGMA {} RTLNAME output_gray_c_U SOURCE ../src/image_accel.cpp:101 VARIABLE output_gray_c LOOP {} BUNDLEDNAME {} DSP 0 BRAM 0 URAM 0 STORAGESUBTYPE {scalar prop} STORAGESIZE {64 4 1} STORAGEUSAGE {fifo channel} DISPNAME {bind_storage fifo} VISIBLE true} {BINDTYPE storage ID {} IMPL memory LATENCY 0 OPTYPE fifo PRAGMA {} RTLNAME rgb_stream_U SOURCE :0 VARIABLE rgb_stream LOOP {} BUNDLEDNAME {} DSP 0 BRAM 2 URAM 0 STORAGESUBTYPE stream STORAGESIZE {24 64 1} STORAGEUSAGE {fifo channel} DISPNAME {bind_storage fifo} VISIBLE true} {BINDTYPE storage ID {} IMPL srl LATENCY 0 OPTYPE fifo PRAGMA {} RTLNAME num_pixels_c1_U SOURCE ../src/image_accel.cpp:101 VARIABLE num_pixels_c1 LOOP {} BUNDLEDNAME {} DSP 0 BRAM 0 URAM 0 STORAGESUBTYPE {scalar prop} STORAGESIZE {32 2 1} STORAGEUSAGE {fifo channel} DISPNAME {bind_storage fifo} VISIBLE true} {BINDTYPE storage ID {} IMPL srl LATENCY 0 OPTYPE fifo PRAGMA {} RTLNAME gray_stream_U SOURCE ../src/image_accel.cpp:104 VARIABLE gray_stream LOOP {} BUNDLEDNAME {} DSP 0 BRAM 0 URAM 0 STORAGESUBTYPE stream STORAGESIZE {8 64 1} STORAGEUSAGE {fifo channel} DISPNAME {bind_storage fifo} VISIBLE true} {BINDTYPE storage ID {} IMPL srl LATENCY 0 OPTYPE fifo PRAGMA {} RTLNAME num_pixels_c_U SOURCE ../src/image_accel.cpp:101 VARIABLE num_pixels_c LOOP {} BUNDLEDNAME {} DSP 0 BRAM 0 URAM 0 STORAGESUBTYPE {scalar prop} STORAGESIZE {32 2 1} STORAGEUSAGE {fifo channel} DISPNAME {bind_storage fifo} VISIBLE true}} AREA {DSP 2 BRAM 4 URAM 0}} entry_proc {AREA {DSP 0 BRAM 0 URAM 0}} p_anonymous_namespace_read_input {AREA {DSP 0 BRAM 0 URAM 0}} p_anonymous_namespace_rgb_to_gray {AREA {DSP 2 BRAM 0 URAM 0}} p_anonymous_namespace_write_output {AREA {DSP 0 BRAM 0 URAM 0}}}}'
INFO-FLOW: DBG:PUTS:      update_csynth_reports json2rpt_hw_sw_interfaces
INFO-FLOW: Running: gen_csynth_sec_pragma
INFO-FLOW: Done: gen_csynth_sec_pragma time: 0 seconds per iteration
INFO-FLOW: DBG:PUTS:      update_csynth_reports wrote xml
INFO-FLOW: DBG:PUTS:      update_csynth_reports appended to csynth rpt file
INFO: [HLS 200-111] Finished Updating report files: CPU user time: 1.22 seconds. CPU system time: 0.04 seconds. Elapsed time: 1.26 seconds; current allocated memory: 444.199 MB.
INFO: [VHDL 208-304] Generating VHDL RTL for image_accel.
INFO: [VLOG 209-307] Generating Verilog RTL for image_accel.
Execute       syn_report -model image_accel -printsummary 
INFO: [HLS 200-789] **** Estimated Fmax: 285.71 MHz
Command     autosyn done; 3.16 sec.
Command   csynth_design done; 17.21 sec.
Execute   close_project 
Execute     close_solution 
Execute       cleanup_all 
Execute       cleanup_all 
INFO-FLOW: Workspace /home/ronny/tec/high-level-design-for-electronics/homework/homework-3/hls-gem5-rgb2gray/hls/image_accel/image_accel/hls opened at Sun Jul 12 12:34:59 CST 2026
Execute     send_msg_by_id INFO @200-1505@%s%s default  vivado 
INFO: [HLS 200-1505] Using default flow_target 'vivado'
Execute   apply_ini /home/ronny/tec/high-level-design-for-electronics/homework/homework-3/hls-gem5-rgb2gray/hls/image_accel/hls_config.cfg 
Execute     send_msg_by_id INFO @200-1465@%s 'syn.file=/home/ronny/tec/high-level-design-for-electronics/homework/homework-3/hls-gem5-rgb2gray/hls/src/image_accel.cpp' from /home/ronny/tec/high-level-design-for-electronics/homework/homework-3/hls-gem5-rgb2gray/hls/image_accel/hls_config.cfg(8) 
INFO: [HLS 200-1465] Applying ini 'syn.file=/home/ronny/tec/high-level-design-for-electronics/homework/homework-3/hls-gem5-rgb2gray/hls/src/image_accel.cpp' from /home/ronny/tec/high-level-design-for-electronics/homework/homework-3/hls-gem5-rgb2gray/hls/image_accel/hls_config.cfg(8)
Execute     add_files /home/ronny/tec/high-level-design-for-electronics/homework/homework-3/hls-gem5-rgb2gray/hls/src/image_accel.cpp 
INFO: [HLS 200-10] Adding design file '/home/ronny/tec/high-level-design-for-electronics/homework/homework-3/hls-gem5-rgb2gray/hls/src/image_accel.cpp' to the project
Execute     send_msg_by_id INFO @200-1465@%s 'syn.file=/home/ronny/tec/high-level-design-for-electronics/homework/homework-3/hls-gem5-rgb2gray/hls/src/image_accel.hpp' from /home/ronny/tec/high-level-design-for-electronics/homework/homework-3/hls-gem5-rgb2gray/hls/image_accel/hls_config.cfg(9) 
INFO: [HLS 200-1465] Applying ini 'syn.file=/home/ronny/tec/high-level-design-for-electronics/homework/homework-3/hls-gem5-rgb2gray/hls/src/image_accel.hpp' from /home/ronny/tec/high-level-design-for-electronics/homework/homework-3/hls-gem5-rgb2gray/hls/image_accel/hls_config.cfg(9)
Execute     add_files /home/ronny/tec/high-level-design-for-electronics/homework/homework-3/hls-gem5-rgb2gray/hls/src/image_accel.hpp 
INFO: [HLS 200-10] Adding design file '/home/ronny/tec/high-level-design-for-electronics/homework/homework-3/hls-gem5-rgb2gray/hls/src/image_accel.hpp' to the project
Execute     send_msg_by_id INFO @200-1465@%s 'syn.file=/home/ronny/tec/high-level-design-for-electronics/homework/homework-3/hls-gem5-rgb2gray/hls/src/image_accel_types.hpp' from /home/ronny/tec/high-level-design-for-electronics/homework/homework-3/hls-gem5-rgb2gray/hls/image_accel/hls_config.cfg(10) 
INFO: [HLS 200-1465] Applying ini 'syn.file=/home/ronny/tec/high-level-design-for-electronics/homework/homework-3/hls-gem5-rgb2gray/hls/src/image_accel_types.hpp' from /home/ronny/tec/high-level-design-for-electronics/homework/homework-3/hls-gem5-rgb2gray/hls/image_accel/hls_config.cfg(10)
Execute     add_files /home/ronny/tec/high-level-design-for-electronics/homework/homework-3/hls-gem5-rgb2gray/hls/src/image_accel_types.hpp 
INFO: [HLS 200-10] Adding design file '/home/ronny/tec/high-level-design-for-electronics/homework/homework-3/hls-gem5-rgb2gray/hls/src/image_accel_types.hpp' to the project
Execute     send_msg_by_id INFO @200-1465@%s 'tb.file=/home/ronny/tec/high-level-design-for-electronics/homework/homework-3/hls-gem5-rgb2gray/hls/tb/image_accel_tb.cpp' from /home/ronny/tec/high-level-design-for-electronics/homework/homework-3/hls-gem5-rgb2gray/hls/image_accel/hls_config.cfg(11) 
INFO: [HLS 200-1465] Applying ini 'tb.file=/home/ronny/tec/high-level-design-for-electronics/homework/homework-3/hls-gem5-rgb2gray/hls/tb/image_accel_tb.cpp' from /home/ronny/tec/high-level-design-for-electronics/homework/homework-3/hls-gem5-rgb2gray/hls/image_accel/hls_config.cfg(11)
Execute     add_files -tb /home/ronny/tec/high-level-design-for-electronics/homework/homework-3/hls-gem5-rgb2gray/hls/tb/image_accel_tb.cpp 
INFO: [HLS 200-10] Adding test bench file '/home/ronny/tec/high-level-design-for-electronics/homework/homework-3/hls-gem5-rgb2gray/hls/tb/image_accel_tb.cpp' to the project
Execute     send_msg_by_id INFO @200-1465@%s 'syn.top=image_accel' from /home/ronny/tec/high-level-design-for-electronics/homework/homework-3/hls-gem5-rgb2gray/hls/image_accel/hls_config.cfg(7) 
INFO: [HLS 200-1465] Applying ini 'syn.top=image_accel' from /home/ronny/tec/high-level-design-for-electronics/homework/homework-3/hls-gem5-rgb2gray/hls/image_accel/hls_config.cfg(7)
Execute     set_top image_accel 
Execute     send_msg_by_id INFO @200-1465@%s 'flow_target=vivado' from /home/ronny/tec/high-level-design-for-electronics/homework/homework-3/hls-gem5-rgb2gray/hls/image_accel/hls_config.cfg(4) 
INFO: [HLS 200-1465] Applying ini 'flow_target=vivado' from /home/ronny/tec/high-level-design-for-electronics/homework/homework-3/hls-gem5-rgb2gray/hls/image_accel/hls_config.cfg(4)
Execute     send_msg_by_id INFO @200-1505@%s%s  vivado 
INFO: [HLS 200-1505] Using flow_target 'vivado'
Execute     send_msg_by_id INFO @200-1465@%s 'part=xck26-sfvc784-2LV-c' from /home/ronny/tec/high-level-design-for-electronics/homework/homework-3/hls-gem5-rgb2gray/hls/image_accel/hls_config.cfg(1) 
INFO: [HLS 200-1465] Applying ini 'part=xck26-sfvc784-2LV-c' from /home/ronny/tec/high-level-design-for-electronics/homework/homework-3/hls-gem5-rgb2gray/hls/image_accel/hls_config.cfg(1)
Execute     set_part xck26-sfvc784-2LV-c 
Execute       create_platform xck26-sfvc784-2LV-c -board  
DBG:HLSDevice: Trying to load device library: /tools/Xilinx/Vitis_HLS/2024.1/lib/lnx64.o/libxv_hlsvwrap.so
DBG:HLSDevice: first parts/arch.xml in RDI_DATADIR: /tools/Xilinx/Vivado/2024.1/data/parts/arch.xml
DBG:HLSDevice: init success
INFO: [HLS 200-1611] Setting target device to 'xck26-sfvc784-2LV-c'
Command       create_platform done; 3.69 sec.
Execute       source /tools/Xilinx/Vitis_HLS/2024.1/common/technology/xilinx/common/xilinx.gen 
Execute         source /tools/Xilinx/Vitis_HLS/2024.1/common/technology/xilinx/interface/plb46.gen 
Execute         source /tools/Xilinx/Vitis_HLS/2024.1/common/technology/xilinx/interface/axi4.gen 
Execute         source /tools/Xilinx/Vitis_HLS/2024.1/common/technology/xilinx/interface/nativeAXI4.gen 
Execute           source /tools/Xilinx/Vitis_HLS/2024.1/common/technology/xilinx/interface/saxilite.gen 
Execute         source /tools/Xilinx/Vitis_HLS/2024.1/common/technology/xilinx/scripts/xilinxcoregen.gen 
Execute         source /tools/Xilinx/Vitis_HLS/2024.1/common/technology/xilinx/interface/XilEDKCoreGen.gen 
Execute         source /tools/Xilinx/Vitis_HLS/2024.1/common/technology/xilinx/ip/dds_compiler.gen 
Execute         source /tools/Xilinx/Vitis_HLS/2024.1/common/technology/xilinx/ip/util.gen 
Execute         source /tools/Xilinx/Vitis_HLS/2024.1/common/technology/xilinx/ip/xfft.gen 
Command         ap_source done; 0.13 sec.
Execute         source /tools/Xilinx/Vitis_HLS/2024.1/common/technology/xilinx/ip/xfir.gen 
Execute         source /tools/Xilinx/Vitis_HLS/2024.1/common/technology/xilinx/DSP48/dsp48.gen 
Command       ap_source done; 0.19 sec.
Execute       ap_part_info -name xck26-sfvc784-2LV-c -data info 
Execute       config_compile -quiet -complex-mul-dsp=0 
Command     set_part done; 3.96 sec.
Execute     send_msg_by_id INFO @200-1465@%s 'clock=4ns' from /home/ronny/tec/high-level-design-for-electronics/homework/homework-3/hls-gem5-rgb2gray/hls/image_accel/hls_config.cfg(12) 
INFO: [HLS 200-1465] Applying ini 'clock=4ns' from /home/ronny/tec/high-level-design-for-electronics/homework/homework-3/hls-gem5-rgb2gray/hls/image_accel/hls_config.cfg(12)
Execute     create_clock -period 4ns 
Execute       ap_set_clock -name default -period 4 -unit ns -default=false 
INFO: [SYN 201-201] Setting up clock 'default' with a period of 4ns.
Execute     send_msg_by_id INFO @200-1465@%s 'clock_uncertainty=12.5%' from /home/ronny/tec/high-level-design-for-electronics/homework/homework-3/hls-gem5-rgb2gray/hls/image_accel/hls_config.cfg(13) 
INFO: [HLS 200-1465] Applying ini 'clock_uncertainty=12.5%' from /home/ronny/tec/high-level-design-for-electronics/homework/homework-3/hls-gem5-rgb2gray/hls/image_accel/hls_config.cfg(13)
Execute     set_clock_uncertainty 12.5% 
Execute       ap_set_clock -name default -uncertainty 0.5 -unit % 
INFO: [SYN 201-201] Setting up clock 'default' with an uncertainty of 0.5ns.
Execute     send_msg_by_id INFO @200-1465@%s 'csim.code_analyzer=1' from /home/ronny/tec/high-level-design-for-electronics/homework/homework-3/hls-gem5-rgb2gray/hls/image_accel/hls_config.cfg(14) 
INFO: [HLS 200-1465] Applying ini 'csim.code_analyzer=1' from /home/ronny/tec/high-level-design-for-electronics/homework/homework-3/hls-gem5-rgb2gray/hls/image_accel/hls_config.cfg(14)
Execute     config_csim -code_analyzer=1 
Execute     send_msg_by_id INFO @200-1465@%s 'package.output.format=ip_catalog' from /home/ronny/tec/high-level-design-for-electronics/homework/homework-3/hls-gem5-rgb2gray/hls/image_accel/hls_config.cfg(5) 
INFO: [HLS 200-1465] Applying ini 'package.output.format=ip_catalog' from /home/ronny/tec/high-level-design-for-electronics/homework/homework-3/hls-gem5-rgb2gray/hls/image_accel/hls_config.cfg(5)
Execute     config_export -format=ip_catalog 
Command   apply_ini done; 4.01 sec.
Execute   apply_ini /home/ronny/tec/high-level-design-for-electronics/homework/homework-3/hls-gem5-rgb2gray/hls/image_accel/image_accel/hls/config.cmdline 
Execute   csim_design 
Execute     AP::app_get_file_relativeroot [AP::app_get_root] {}
Execute     AP::app_get_file_relativeroot [AP::app_get_root] {}
Execute     AP::app_get_file_relativeroot [AP::app_get_root] {}
INFO-FLOW: Running SLX 'csim' proc: ::SLX::run_csim
INFO-FLOW: SLX proc replaces csim
Command   csim_design done; 14.37 sec.
Execute   close_project 
Execute     close_solution 
Execute       cleanup_all 
Execute       cleanup_all 
INFO-FLOW: Workspace /home/ronny/tec/high-level-design-for-electronics/homework/homework-3/hls-gem5-rgb2gray/hls/image_accel/image_accel/hls opened at Sun Jul 12 12:36:01 CST 2026
Execute     source /home/ronny/tec/high-level-design-for-electronics/homework/homework-3/hls-gem5-rgb2gray/hls/image_accel/image_accel/hls/.autopilot/db/global.setting.tcl 
Execute     set_part xck26-sfvc784-2LV-c 
Execute       create_platform xck26-sfvc784-2LV-c -board  
DBG:HLSDevice: Trying to load device library: /tools/Xilinx/Vitis_HLS/2024.1/lib/lnx64.o/libxv_hlsvwrap.so
DBG:HLSDevice: first parts/arch.xml in RDI_DATADIR: /tools/Xilinx/Vivado/2024.1/data/parts/arch.xml
DBG:HLSDevice: init success
INFO: [HLS 200-1611] Setting target device to 'xck26-sfvc784-2LV-c'
Command       create_platform done; 2.39 sec.
Execute       source /tools/Xilinx/Vitis_HLS/2024.1/common/technology/xilinx/common/xilinx.gen 
Execute         source /tools/Xilinx/Vitis_HLS/2024.1/common/technology/xilinx/interface/plb46.gen 
Execute         source /tools/Xilinx/Vitis_HLS/2024.1/common/technology/xilinx/interface/axi4.gen 
Execute         source /tools/Xilinx/Vitis_HLS/2024.1/common/technology/xilinx/interface/nativeAXI4.gen 
Execute           source /tools/Xilinx/Vitis_HLS/2024.1/common/technology/xilinx/interface/saxilite.gen 
Execute         source /tools/Xilinx/Vitis_HLS/2024.1/common/technology/xilinx/scripts/xilinxcoregen.gen 
Execute         source /tools/Xilinx/Vitis_HLS/2024.1/common/technology/xilinx/interface/XilEDKCoreGen.gen 
Execute         source /tools/Xilinx/Vitis_HLS/2024.1/common/technology/xilinx/ip/dds_compiler.gen 
Execute         source /tools/Xilinx/Vitis_HLS/2024.1/common/technology/xilinx/ip/util.gen 
Execute         source /tools/Xilinx/Vitis_HLS/2024.1/common/technology/xilinx/ip/xfft.gen 
Command         ap_source done; 0.12 sec.
Execute         source /tools/Xilinx/Vitis_HLS/2024.1/common/technology/xilinx/ip/xfir.gen 
Execute         source /tools/Xilinx/Vitis_HLS/2024.1/common/technology/xilinx/DSP48/dsp48.gen 
Command       ap_source done; 0.16 sec.
Execute       ap_part_info -name xck26-sfvc784-2LV-c -data info 
Execute       config_compile -quiet -complex-mul-dsp=0 
Command     set_part done; 2.61 sec.
Execute     send_msg_by_id INFO @200-1505@%s%s default  vivado 
INFO: [HLS 200-1505] Using default flow_target 'vivado'
Command   open_solution done; 2.63 sec.
Execute   apply_ini /home/ronny/tec/high-level-design-for-electronics/homework/homework-3/hls-gem5-rgb2gray/hls/image_accel/hls_config.cfg 
Execute     send_msg_by_id INFO @200-1465@%s 'syn.file=/home/ronny/tec/high-level-design-for-electronics/homework/homework-3/hls-gem5-rgb2gray/hls/src/image_accel.cpp' from /home/ronny/tec/high-level-design-for-electronics/homework/homework-3/hls-gem5-rgb2gray/hls/image_accel/hls_config.cfg(8) 
INFO: [HLS 200-1465] Applying ini 'syn.file=/home/ronny/tec/high-level-design-for-electronics/homework/homework-3/hls-gem5-rgb2gray/hls/src/image_accel.cpp' from /home/ronny/tec/high-level-design-for-electronics/homework/homework-3/hls-gem5-rgb2gray/hls/image_accel/hls_config.cfg(8)
Execute     add_files /home/ronny/tec/high-level-design-for-electronics/homework/homework-3/hls-gem5-rgb2gray/hls/src/image_accel.cpp 
INFO: [HLS 200-10] Adding design file '/home/ronny/tec/high-level-design-for-electronics/homework/homework-3/hls-gem5-rgb2gray/hls/src/image_accel.cpp' to the project
Execute     send_msg_by_id INFO @200-1465@%s 'syn.file=/home/ronny/tec/high-level-design-for-electronics/homework/homework-3/hls-gem5-rgb2gray/hls/src/image_accel.hpp' from /home/ronny/tec/high-level-design-for-electronics/homework/homework-3/hls-gem5-rgb2gray/hls/image_accel/hls_config.cfg(9) 
INFO: [HLS 200-1465] Applying ini 'syn.file=/home/ronny/tec/high-level-design-for-electronics/homework/homework-3/hls-gem5-rgb2gray/hls/src/image_accel.hpp' from /home/ronny/tec/high-level-design-for-electronics/homework/homework-3/hls-gem5-rgb2gray/hls/image_accel/hls_config.cfg(9)
Execute     add_files /home/ronny/tec/high-level-design-for-electronics/homework/homework-3/hls-gem5-rgb2gray/hls/src/image_accel.hpp 
INFO: [HLS 200-10] Adding design file '/home/ronny/tec/high-level-design-for-electronics/homework/homework-3/hls-gem5-rgb2gray/hls/src/image_accel.hpp' to the project
Execute     send_msg_by_id INFO @200-1465@%s 'syn.file=/home/ronny/tec/high-level-design-for-electronics/homework/homework-3/hls-gem5-rgb2gray/hls/src/image_accel_types.hpp' from /home/ronny/tec/high-level-design-for-electronics/homework/homework-3/hls-gem5-rgb2gray/hls/image_accel/hls_config.cfg(10) 
INFO: [HLS 200-1465] Applying ini 'syn.file=/home/ronny/tec/high-level-design-for-electronics/homework/homework-3/hls-gem5-rgb2gray/hls/src/image_accel_types.hpp' from /home/ronny/tec/high-level-design-for-electronics/homework/homework-3/hls-gem5-rgb2gray/hls/image_accel/hls_config.cfg(10)
Execute     add_files /home/ronny/tec/high-level-design-for-electronics/homework/homework-3/hls-gem5-rgb2gray/hls/src/image_accel_types.hpp 
INFO: [HLS 200-10] Adding design file '/home/ronny/tec/high-level-design-for-electronics/homework/homework-3/hls-gem5-rgb2gray/hls/src/image_accel_types.hpp' to the project
Execute     send_msg_by_id INFO @200-1465@%s 'tb.file=/home/ronny/tec/high-level-design-for-electronics/homework/homework-3/hls-gem5-rgb2gray/hls/tb/image_accel_tb.cpp' from /home/ronny/tec/high-level-design-for-electronics/homework/homework-3/hls-gem5-rgb2gray/hls/image_accel/hls_config.cfg(11) 
INFO: [HLS 200-1465] Applying ini 'tb.file=/home/ronny/tec/high-level-design-for-electronics/homework/homework-3/hls-gem5-rgb2gray/hls/tb/image_accel_tb.cpp' from /home/ronny/tec/high-level-design-for-electronics/homework/homework-3/hls-gem5-rgb2gray/hls/image_accel/hls_config.cfg(11)
Execute     add_files -tb /home/ronny/tec/high-level-design-for-electronics/homework/homework-3/hls-gem5-rgb2gray/hls/tb/image_accel_tb.cpp 
INFO: [HLS 200-10] Adding test bench file '/home/ronny/tec/high-level-design-for-electronics/homework/homework-3/hls-gem5-rgb2gray/hls/tb/image_accel_tb.cpp' to the project
Execute     send_msg_by_id INFO @200-1465@%s 'syn.top=image_accel' from /home/ronny/tec/high-level-design-for-electronics/homework/homework-3/hls-gem5-rgb2gray/hls/image_accel/hls_config.cfg(7) 
INFO: [HLS 200-1465] Applying ini 'syn.top=image_accel' from /home/ronny/tec/high-level-design-for-electronics/homework/homework-3/hls-gem5-rgb2gray/hls/image_accel/hls_config.cfg(7)
Execute     set_top image_accel 
Execute     send_msg_by_id INFO @200-1465@%s 'flow_target=vivado' from /home/ronny/tec/high-level-design-for-electronics/homework/homework-3/hls-gem5-rgb2gray/hls/image_accel/hls_config.cfg(4) 
INFO: [HLS 200-1465] Applying ini 'flow_target=vivado' from /home/ronny/tec/high-level-design-for-electronics/homework/homework-3/hls-gem5-rgb2gray/hls/image_accel/hls_config.cfg(4)
Execute     send_msg_by_id INFO @200-1505@%s%s  vivado 
INFO: [HLS 200-1505] Using flow_target 'vivado'
Execute     send_msg_by_id INFO @200-1465@%s 'part=xck26-sfvc784-2LV-c' from /home/ronny/tec/high-level-design-for-electronics/homework/homework-3/hls-gem5-rgb2gray/hls/image_accel/hls_config.cfg(1) 
INFO: [HLS 200-1465] Applying ini 'part=xck26-sfvc784-2LV-c' from /home/ronny/tec/high-level-design-for-electronics/homework/homework-3/hls-gem5-rgb2gray/hls/image_accel/hls_config.cfg(1)
Execute     set_part xck26-sfvc784-2LV-c 
Execute       create_platform xck26-sfvc784-2LV-c -board  
Command       create_platform done; 0.26 sec.
Execute       source /tools/Xilinx/Vitis_HLS/2024.1/common/technology/xilinx/common/xilinx.gen 
Execute         source /tools/Xilinx/Vitis_HLS/2024.1/common/technology/xilinx/interface/plb46.gen 
Execute         source /tools/Xilinx/Vitis_HLS/2024.1/common/technology/xilinx/interface/axi4.gen 
Execute         source /tools/Xilinx/Vitis_HLS/2024.1/common/technology/xilinx/interface/nativeAXI4.gen 
Execute           source /tools/Xilinx/Vitis_HLS/2024.1/common/technology/xilinx/interface/saxilite.gen 
Execute         source /tools/Xilinx/Vitis_HLS/2024.1/common/technology/xilinx/scripts/xilinxcoregen.gen 
Execute         source /tools/Xilinx/Vitis_HLS/2024.1/common/technology/xilinx/interface/XilEDKCoreGen.gen 
Execute         source /tools/Xilinx/Vitis_HLS/2024.1/common/technology/xilinx/ip/dds_compiler.gen 
Execute         source /tools/Xilinx/Vitis_HLS/2024.1/common/technology/xilinx/ip/util.gen 
Execute         source /tools/Xilinx/Vitis_HLS/2024.1/common/technology/xilinx/ip/xfft.gen 
Command         ap_source done; 0.12 sec.
Execute         source /tools/Xilinx/Vitis_HLS/2024.1/common/technology/xilinx/ip/xfir.gen 
Execute         source /tools/Xilinx/Vitis_HLS/2024.1/common/technology/xilinx/DSP48/dsp48.gen 
Command       ap_source done; 0.15 sec.
Execute       ap_part_info -name xck26-sfvc784-2LV-c -data info 
Execute       config_compile -quiet -complex-mul-dsp=0 
Command     set_part done; 0.5 sec.
Execute     send_msg_by_id INFO @200-1465@%s 'clock=4ns' from /home/ronny/tec/high-level-design-for-electronics/homework/homework-3/hls-gem5-rgb2gray/hls/image_accel/hls_config.cfg(12) 
INFO: [HLS 200-1465] Applying ini 'clock=4ns' from /home/ronny/tec/high-level-design-for-electronics/homework/homework-3/hls-gem5-rgb2gray/hls/image_accel/hls_config.cfg(12)
Execute     create_clock -period 4ns 
Execute       ap_set_clock -name default -period 4 -unit ns -default=false 
INFO: [SYN 201-201] Setting up clock 'default' with a period of 4ns.
Execute     send_msg_by_id INFO @200-1465@%s 'clock_uncertainty=12.5%' from /home/ronny/tec/high-level-design-for-electronics/homework/homework-3/hls-gem5-rgb2gray/hls/image_accel/hls_config.cfg(13) 
INFO: [HLS 200-1465] Applying ini 'clock_uncertainty=12.5%' from /home/ronny/tec/high-level-design-for-electronics/homework/homework-3/hls-gem5-rgb2gray/hls/image_accel/hls_config.cfg(13)
Execute     set_clock_uncertainty 12.5% 
Execute       ap_set_clock -name default -uncertainty 0.5 -unit % 
INFO: [SYN 201-201] Setting up clock 'default' with an uncertainty of 0.5ns.
Execute     send_msg_by_id INFO @200-1465@%s 'csim.code_analyzer=1' from /home/ronny/tec/high-level-design-for-electronics/homework/homework-3/hls-gem5-rgb2gray/hls/image_accel/hls_config.cfg(14) 
INFO: [HLS 200-1465] Applying ini 'csim.code_analyzer=1' from /home/ronny/tec/high-level-design-for-electronics/homework/homework-3/hls-gem5-rgb2gray/hls/image_accel/hls_config.cfg(14)
Execute     config_csim -code_analyzer=1 
Execute     send_msg_by_id INFO @200-1465@%s 'package.output.format=ip_catalog' from /home/ronny/tec/high-level-design-for-electronics/homework/homework-3/hls-gem5-rgb2gray/hls/image_accel/hls_config.cfg(5) 
INFO: [HLS 200-1465] Applying ini 'package.output.format=ip_catalog' from /home/ronny/tec/high-level-design-for-electronics/homework/homework-3/hls-gem5-rgb2gray/hls/image_accel/hls_config.cfg(5)
Execute     config_export -format=ip_catalog 
Command   apply_ini done; 0.55 sec.
Execute   apply_ini /home/ronny/tec/high-level-design-for-electronics/homework/homework-3/hls-gem5-rgb2gray/hls/image_accel/image_accel/hls/config.cmdline 
Execute   cosim_design 
Execute     AP::app_get_file_relativeroot [AP::app_get_root] {}
Execute     AP::app_get_file_relativeroot [AP::app_get_root] {}
Execute     AP::app_get_file_relativeroot [AP::app_get_root] {}
Execute     source /home/ronny/tec/high-level-design-for-electronics/homework/homework-3/hls-gem5-rgb2gray/hls/image_accel/image_accel/hls/.autopilot/db/global.setting.tcl 
Execute     source /home/ronny/tec/high-level-design-for-electronics/homework/homework-3/hls-gem5-rgb2gray/hls/image_accel/image_accel/hls/.autopilot/db/global.setting.tcl 
Execute     source /home/ronny/tec/high-level-design-for-electronics/homework/homework-3/hls-gem5-rgb2gray/hls/image_accel/image_accel/hls/.autopilot/db/global.setting.tcl 
INFO-FLOW: DBG:PUTS: read_platform_lib /home/ronny/tec/high-level-design-for-electronics/homework/homework-3/hls-gem5-rgb2gray/hls/image_accel/image_accel/hls/.autopilot/db/global.setting.tcl
Execute     source /tools/Xilinx/Vitis_HLS/2024.1/common/technology/generic/autopilot/common.gen 
Execute       source /tools/Xilinx/Vitis_HLS/2024.1/common/technology/generic/autopilot/APCoreGen.gen 
Execute     source /tools/Xilinx/Vitis_HLS/2024.1/common/technology/generic/autopilot/op.gen 
Execute     source /tools/Xilinx/Vitis_HLS/2024.1/common/technology/generic/autopilot/op_simcore.gen 
Execute     source /tools/Xilinx/Vitis_HLS/2024.1/common/technology/generic/autopilot/interface.gen 
Execute     source /home/ronny/tec/high-level-design-for-electronics/homework/homework-3/hls-gem5-rgb2gray/hls/image_accel/image_accel/hls/.autopilot/db/global.setting.tcl 
Execute     source /tools/Xilinx/Vitis_HLS/2024.1/common/technology/xilinx/common/xilinx.gen 
Execute       source /tools/Xilinx/Vitis_HLS/2024.1/common/technology/xilinx/interface/plb46.gen 
Execute       source /tools/Xilinx/Vitis_HLS/2024.1/common/technology/xilinx/interface/axi4.gen 
Execute       source /tools/Xilinx/Vitis_HLS/2024.1/common/technology/xilinx/interface/nativeAXI4.gen 
Execute         source /tools/Xilinx/Vitis_HLS/2024.1/common/technology/xilinx/interface/saxilite.gen 
Execute       source /tools/Xilinx/Vitis_HLS/2024.1/common/technology/xilinx/scripts/xilinxcoregen.gen 
Execute       source /tools/Xilinx/Vitis_HLS/2024.1/common/technology/xilinx/interface/XilEDKCoreGen.gen 
Execute       source /tools/Xilinx/Vitis_HLS/2024.1/common/technology/xilinx/ip/dds_compiler.gen 
Execute       source /tools/Xilinx/Vitis_HLS/2024.1/common/technology/xilinx/ip/util.gen 
Execute       source /tools/Xilinx/Vitis_HLS/2024.1/common/technology/xilinx/ip/xfft.gen 
Command       ap_source done; 0.22 sec.
Execute       source /tools/Xilinx/Vitis_HLS/2024.1/common/technology/xilinx/ip/xfir.gen 
Execute       source /tools/Xilinx/Vitis_HLS/2024.1/common/technology/xilinx/DSP48/dsp48.gen 
Command     ap_source done; 0.26 sec.
INFO-FLOW: DBG:PUTS:   using AESL_AUTOCG::g_clock_period=4.000 (was NA)
Execute     ap_part_info -name xck26-sfvc784-2LV-c -data names -quiet 
Execute     ap_part_info -name xck26-sfvc784-2LV-c -data info -quiet 
Execute     source /home/ronny/tec/high-level-design-for-electronics/homework/homework-3/hls-gem5-rgb2gray/hls/image_accel/image_accel/hls/.autopilot/db/global.setting.tcl 
Execute     source /home/ronny/tec/high-level-design-for-electronics/homework/homework-3/hls-gem5-rgb2gray/hls/image_accel/image_accel/hls/.autopilot/db/image_accel.rtl_wrap.cfg.tcl 
Execute     source /home/ronny/tec/high-level-design-for-electronics/homework/homework-3/hls-gem5-rgb2gray/hls/image_accel/image_accel/hls/.autopilot/db/image_accel.tbgen.tcl 
Execute     source /home/ronny/tec/high-level-design-for-electronics/homework/homework-3/hls-gem5-rgb2gray/hls/image_accel/image_accel/hls/.autopilot/db/image_accel.tbgen.tcl 
Execute     source /home/ronny/tec/high-level-design-for-electronics/homework/homework-3/hls-gem5-rgb2gray/hls/image_accel/image_accel/hls/.autopilot/db/image_accel.tbgen.tcl 
Execute     source /home/ronny/tec/high-level-design-for-electronics/homework/homework-3/hls-gem5-rgb2gray/hls/image_accel/image_accel/hls/.autopilot/db/image_accel.tbgen.tcl 
INFO: [COSIM 212-47] Using XSIM for RTL simulation.
INFO: [COSIM 212-14] Instrumenting C test bench ...
Execute     ap_part_info -name xck26-sfvc784-2LV-c -data info 
INFO-FLOW: run_clang exec: /tools/Xilinx/Vitis_HLS/2024.1/vcxx/libexec/clang -fno-builtin-isinf -fno-builtin-isnan -E -Wno-unknown-pragmas -Wno-unknown-pragmas -DGCC_COMPATIBLE_APINT -DAESL_TB -D__HLS_COSIM__ -D__VITIS_HLS__ -I /tools/Xilinx/Vitis_HLS/2024.1/include -I include /home/ronny/tec/high-level-design-for-electronics/homework/homework-3/hls-gem5-rgb2gray/hls/tb/image_accel_tb.cpp -o /home/ronny/tec/high-level-design-for-electronics/homework/homework-3/hls-gem5-rgb2gray/hls/image_accel/image_accel/hls/./sim/autowrap/testbench/image_accel_tb.cpp_pre.cpp -std=gnu++14 -D__DSP48E2__ --gcc-toolchain=/tools/Xilinx/Vitis_HLS/2024.1/tps/lnx64/gcc-8.3.0 > /home/ronny/tec/high-level-design-for-electronics/homework/homework-3/hls-gem5-rgb2gray/hls/image_accel/image_accel/hls/.autopilot/db/image_accel_tb.cpp.clang.autosim-tb.out.log 2> /home/ronny/tec/high-level-design-for-electronics/homework/homework-3/hls-gem5-rgb2gray/hls/image_accel/image_accel/hls/.autopilot/db/image_accel_tb.cpp.clang.autosim-tb.err.log
INFO-FLOW: TB processing: /home/ronny/tec/high-level-design-for-electronics/homework/homework-3/hls-gem5-rgb2gray/hls/tb/image_accel_tb.cpp /home/ronny/tec/high-level-design-for-electronics/homework/homework-3/hls-gem5-rgb2gray/hls/image_accel/image_accel/hls/./sim/autowrap/testbench/image_accel_tb.cpp_pre.cpp
Execute     clang_tidy xilinx-tb-process -desc tb-process /home/ronny/tec/high-level-design-for-electronics/homework/homework-3/hls-gem5-rgb2gray/hls/image_accel/image_accel/hls/./sim/autowrap/testbench/image_accel_tb.cpp_pre.cpp.tb.cpp std=gnu++14 
INFO-FLOW: exec /tools/Xilinx/Vitis_HLS/2024.1/lnx64/tools/clang-3.9-csynth/bin/clang-tidy -header-filter=.* --checks=-*,xilinx-tb-process -fix-errors /home/ronny/tec/high-level-design-for-electronics/homework/homework-3/hls-gem5-rgb2gray/hls/image_accel/image_accel/hls/./sim/autowrap/testbench/image_accel_tb.cpp_pre.cpp.tb.cpp -- -std=gnu++14 -fhls -ferror-limit=0
Command     clang_tidy done; 4.62 sec.
Execute     ap_part_info -name xck26-sfvc784-2LV-c -data info 
Command     ap_part_info done; 0.11 sec.
INFO-FLOW: run_clang exec: /tools/Xilinx/Vitis_HLS/2024.1/vcxx/libexec/clang -fno-builtin-isinf -fno-builtin-isnan -E -DGCC_COMPATIBLE_APINT -DAESL_TB -D__HLS_COSIM__ -D__VITIS_HLS__ -I /tools/Xilinx/Vitis_HLS/2024.1/include -I include /home/ronny/tec/high-level-design-for-electronics/homework/homework-3/hls-gem5-rgb2gray/hls/src/image_accel.cpp -o /home/ronny/tec/high-level-design-for-electronics/homework/homework-3/hls-gem5-rgb2gray/hls/image_accel/image_accel/hls/./sim/autowrap/testbench/image_accel.cpp_pre.cpp -std=gnu++14 -D__DSP48E2__ --gcc-toolchain=/tools/Xilinx/Vitis_HLS/2024.1/tps/lnx64/gcc-8.3.0 > /home/ronny/tec/high-level-design-for-electronics/homework/homework-3/hls-gem5-rgb2gray/hls/image_accel/image_accel/hls/.autopilot/db/image_accel.cpp.clang.autosim-tb.out.log 2> /home/ronny/tec/high-level-design-for-electronics/homework/homework-3/hls-gem5-rgb2gray/hls/image_accel/image_accel/hls/.autopilot/db/image_accel.cpp.clang.autosim-tb.err.log
INFO-FLOW: TB processing: /home/ronny/tec/high-level-design-for-electronics/homework/homework-3/hls-gem5-rgb2gray/hls/src/image_accel.cpp /home/ronny/tec/high-level-design-for-electronics/homework/homework-3/hls-gem5-rgb2gray/hls/image_accel/image_accel/hls/./sim/autowrap/testbench/image_accel.cpp_pre.cpp
Execute     clang_tidy xilinx-tb-process -desc tb-process /home/ronny/tec/high-level-design-for-electronics/homework/homework-3/hls-gem5-rgb2gray/hls/image_accel/image_accel/hls/./sim/autowrap/testbench/image_accel.cpp_pre.cpp.tb.cpp std=gnu++14 
INFO-FLOW: exec /tools/Xilinx/Vitis_HLS/2024.1/lnx64/tools/clang-3.9-csynth/bin/clang-tidy -header-filter=.* --checks=-*,xilinx-tb-process -fix-errors /home/ronny/tec/high-level-design-for-electronics/homework/homework-3/hls-gem5-rgb2gray/hls/image_accel/image_accel/hls/./sim/autowrap/testbench/image_accel.cpp_pre.cpp.tb.cpp -- -std=gnu++14 -fhls -ferror-limit=0
Command     clang_tidy done; 5.68 sec.
Execute     source /home/ronny/tec/high-level-design-for-electronics/homework/homework-3/hls-gem5-rgb2gray/hls/image_accel/image_accel/hls/./sim/autowrap/testbench/tb.status.tcl 
Execute     source /home/ronny/tec/high-level-design-for-electronics/homework/homework-3/hls-gem5-rgb2gray/hls/image_accel/image_accel/hls/.autopilot/db/global.setting.tcl 
Execute     source /home/ronny/tec/high-level-design-for-electronics/homework/homework-3/hls-gem5-rgb2gray/hls/image_accel/image_accel/hls/.autopilot/db/image_accel.rtl_wrap.cfg.tcl 
Execute     source /home/ronny/tec/high-level-design-for-electronics/homework/homework-3/hls-gem5-rgb2gray/hls/image_accel/image_accel/hls/.autopilot/db/image_accel.rtl_wrap.cfg.tcl 
Execute     source /home/ronny/tec/high-level-design-for-electronics/homework/homework-3/hls-gem5-rgb2gray/hls/image_accel/image_accel/hls/.autopilot/db/image_accel.rtl_wrap.cfg.tcl 
Execute     source /home/ronny/tec/high-level-design-for-electronics/homework/homework-3/hls-gem5-rgb2gray/hls/image_accel/image_accel/hls/.autopilot/db/image_accel.tbgen.tcl 
Execute     source /home/ronny/tec/high-level-design-for-electronics/homework/homework-3/hls-gem5-rgb2gray/hls/image_accel/image_accel/hls/.autopilot/db/image_accel.tbgen.tcl 
Execute     source /home/ronny/tec/high-level-design-for-electronics/homework/homework-3/hls-gem5-rgb2gray/hls/image_accel/image_accel/hls/.autopilot/db/image_accel.tbgen.tcl 
Execute     ap_part_info -name xck26-sfvc784-2LV-c -data info 
Execute     source .run_sim.tcl 
INFO: [COSIM 212-302] Starting C TB testing ... 
ERROR: [COSIM 212-360] Aborting co-simulation: C TB simulation failed.
ERROR: [COSIM 212-320] C TB testing failed, stop generating test vectors. Please check C TB or re-run cosim.
Command     ap_source done; error code: 1; 0.9 sec.
INFO-FLOW: AESL_AUTOSIM::auto_sim errorInfo:

    while executing
"::AESL_AUTOSIM::auto_sim "$argn" "
ERROR: [COSIM 212-5] *** C/RTL co-simulation file generation failed. ***
ERROR: [COSIM 212-4] *** C/RTL co-simulation finished: FAIL ***
INFO-FLOW: Caught error in cosim_design: 
    while executing
"ap_internal_cosim_design "
Command   cosim_design done; error code: 2; 30.13 sec.
Execute   close_project 
Execute     close_solution 
Execute       cleanup_all 
Execute       cleanup_all 
INFO-FLOW: Workspace /home/ronny/tec/high-level-design-for-electronics/homework/homework-3/hls-gem5-rgb2gray/hls/image_accel/image_accel/hls opened at Sun Jul 12 12:39:53 CST 2026
Execute     send_msg_by_id INFO @200-1505@%s%s default  vivado 
INFO: [HLS 200-1505] Using default flow_target 'vivado'
Execute   apply_ini /home/ronny/tec/high-level-design-for-electronics/homework/homework-3/hls-gem5-rgb2gray/hls/image_accel/hls_config.cfg 
Execute     send_msg_by_id INFO @200-1465@%s 'syn.file=/home/ronny/tec/high-level-design-for-electronics/homework/homework-3/hls-gem5-rgb2gray/hls/src/image_accel.cpp' from /home/ronny/tec/high-level-design-for-electronics/homework/homework-3/hls-gem5-rgb2gray/hls/image_accel/hls_config.cfg(8) 
INFO: [HLS 200-1465] Applying ini 'syn.file=/home/ronny/tec/high-level-design-for-electronics/homework/homework-3/hls-gem5-rgb2gray/hls/src/image_accel.cpp' from /home/ronny/tec/high-level-design-for-electronics/homework/homework-3/hls-gem5-rgb2gray/hls/image_accel/hls_config.cfg(8)
Execute     add_files /home/ronny/tec/high-level-design-for-electronics/homework/homework-3/hls-gem5-rgb2gray/hls/src/image_accel.cpp 
INFO: [HLS 200-10] Adding design file '/home/ronny/tec/high-level-design-for-electronics/homework/homework-3/hls-gem5-rgb2gray/hls/src/image_accel.cpp' to the project
Execute     send_msg_by_id INFO @200-1465@%s 'syn.file=/home/ronny/tec/high-level-design-for-electronics/homework/homework-3/hls-gem5-rgb2gray/hls/src/image_accel.hpp' from /home/ronny/tec/high-level-design-for-electronics/homework/homework-3/hls-gem5-rgb2gray/hls/image_accel/hls_config.cfg(9) 
INFO: [HLS 200-1465] Applying ini 'syn.file=/home/ronny/tec/high-level-design-for-electronics/homework/homework-3/hls-gem5-rgb2gray/hls/src/image_accel.hpp' from /home/ronny/tec/high-level-design-for-electronics/homework/homework-3/hls-gem5-rgb2gray/hls/image_accel/hls_config.cfg(9)
Execute     add_files /home/ronny/tec/high-level-design-for-electronics/homework/homework-3/hls-gem5-rgb2gray/hls/src/image_accel.hpp 
INFO: [HLS 200-10] Adding design file '/home/ronny/tec/high-level-design-for-electronics/homework/homework-3/hls-gem5-rgb2gray/hls/src/image_accel.hpp' to the project
Execute     send_msg_by_id INFO @200-1465@%s 'syn.file=/home/ronny/tec/high-level-design-for-electronics/homework/homework-3/hls-gem5-rgb2gray/hls/src/image_accel_types.hpp' from /home/ronny/tec/high-level-design-for-electronics/homework/homework-3/hls-gem5-rgb2gray/hls/image_accel/hls_config.cfg(10) 
INFO: [HLS 200-1465] Applying ini 'syn.file=/home/ronny/tec/high-level-design-for-electronics/homework/homework-3/hls-gem5-rgb2gray/hls/src/image_accel_types.hpp' from /home/ronny/tec/high-level-design-for-electronics/homework/homework-3/hls-gem5-rgb2gray/hls/image_accel/hls_config.cfg(10)
Execute     add_files /home/ronny/tec/high-level-design-for-electronics/homework/homework-3/hls-gem5-rgb2gray/hls/src/image_accel_types.hpp 
INFO: [HLS 200-10] Adding design file '/home/ronny/tec/high-level-design-for-electronics/homework/homework-3/hls-gem5-rgb2gray/hls/src/image_accel_types.hpp' to the project
Execute     send_msg_by_id INFO @200-1465@%s 'tb.file=/home/ronny/tec/high-level-design-for-electronics/homework/homework-3/hls-gem5-rgb2gray/hls/tb/image_accel_tb.cpp' from /home/ronny/tec/high-level-design-for-electronics/homework/homework-3/hls-gem5-rgb2gray/hls/image_accel/hls_config.cfg(11) 
INFO: [HLS 200-1465] Applying ini 'tb.file=/home/ronny/tec/high-level-design-for-electronics/homework/homework-3/hls-gem5-rgb2gray/hls/tb/image_accel_tb.cpp' from /home/ronny/tec/high-level-design-for-electronics/homework/homework-3/hls-gem5-rgb2gray/hls/image_accel/hls_config.cfg(11)
Execute     add_files -tb /home/ronny/tec/high-level-design-for-electronics/homework/homework-3/hls-gem5-rgb2gray/hls/tb/image_accel_tb.cpp 
INFO: [HLS 200-10] Adding test bench file '/home/ronny/tec/high-level-design-for-electronics/homework/homework-3/hls-gem5-rgb2gray/hls/tb/image_accel_tb.cpp' to the project
Execute     send_msg_by_id INFO @200-1465@%s 'syn.top=image_accel' from /home/ronny/tec/high-level-design-for-electronics/homework/homework-3/hls-gem5-rgb2gray/hls/image_accel/hls_config.cfg(7) 
INFO: [HLS 200-1465] Applying ini 'syn.top=image_accel' from /home/ronny/tec/high-level-design-for-electronics/homework/homework-3/hls-gem5-rgb2gray/hls/image_accel/hls_config.cfg(7)
Execute     set_top image_accel 
Execute     send_msg_by_id INFO @200-1465@%s 'flow_target=vivado' from /home/ronny/tec/high-level-design-for-electronics/homework/homework-3/hls-gem5-rgb2gray/hls/image_accel/hls_config.cfg(4) 
INFO: [HLS 200-1465] Applying ini 'flow_target=vivado' from /home/ronny/tec/high-level-design-for-electronics/homework/homework-3/hls-gem5-rgb2gray/hls/image_accel/hls_config.cfg(4)
Execute     send_msg_by_id INFO @200-1505@%s%s  vivado 
INFO: [HLS 200-1505] Using flow_target 'vivado'
Execute     send_msg_by_id INFO @200-1465@%s 'part=xck26-sfvc784-2LV-c' from /home/ronny/tec/high-level-design-for-electronics/homework/homework-3/hls-gem5-rgb2gray/hls/image_accel/hls_config.cfg(1) 
INFO: [HLS 200-1465] Applying ini 'part=xck26-sfvc784-2LV-c' from /home/ronny/tec/high-level-design-for-electronics/homework/homework-3/hls-gem5-rgb2gray/hls/image_accel/hls_config.cfg(1)
Execute     set_part xck26-sfvc784-2LV-c 
Execute       create_platform xck26-sfvc784-2LV-c -board  
DBG:HLSDevice: Trying to load device library: /tools/Xilinx/Vitis_HLS/2024.1/lib/lnx64.o/libxv_hlsvwrap.so
DBG:HLSDevice: first parts/arch.xml in RDI_DATADIR: /tools/Xilinx/Vivado/2024.1/data/parts/arch.xml
DBG:HLSDevice: init success
INFO: [HLS 200-1611] Setting target device to 'xck26-sfvc784-2LV-c'
Command       create_platform done; 3.25 sec.
Execute       source /tools/Xilinx/Vitis_HLS/2024.1/common/technology/xilinx/common/xilinx.gen 
Execute         source /tools/Xilinx/Vitis_HLS/2024.1/common/technology/xilinx/interface/plb46.gen 
Execute         source /tools/Xilinx/Vitis_HLS/2024.1/common/technology/xilinx/interface/axi4.gen 
Execute         source /tools/Xilinx/Vitis_HLS/2024.1/common/technology/xilinx/interface/nativeAXI4.gen 
Execute           source /tools/Xilinx/Vitis_HLS/2024.1/common/technology/xilinx/interface/saxilite.gen 
Execute         source /tools/Xilinx/Vitis_HLS/2024.1/common/technology/xilinx/scripts/xilinxcoregen.gen 
Execute         source /tools/Xilinx/Vitis_HLS/2024.1/common/technology/xilinx/interface/XilEDKCoreGen.gen 
Execute         source /tools/Xilinx/Vitis_HLS/2024.1/common/technology/xilinx/ip/dds_compiler.gen 
Execute         source /tools/Xilinx/Vitis_HLS/2024.1/common/technology/xilinx/ip/util.gen 
Execute         source /tools/Xilinx/Vitis_HLS/2024.1/common/technology/xilinx/ip/xfft.gen 
Command         ap_source done; 0.17 sec.
Execute         source /tools/Xilinx/Vitis_HLS/2024.1/common/technology/xilinx/ip/xfir.gen 
Execute         source /tools/Xilinx/Vitis_HLS/2024.1/common/technology/xilinx/DSP48/dsp48.gen 
Command       ap_source done; 0.21 sec.
Execute       ap_part_info -name xck26-sfvc784-2LV-c -data info 
Execute       config_compile -quiet -complex-mul-dsp=0 
Command     set_part done; 3.51 sec.
Execute     send_msg_by_id INFO @200-1465@%s 'clock=4ns' from /home/ronny/tec/high-level-design-for-electronics/homework/homework-3/hls-gem5-rgb2gray/hls/image_accel/hls_config.cfg(12) 
INFO: [HLS 200-1465] Applying ini 'clock=4ns' from /home/ronny/tec/high-level-design-for-electronics/homework/homework-3/hls-gem5-rgb2gray/hls/image_accel/hls_config.cfg(12)
Execute     create_clock -period 4ns 
Execute       ap_set_clock -name default -period 4 -unit ns -default=false 
INFO: [SYN 201-201] Setting up clock 'default' with a period of 4ns.
Execute     send_msg_by_id INFO @200-1465@%s 'clock_uncertainty=12.5%' from /home/ronny/tec/high-level-design-for-electronics/homework/homework-3/hls-gem5-rgb2gray/hls/image_accel/hls_config.cfg(13) 
INFO: [HLS 200-1465] Applying ini 'clock_uncertainty=12.5%' from /home/ronny/tec/high-level-design-for-electronics/homework/homework-3/hls-gem5-rgb2gray/hls/image_accel/hls_config.cfg(13)
Execute     set_clock_uncertainty 12.5% 
Execute       ap_set_clock -name default -uncertainty 0.5 -unit % 
INFO: [SYN 201-201] Setting up clock 'default' with an uncertainty of 0.5ns.
Execute     send_msg_by_id INFO @200-1465@%s 'csim.code_analyzer=1' from /home/ronny/tec/high-level-design-for-electronics/homework/homework-3/hls-gem5-rgb2gray/hls/image_accel/hls_config.cfg(14) 
INFO: [HLS 200-1465] Applying ini 'csim.code_analyzer=1' from /home/ronny/tec/high-level-design-for-electronics/homework/homework-3/hls-gem5-rgb2gray/hls/image_accel/hls_config.cfg(14)
Execute     config_csim -code_analyzer=1 
Execute     send_msg_by_id INFO @200-1465@%s 'package.output.format=ip_catalog' from /home/ronny/tec/high-level-design-for-electronics/homework/homework-3/hls-gem5-rgb2gray/hls/image_accel/hls_config.cfg(5) 
INFO: [HLS 200-1465] Applying ini 'package.output.format=ip_catalog' from /home/ronny/tec/high-level-design-for-electronics/homework/homework-3/hls-gem5-rgb2gray/hls/image_accel/hls_config.cfg(5)
Execute     config_export -format=ip_catalog 
Command   apply_ini done; 3.56 sec.
Execute   apply_ini /home/ronny/tec/high-level-design-for-electronics/homework/homework-3/hls-gem5-rgb2gray/hls/image_accel/image_accel/hls/config.cmdline 
Execute   csim_design 
Execute     AP::app_get_file_relativeroot [AP::app_get_root] {}
Execute     AP::app_get_file_relativeroot [AP::app_get_root] {}
Execute     AP::app_get_file_relativeroot [AP::app_get_root] {}
INFO-FLOW: Running SLX 'csim' proc: ::SLX::run_csim
INFO-FLOW: SLX proc replaces csim
Command   csim_design done; 11.3 sec.
Execute   close_project 
Execute     close_solution 
Execute       cleanup_all 
Execute       cleanup_all 
INFO-FLOW: Workspace /home/ronny/tec/high-level-design-for-electronics/homework/homework-3/hls-gem5-rgb2gray/hls/image_accel/image_accel/hls opened at Sun Jul 12 12:42:43 CST 2026
Execute     source /home/ronny/tec/high-level-design-for-electronics/homework/homework-3/hls-gem5-rgb2gray/hls/image_accel/image_accel/hls/.autopilot/db/global.setting.tcl 
Execute     set_part xck26-sfvc784-2LV-c 
Execute       create_platform xck26-sfvc784-2LV-c -board  
DBG:HLSDevice: Trying to load device library: /tools/Xilinx/Vitis_HLS/2024.1/lib/lnx64.o/libxv_hlsvwrap.so
DBG:HLSDevice: first parts/arch.xml in RDI_DATADIR: /tools/Xilinx/Vivado/2024.1/data/parts/arch.xml
DBG:HLSDevice: init success
INFO: [HLS 200-1611] Setting target device to 'xck26-sfvc784-2LV-c'
Command       create_platform done; 1.76 sec.
Execute       source /tools/Xilinx/Vitis_HLS/2024.1/common/technology/xilinx/common/xilinx.gen 
Execute         source /tools/Xilinx/Vitis_HLS/2024.1/common/technology/xilinx/interface/plb46.gen 
Execute         source /tools/Xilinx/Vitis_HLS/2024.1/common/technology/xilinx/interface/axi4.gen 
Execute         source /tools/Xilinx/Vitis_HLS/2024.1/common/technology/xilinx/interface/nativeAXI4.gen 
Execute           source /tools/Xilinx/Vitis_HLS/2024.1/common/technology/xilinx/interface/saxilite.gen 
Execute         source /tools/Xilinx/Vitis_HLS/2024.1/common/technology/xilinx/scripts/xilinxcoregen.gen 
Execute         source /tools/Xilinx/Vitis_HLS/2024.1/common/technology/xilinx/interface/XilEDKCoreGen.gen 
Execute         source /tools/Xilinx/Vitis_HLS/2024.1/common/technology/xilinx/ip/dds_compiler.gen 
Execute         source /tools/Xilinx/Vitis_HLS/2024.1/common/technology/xilinx/ip/util.gen 
Execute         source /tools/Xilinx/Vitis_HLS/2024.1/common/technology/xilinx/ip/xfft.gen 
Execute         source /tools/Xilinx/Vitis_HLS/2024.1/common/technology/xilinx/ip/xfir.gen 
Execute         source /tools/Xilinx/Vitis_HLS/2024.1/common/technology/xilinx/DSP48/dsp48.gen 
Command       ap_source done; 0.12 sec.
Execute       ap_part_info -name xck26-sfvc784-2LV-c -data info 
Execute       config_compile -quiet -complex-mul-dsp=0 
Command     set_part done; 1.93 sec.
Execute     send_msg_by_id INFO @200-1505@%s%s default  vivado 
INFO: [HLS 200-1505] Using default flow_target 'vivado'
Command   open_solution done; 1.95 sec.
Execute   apply_ini /home/ronny/tec/high-level-design-for-electronics/homework/homework-3/hls-gem5-rgb2gray/hls/image_accel/hls_config.cfg 
Execute     send_msg_by_id INFO @200-1465@%s 'syn.file=/home/ronny/tec/high-level-design-for-electronics/homework/homework-3/hls-gem5-rgb2gray/hls/src/image_accel.cpp' from /home/ronny/tec/high-level-design-for-electronics/homework/homework-3/hls-gem5-rgb2gray/hls/image_accel/hls_config.cfg(8) 
INFO: [HLS 200-1465] Applying ini 'syn.file=/home/ronny/tec/high-level-design-for-electronics/homework/homework-3/hls-gem5-rgb2gray/hls/src/image_accel.cpp' from /home/ronny/tec/high-level-design-for-electronics/homework/homework-3/hls-gem5-rgb2gray/hls/image_accel/hls_config.cfg(8)
Execute     add_files /home/ronny/tec/high-level-design-for-electronics/homework/homework-3/hls-gem5-rgb2gray/hls/src/image_accel.cpp 
INFO: [HLS 200-10] Adding design file '/home/ronny/tec/high-level-design-for-electronics/homework/homework-3/hls-gem5-rgb2gray/hls/src/image_accel.cpp' to the project
Execute     send_msg_by_id INFO @200-1465@%s 'syn.file=/home/ronny/tec/high-level-design-for-electronics/homework/homework-3/hls-gem5-rgb2gray/hls/src/image_accel.hpp' from /home/ronny/tec/high-level-design-for-electronics/homework/homework-3/hls-gem5-rgb2gray/hls/image_accel/hls_config.cfg(9) 
INFO: [HLS 200-1465] Applying ini 'syn.file=/home/ronny/tec/high-level-design-for-electronics/homework/homework-3/hls-gem5-rgb2gray/hls/src/image_accel.hpp' from /home/ronny/tec/high-level-design-for-electronics/homework/homework-3/hls-gem5-rgb2gray/hls/image_accel/hls_config.cfg(9)
Execute     add_files /home/ronny/tec/high-level-design-for-electronics/homework/homework-3/hls-gem5-rgb2gray/hls/src/image_accel.hpp 
INFO: [HLS 200-10] Adding design file '/home/ronny/tec/high-level-design-for-electronics/homework/homework-3/hls-gem5-rgb2gray/hls/src/image_accel.hpp' to the project
Execute     send_msg_by_id INFO @200-1465@%s 'syn.file=/home/ronny/tec/high-level-design-for-electronics/homework/homework-3/hls-gem5-rgb2gray/hls/src/image_accel_types.hpp' from /home/ronny/tec/high-level-design-for-electronics/homework/homework-3/hls-gem5-rgb2gray/hls/image_accel/hls_config.cfg(10) 
INFO: [HLS 200-1465] Applying ini 'syn.file=/home/ronny/tec/high-level-design-for-electronics/homework/homework-3/hls-gem5-rgb2gray/hls/src/image_accel_types.hpp' from /home/ronny/tec/high-level-design-for-electronics/homework/homework-3/hls-gem5-rgb2gray/hls/image_accel/hls_config.cfg(10)
Execute     add_files /home/ronny/tec/high-level-design-for-electronics/homework/homework-3/hls-gem5-rgb2gray/hls/src/image_accel_types.hpp 
INFO: [HLS 200-10] Adding design file '/home/ronny/tec/high-level-design-for-electronics/homework/homework-3/hls-gem5-rgb2gray/hls/src/image_accel_types.hpp' to the project
Execute     send_msg_by_id INFO @200-1465@%s 'tb.file=/home/ronny/tec/high-level-design-for-electronics/homework/homework-3/hls-gem5-rgb2gray/hls/tb/image_accel_tb.cpp' from /home/ronny/tec/high-level-design-for-electronics/homework/homework-3/hls-gem5-rgb2gray/hls/image_accel/hls_config.cfg(11) 
INFO: [HLS 200-1465] Applying ini 'tb.file=/home/ronny/tec/high-level-design-for-electronics/homework/homework-3/hls-gem5-rgb2gray/hls/tb/image_accel_tb.cpp' from /home/ronny/tec/high-level-design-for-electronics/homework/homework-3/hls-gem5-rgb2gray/hls/image_accel/hls_config.cfg(11)
Execute     add_files -tb /home/ronny/tec/high-level-design-for-electronics/homework/homework-3/hls-gem5-rgb2gray/hls/tb/image_accel_tb.cpp 
INFO: [HLS 200-10] Adding test bench file '/home/ronny/tec/high-level-design-for-electronics/homework/homework-3/hls-gem5-rgb2gray/hls/tb/image_accel_tb.cpp' to the project
Execute     send_msg_by_id INFO @200-1465@%s 'syn.top=image_accel' from /home/ronny/tec/high-level-design-for-electronics/homework/homework-3/hls-gem5-rgb2gray/hls/image_accel/hls_config.cfg(7) 
INFO: [HLS 200-1465] Applying ini 'syn.top=image_accel' from /home/ronny/tec/high-level-design-for-electronics/homework/homework-3/hls-gem5-rgb2gray/hls/image_accel/hls_config.cfg(7)
Execute     set_top image_accel 
Execute     send_msg_by_id INFO @200-1465@%s 'flow_target=vivado' from /home/ronny/tec/high-level-design-for-electronics/homework/homework-3/hls-gem5-rgb2gray/hls/image_accel/hls_config.cfg(4) 
INFO: [HLS 200-1465] Applying ini 'flow_target=vivado' from /home/ronny/tec/high-level-design-for-electronics/homework/homework-3/hls-gem5-rgb2gray/hls/image_accel/hls_config.cfg(4)
Execute     send_msg_by_id INFO @200-1505@%s%s  vivado 
INFO: [HLS 200-1505] Using flow_target 'vivado'
Execute     send_msg_by_id INFO @200-1465@%s 'part=xck26-sfvc784-2LV-c' from /home/ronny/tec/high-level-design-for-electronics/homework/homework-3/hls-gem5-rgb2gray/hls/image_accel/hls_config.cfg(1) 
INFO: [HLS 200-1465] Applying ini 'part=xck26-sfvc784-2LV-c' from /home/ronny/tec/high-level-design-for-electronics/homework/homework-3/hls-gem5-rgb2gray/hls/image_accel/hls_config.cfg(1)
Execute     set_part xck26-sfvc784-2LV-c 
Execute       create_platform xck26-sfvc784-2LV-c -board  
Command       create_platform done; 0.29 sec.
Execute       source /tools/Xilinx/Vitis_HLS/2024.1/common/technology/xilinx/common/xilinx.gen 
Execute         source /tools/Xilinx/Vitis_HLS/2024.1/common/technology/xilinx/interface/plb46.gen 
Execute         source /tools/Xilinx/Vitis_HLS/2024.1/common/technology/xilinx/interface/axi4.gen 
Execute         source /tools/Xilinx/Vitis_HLS/2024.1/common/technology/xilinx/interface/nativeAXI4.gen 
Execute           source /tools/Xilinx/Vitis_HLS/2024.1/common/technology/xilinx/interface/saxilite.gen 
Execute         source /tools/Xilinx/Vitis_HLS/2024.1/common/technology/xilinx/scripts/xilinxcoregen.gen 
Execute         source /tools/Xilinx/Vitis_HLS/2024.1/common/technology/xilinx/interface/XilEDKCoreGen.gen 
Execute         source /tools/Xilinx/Vitis_HLS/2024.1/common/technology/xilinx/ip/dds_compiler.gen 
Execute         source /tools/Xilinx/Vitis_HLS/2024.1/common/technology/xilinx/ip/util.gen 
Execute         source /tools/Xilinx/Vitis_HLS/2024.1/common/technology/xilinx/ip/xfft.gen 
Execute         source /tools/Xilinx/Vitis_HLS/2024.1/common/technology/xilinx/ip/xfir.gen 
Execute         source /tools/Xilinx/Vitis_HLS/2024.1/common/technology/xilinx/DSP48/dsp48.gen 
Command       ap_source done; 0.11 sec.
Execute       ap_part_info -name xck26-sfvc784-2LV-c -data info 
Execute       config_compile -quiet -complex-mul-dsp=0 
Command     set_part done; 0.45 sec.
Execute     send_msg_by_id INFO @200-1465@%s 'clock=4ns' from /home/ronny/tec/high-level-design-for-electronics/homework/homework-3/hls-gem5-rgb2gray/hls/image_accel/hls_config.cfg(12) 
INFO: [HLS 200-1465] Applying ini 'clock=4ns' from /home/ronny/tec/high-level-design-for-electronics/homework/homework-3/hls-gem5-rgb2gray/hls/image_accel/hls_config.cfg(12)
Execute     create_clock -period 4ns 
Execute       ap_set_clock -name default -period 4 -unit ns -default=false 
INFO: [SYN 201-201] Setting up clock 'default' with a period of 4ns.
Execute     send_msg_by_id INFO @200-1465@%s 'clock_uncertainty=12.5%' from /home/ronny/tec/high-level-design-for-electronics/homework/homework-3/hls-gem5-rgb2gray/hls/image_accel/hls_config.cfg(13) 
INFO: [HLS 200-1465] Applying ini 'clock_uncertainty=12.5%' from /home/ronny/tec/high-level-design-for-electronics/homework/homework-3/hls-gem5-rgb2gray/hls/image_accel/hls_config.cfg(13)
Execute     set_clock_uncertainty 12.5% 
Execute       ap_set_clock -name default -uncertainty 0.5 -unit % 
INFO: [SYN 201-201] Setting up clock 'default' with an uncertainty of 0.5ns.
Execute     send_msg_by_id INFO @200-1465@%s 'csim.code_analyzer=1' from /home/ronny/tec/high-level-design-for-electronics/homework/homework-3/hls-gem5-rgb2gray/hls/image_accel/hls_config.cfg(14) 
INFO: [HLS 200-1465] Applying ini 'csim.code_analyzer=1' from /home/ronny/tec/high-level-design-for-electronics/homework/homework-3/hls-gem5-rgb2gray/hls/image_accel/hls_config.cfg(14)
Execute     config_csim -code_analyzer=1 
Execute     send_msg_by_id INFO @200-1465@%s 'package.output.format=ip_catalog' from /home/ronny/tec/high-level-design-for-electronics/homework/homework-3/hls-gem5-rgb2gray/hls/image_accel/hls_config.cfg(5) 
INFO: [HLS 200-1465] Applying ini 'package.output.format=ip_catalog' from /home/ronny/tec/high-level-design-for-electronics/homework/homework-3/hls-gem5-rgb2gray/hls/image_accel/hls_config.cfg(5)
Execute     config_export -format=ip_catalog 
Command   apply_ini done; 0.49 sec.
Execute   apply_ini /home/ronny/tec/high-level-design-for-electronics/homework/homework-3/hls-gem5-rgb2gray/hls/image_accel/image_accel/hls/config.cmdline 
Execute   cosim_design 
Execute     AP::app_get_file_relativeroot [AP::app_get_root] {}
Execute     AP::app_get_file_relativeroot [AP::app_get_root] {}
Execute     AP::app_get_file_relativeroot [AP::app_get_root] {}
Execute     source /home/ronny/tec/high-level-design-for-electronics/homework/homework-3/hls-gem5-rgb2gray/hls/image_accel/image_accel/hls/.autopilot/db/global.setting.tcl 
Execute     source /home/ronny/tec/high-level-design-for-electronics/homework/homework-3/hls-gem5-rgb2gray/hls/image_accel/image_accel/hls/.autopilot/db/global.setting.tcl 
Execute     source /home/ronny/tec/high-level-design-for-electronics/homework/homework-3/hls-gem5-rgb2gray/hls/image_accel/image_accel/hls/.autopilot/db/global.setting.tcl 
INFO-FLOW: DBG:PUTS: read_platform_lib /home/ronny/tec/high-level-design-for-electronics/homework/homework-3/hls-gem5-rgb2gray/hls/image_accel/image_accel/hls/.autopilot/db/global.setting.tcl
Execute     source /tools/Xilinx/Vitis_HLS/2024.1/common/technology/generic/autopilot/common.gen 
Execute       source /tools/Xilinx/Vitis_HLS/2024.1/common/technology/generic/autopilot/APCoreGen.gen 
Execute     source /tools/Xilinx/Vitis_HLS/2024.1/common/technology/generic/autopilot/op.gen 
Execute     source /tools/Xilinx/Vitis_HLS/2024.1/common/technology/generic/autopilot/op_simcore.gen 
Execute     source /tools/Xilinx/Vitis_HLS/2024.1/common/technology/generic/autopilot/interface.gen 
Execute     source /home/ronny/tec/high-level-design-for-electronics/homework/homework-3/hls-gem5-rgb2gray/hls/image_accel/image_accel/hls/.autopilot/db/global.setting.tcl 
Execute     source /tools/Xilinx/Vitis_HLS/2024.1/common/technology/xilinx/common/xilinx.gen 
Execute       source /tools/Xilinx/Vitis_HLS/2024.1/common/technology/xilinx/interface/plb46.gen 
Execute       source /tools/Xilinx/Vitis_HLS/2024.1/common/technology/xilinx/interface/axi4.gen 
Execute       source /tools/Xilinx/Vitis_HLS/2024.1/common/technology/xilinx/interface/nativeAXI4.gen 
Execute         source /tools/Xilinx/Vitis_HLS/2024.1/common/technology/xilinx/interface/saxilite.gen 
Execute       source /tools/Xilinx/Vitis_HLS/2024.1/common/technology/xilinx/scripts/xilinxcoregen.gen 
Execute       source /tools/Xilinx/Vitis_HLS/2024.1/common/technology/xilinx/interface/XilEDKCoreGen.gen 
Execute       source /tools/Xilinx/Vitis_HLS/2024.1/common/technology/xilinx/ip/dds_compiler.gen 
Execute       source /tools/Xilinx/Vitis_HLS/2024.1/common/technology/xilinx/ip/util.gen 
Execute       source /tools/Xilinx/Vitis_HLS/2024.1/common/technology/xilinx/ip/xfft.gen 
Execute       source /tools/Xilinx/Vitis_HLS/2024.1/common/technology/xilinx/ip/xfir.gen 
Execute       source /tools/Xilinx/Vitis_HLS/2024.1/common/technology/xilinx/DSP48/dsp48.gen 
INFO-FLOW: DBG:PUTS:   using AESL_AUTOCG::g_clock_period=4.000 (was NA)
Execute     ap_part_info -name xck26-sfvc784-2LV-c -data names -quiet 
Execute     ap_part_info -name xck26-sfvc784-2LV-c -data info -quiet 
Execute     source /home/ronny/tec/high-level-design-for-electronics/homework/homework-3/hls-gem5-rgb2gray/hls/image_accel/image_accel/hls/.autopilot/db/global.setting.tcl 
Execute     source /home/ronny/tec/high-level-design-for-electronics/homework/homework-3/hls-gem5-rgb2gray/hls/image_accel/image_accel/hls/.autopilot/db/image_accel.rtl_wrap.cfg.tcl 
Execute     source /home/ronny/tec/high-level-design-for-electronics/homework/homework-3/hls-gem5-rgb2gray/hls/image_accel/image_accel/hls/.autopilot/db/image_accel.tbgen.tcl 
Execute     source /home/ronny/tec/high-level-design-for-electronics/homework/homework-3/hls-gem5-rgb2gray/hls/image_accel/image_accel/hls/.autopilot/db/image_accel.tbgen.tcl 
Execute     source /home/ronny/tec/high-level-design-for-electronics/homework/homework-3/hls-gem5-rgb2gray/hls/image_accel/image_accel/hls/.autopilot/db/image_accel.tbgen.tcl 
Execute     source /home/ronny/tec/high-level-design-for-electronics/homework/homework-3/hls-gem5-rgb2gray/hls/image_accel/image_accel/hls/.autopilot/db/image_accel.tbgen.tcl 
INFO: [COSIM 212-47] Using XSIM for RTL simulation.
INFO: [COSIM 212-14] Instrumenting C test bench ...
Execute     ap_part_info -name xck26-sfvc784-2LV-c -data info 
INFO-FLOW: run_clang exec: /tools/Xilinx/Vitis_HLS/2024.1/vcxx/libexec/clang -fno-builtin-isinf -fno-builtin-isnan -E -Wno-unknown-pragmas -Wno-unknown-pragmas -DGCC_COMPATIBLE_APINT -DAESL_TB -D__HLS_COSIM__ -D__VITIS_HLS__ -I /tools/Xilinx/Vitis_HLS/2024.1/include -I include /home/ronny/tec/high-level-design-for-electronics/homework/homework-3/hls-gem5-rgb2gray/hls/tb/image_accel_tb.cpp -o /home/ronny/tec/high-level-design-for-electronics/homework/homework-3/hls-gem5-rgb2gray/hls/image_accel/image_accel/hls/./sim/autowrap/testbench/image_accel_tb.cpp_pre.cpp -std=gnu++14 -D__DSP48E2__ --gcc-toolchain=/tools/Xilinx/Vitis_HLS/2024.1/tps/lnx64/gcc-8.3.0 > /home/ronny/tec/high-level-design-for-electronics/homework/homework-3/hls-gem5-rgb2gray/hls/image_accel/image_accel/hls/.autopilot/db/image_accel_tb.cpp.clang.autosim-tb.out.log 2> /home/ronny/tec/high-level-design-for-electronics/homework/homework-3/hls-gem5-rgb2gray/hls/image_accel/image_accel/hls/.autopilot/db/image_accel_tb.cpp.clang.autosim-tb.err.log
INFO-FLOW: TB processing: /home/ronny/tec/high-level-design-for-electronics/homework/homework-3/hls-gem5-rgb2gray/hls/tb/image_accel_tb.cpp /home/ronny/tec/high-level-design-for-electronics/homework/homework-3/hls-gem5-rgb2gray/hls/image_accel/image_accel/hls/./sim/autowrap/testbench/image_accel_tb.cpp_pre.cpp
Execute     clang_tidy xilinx-tb-process -desc tb-process /home/ronny/tec/high-level-design-for-electronics/homework/homework-3/hls-gem5-rgb2gray/hls/image_accel/image_accel/hls/./sim/autowrap/testbench/image_accel_tb.cpp_pre.cpp.tb.cpp std=gnu++14 
INFO-FLOW: exec /tools/Xilinx/Vitis_HLS/2024.1/lnx64/tools/clang-3.9-csynth/bin/clang-tidy -header-filter=.* --checks=-*,xilinx-tb-process -fix-errors /home/ronny/tec/high-level-design-for-electronics/homework/homework-3/hls-gem5-rgb2gray/hls/image_accel/image_accel/hls/./sim/autowrap/testbench/image_accel_tb.cpp_pre.cpp.tb.cpp -- -std=gnu++14 -fhls -ferror-limit=0
Command     clang_tidy done; 2.18 sec.
Execute     ap_part_info -name xck26-sfvc784-2LV-c -data info 
INFO-FLOW: run_clang exec: /tools/Xilinx/Vitis_HLS/2024.1/vcxx/libexec/clang -fno-builtin-isinf -fno-builtin-isnan -E -DGCC_COMPATIBLE_APINT -DAESL_TB -D__HLS_COSIM__ -D__VITIS_HLS__ -I /tools/Xilinx/Vitis_HLS/2024.1/include -I include /home/ronny/tec/high-level-design-for-electronics/homework/homework-3/hls-gem5-rgb2gray/hls/src/image_accel.cpp -o /home/ronny/tec/high-level-design-for-electronics/homework/homework-3/hls-gem5-rgb2gray/hls/image_accel/image_accel/hls/./sim/autowrap/testbench/image_accel.cpp_pre.cpp -std=gnu++14 -D__DSP48E2__ --gcc-toolchain=/tools/Xilinx/Vitis_HLS/2024.1/tps/lnx64/gcc-8.3.0 > /home/ronny/tec/high-level-design-for-electronics/homework/homework-3/hls-gem5-rgb2gray/hls/image_accel/image_accel/hls/.autopilot/db/image_accel.cpp.clang.autosim-tb.out.log 2> /home/ronny/tec/high-level-design-for-electronics/homework/homework-3/hls-gem5-rgb2gray/hls/image_accel/image_accel/hls/.autopilot/db/image_accel.cpp.clang.autosim-tb.err.log
INFO-FLOW: TB processing: /home/ronny/tec/high-level-design-for-electronics/homework/homework-3/hls-gem5-rgb2gray/hls/src/image_accel.cpp /home/ronny/tec/high-level-design-for-electronics/homework/homework-3/hls-gem5-rgb2gray/hls/image_accel/image_accel/hls/./sim/autowrap/testbench/image_accel.cpp_pre.cpp
Execute     clang_tidy xilinx-tb-process -desc tb-process /home/ronny/tec/high-level-design-for-electronics/homework/homework-3/hls-gem5-rgb2gray/hls/image_accel/image_accel/hls/./sim/autowrap/testbench/image_accel.cpp_pre.cpp.tb.cpp std=gnu++14 
INFO-FLOW: exec /tools/Xilinx/Vitis_HLS/2024.1/lnx64/tools/clang-3.9-csynth/bin/clang-tidy -header-filter=.* --checks=-*,xilinx-tb-process -fix-errors /home/ronny/tec/high-level-design-for-electronics/homework/homework-3/hls-gem5-rgb2gray/hls/image_accel/image_accel/hls/./sim/autowrap/testbench/image_accel.cpp_pre.cpp.tb.cpp -- -std=gnu++14 -fhls -ferror-limit=0
Command     clang_tidy done; 2.64 sec.
Execute     source /home/ronny/tec/high-level-design-for-electronics/homework/homework-3/hls-gem5-rgb2gray/hls/image_accel/image_accel/hls/./sim/autowrap/testbench/tb.status.tcl 
Execute     source /home/ronny/tec/high-level-design-for-electronics/homework/homework-3/hls-gem5-rgb2gray/hls/image_accel/image_accel/hls/.autopilot/db/global.setting.tcl 
Execute     source /home/ronny/tec/high-level-design-for-electronics/homework/homework-3/hls-gem5-rgb2gray/hls/image_accel/image_accel/hls/.autopilot/db/image_accel.rtl_wrap.cfg.tcl 
Execute     source /home/ronny/tec/high-level-design-for-electronics/homework/homework-3/hls-gem5-rgb2gray/hls/image_accel/image_accel/hls/.autopilot/db/image_accel.rtl_wrap.cfg.tcl 
Execute     source /home/ronny/tec/high-level-design-for-electronics/homework/homework-3/hls-gem5-rgb2gray/hls/image_accel/image_accel/hls/.autopilot/db/image_accel.rtl_wrap.cfg.tcl 
Execute     source /home/ronny/tec/high-level-design-for-electronics/homework/homework-3/hls-gem5-rgb2gray/hls/image_accel/image_accel/hls/.autopilot/db/image_accel.tbgen.tcl 
Execute     source /home/ronny/tec/high-level-design-for-electronics/homework/homework-3/hls-gem5-rgb2gray/hls/image_accel/image_accel/hls/.autopilot/db/image_accel.tbgen.tcl 
Execute     source /home/ronny/tec/high-level-design-for-electronics/homework/homework-3/hls-gem5-rgb2gray/hls/image_accel/image_accel/hls/.autopilot/db/image_accel.tbgen.tcl 
Execute     ap_part_info -name xck26-sfvc784-2LV-c -data info 
Execute     source .run_sim.tcl 
INFO: [COSIM 212-302] Starting C TB testing ... 
Command     ap_source done; 1.17 sec.
INFO: [COSIM 212-333] Generating C post check test bench ...
INFO: [COSIM 212-12] Generating RTL test bench ...
Execute     source ../tv/cdatafile/ref.tcl 
Execute     source /home/ronny/tec/high-level-design-for-electronics/homework/homework-3/hls-gem5-rgb2gray/hls/image_accel/image_accel/hls/.autopilot/db/image_accel.tbgen.tcl 
Execute     source /home/ronny/tec/high-level-design-for-electronics/homework/homework-3/hls-gem5-rgb2gray/hls/image_accel/image_accel/hls/.autopilot/db/image_accel.tbgen.tcl 
Execute     source /home/ronny/tec/high-level-design-for-electronics/homework/homework-3/hls-gem5-rgb2gray/hls/image_accel/image_accel/hls/.autopilot/db/image_accel.tbgen.tcl 
Execute     source /home/ronny/tec/high-level-design-for-electronics/homework/homework-3/hls-gem5-rgb2gray/hls/image_accel/image_accel/hls/.autopilot/db/image_accel.tbgen.tcl 
Execute     source ../tv/cdatafile/ref.tcl 
Execute     source /home/ronny/tec/high-level-design-for-electronics/homework/homework-3/hls-gem5-rgb2gray/hls/image_accel/image_accel/hls/.autopilot/db/image_accel.tbgen.tcl 
Execute     source /home/ronny/tec/high-level-design-for-electronics/homework/homework-3/hls-gem5-rgb2gray/hls/image_accel/image_accel/hls/.autopilot/db/image_accel.tbgen.tcl 
Execute     source /home/ronny/tec/high-level-design-for-electronics/homework/homework-3/hls-gem5-rgb2gray/hls/image_accel/image_accel/hls/.autopilot/db/image_accel.tbgen.tcl 
Execute     source /home/ronny/tec/high-level-design-for-electronics/homework/homework-3/hls-gem5-rgb2gray/hls/image_accel/image_accel/hls/.autopilot/db/image_accel.tbgen.tcl 
Execute     source /home/ronny/tec/high-level-design-for-electronics/homework/homework-3/hls-gem5-rgb2gray/hls/image_accel/image_accel/hls/.autopilot/db/image_accel.tbgen.tcl 
Execute     source /home/ronny/tec/high-level-design-for-electronics/homework/homework-3/hls-gem5-rgb2gray/hls/image_accel/image_accel/hls/.autopilot/db/image_accel.tbgen.tcl 
Execute     source /home/ronny/tec/high-level-design-for-electronics/homework/homework-3/hls-gem5-rgb2gray/hls/image_accel/image_accel/hls/.autopilot/db/image_accel.tbgen.tcl 
Execute     send_msg_by_id WARNING @200-616@ 
WARNING: [HLS 200-616] This design uses AXI slave interface in dataflow mode, which can result in simulation dead-lock and/or mismatching results (due to AXI slave FIFO sizing).
Execute     source /home/ronny/tec/high-level-design-for-electronics/homework/homework-3/hls-gem5-rgb2gray/hls/image_accel/image_accel/hls/.autopilot/db/image_accel.tbgen.tcl 
Execute     source /home/ronny/tec/high-level-design-for-electronics/homework/homework-3/hls-gem5-rgb2gray/hls/image_accel/image_accel/hls/.autopilot/db/image_accel.tbgen.tcl 
Execute     source /home/ronny/tec/high-level-design-for-electronics/homework/homework-3/hls-gem5-rgb2gray/hls/image_accel/image_accel/hls/.autopilot/db/image_accel.tbgen.tcl 
Execute     source /home/ronny/tec/high-level-design-for-electronics/homework/homework-3/hls-gem5-rgb2gray/hls/image_accel/image_accel/hls/.autopilot/db/image_accel.tbgen.tcl 
Execute     source /home/ronny/tec/high-level-design-for-electronics/homework/homework-3/hls-gem5-rgb2gray/hls/image_accel/image_accel/hls/.autopilot/db/image_accel.DependenceCheck.tcl 
Execute     source /home/ronny/tec/high-level-design-for-electronics/homework/homework-3/hls-gem5-rgb2gray/hls/image_accel/image_accel/hls/.autopilot/db/image_accel.tbgen.tcl 
INFO: [COSIM 212-1] *** C/RTL co-simulation file generation completed. ***
Execute     source .run_sim.tcl 
Execute       source check_sim.tcl 
Execute       source dataflow_monitor_API.tcl 
Execute       source .sim.status.tcl 
INFO: [COSIM 212-323] Starting verilog simulation. 
INFO: [COSIM 212-15] Starting XSIM ...
INFO: [COSIM 212-316] Starting C post checking ...
Command     ap_source done; 72.1 sec.
INFO: [COSIM 212-1000] *** C/RTL co-simulation finished: PASS ***
Command   cosim_design done; 94.1 sec.
Execute   close_project 
Execute     close_solution 
Execute       cleanup_all 
Execute       cleanup_all 
INFO-FLOW: Workspace /home/ronny/tec/high-level-design-for-electronics/homework/homework-3/hls-gem5-rgb2gray/hls/image_accel/image_accel/hls opened at Sun Jul 12 12:48:35 CST 2026
Execute     source /home/ronny/tec/high-level-design-for-electronics/homework/homework-3/hls-gem5-rgb2gray/hls/image_accel/image_accel/hls/.autopilot/db/global.setting.tcl 
Execute     set_part xck26-sfvc784-2LV-c 
Execute       create_platform xck26-sfvc784-2LV-c -board  
DBG:HLSDevice: Trying to load device library: /tools/Xilinx/Vitis_HLS/2024.1/lib/lnx64.o/libxv_hlsvwrap.so
DBG:HLSDevice: first parts/arch.xml in RDI_DATADIR: /tools/Xilinx/Vivado/2024.1/data/parts/arch.xml
DBG:HLSDevice: init success
INFO: [HLS 200-1611] Setting target device to 'xck26-sfvc784-2LV-c'
Command       create_platform done; 2.36 sec.
Execute       source /tools/Xilinx/Vitis_HLS/2024.1/common/technology/xilinx/common/xilinx.gen 
Execute         source /tools/Xilinx/Vitis_HLS/2024.1/common/technology/xilinx/interface/plb46.gen 
Execute         source /tools/Xilinx/Vitis_HLS/2024.1/common/technology/xilinx/interface/axi4.gen 
Execute         source /tools/Xilinx/Vitis_HLS/2024.1/common/technology/xilinx/interface/nativeAXI4.gen 
Execute           source /tools/Xilinx/Vitis_HLS/2024.1/common/technology/xilinx/interface/saxilite.gen 
Execute         source /tools/Xilinx/Vitis_HLS/2024.1/common/technology/xilinx/scripts/xilinxcoregen.gen 
Execute         source /tools/Xilinx/Vitis_HLS/2024.1/common/technology/xilinx/interface/XilEDKCoreGen.gen 
Execute         source /tools/Xilinx/Vitis_HLS/2024.1/common/technology/xilinx/ip/dds_compiler.gen 
Execute         source /tools/Xilinx/Vitis_HLS/2024.1/common/technology/xilinx/ip/util.gen 
Execute         source /tools/Xilinx/Vitis_HLS/2024.1/common/technology/xilinx/ip/xfft.gen 
Command         ap_source done; 0.16 sec.
Execute         source /tools/Xilinx/Vitis_HLS/2024.1/common/technology/xilinx/ip/xfir.gen 
Execute         source /tools/Xilinx/Vitis_HLS/2024.1/common/technology/xilinx/DSP48/dsp48.gen 
Command       ap_source done; 0.23 sec.
Execute       ap_part_info -name xck26-sfvc784-2LV-c -data info 
Execute       config_compile -quiet -complex-mul-dsp=0 
Command     set_part done; 2.68 sec.
Execute     send_msg_by_id INFO @200-1505@%s%s default  vivado 
INFO: [HLS 200-1505] Using default flow_target 'vivado'
Command   open_solution done; 2.7 sec.
Execute   apply_ini /home/ronny/tec/high-level-design-for-electronics/homework/homework-3/hls-gem5-rgb2gray/hls/image_accel/hls_config.cfg 
Execute     send_msg_by_id INFO @200-1465@%s 'syn.file=/home/ronny/tec/high-level-design-for-electronics/homework/homework-3/hls-gem5-rgb2gray/hls/src/image_accel.cpp' from /home/ronny/tec/high-level-design-for-electronics/homework/homework-3/hls-gem5-rgb2gray/hls/image_accel/hls_config.cfg(8) 
INFO: [HLS 200-1465] Applying ini 'syn.file=/home/ronny/tec/high-level-design-for-electronics/homework/homework-3/hls-gem5-rgb2gray/hls/src/image_accel.cpp' from /home/ronny/tec/high-level-design-for-electronics/homework/homework-3/hls-gem5-rgb2gray/hls/image_accel/hls_config.cfg(8)
Execute     add_files /home/ronny/tec/high-level-design-for-electronics/homework/homework-3/hls-gem5-rgb2gray/hls/src/image_accel.cpp 
INFO: [HLS 200-10] Adding design file '/home/ronny/tec/high-level-design-for-electronics/homework/homework-3/hls-gem5-rgb2gray/hls/src/image_accel.cpp' to the project
Execute     send_msg_by_id INFO @200-1465@%s 'syn.file=/home/ronny/tec/high-level-design-for-electronics/homework/homework-3/hls-gem5-rgb2gray/hls/src/image_accel.hpp' from /home/ronny/tec/high-level-design-for-electronics/homework/homework-3/hls-gem5-rgb2gray/hls/image_accel/hls_config.cfg(9) 
INFO: [HLS 200-1465] Applying ini 'syn.file=/home/ronny/tec/high-level-design-for-electronics/homework/homework-3/hls-gem5-rgb2gray/hls/src/image_accel.hpp' from /home/ronny/tec/high-level-design-for-electronics/homework/homework-3/hls-gem5-rgb2gray/hls/image_accel/hls_config.cfg(9)
Execute     add_files /home/ronny/tec/high-level-design-for-electronics/homework/homework-3/hls-gem5-rgb2gray/hls/src/image_accel.hpp 
INFO: [HLS 200-10] Adding design file '/home/ronny/tec/high-level-design-for-electronics/homework/homework-3/hls-gem5-rgb2gray/hls/src/image_accel.hpp' to the project
Execute     send_msg_by_id INFO @200-1465@%s 'syn.file=/home/ronny/tec/high-level-design-for-electronics/homework/homework-3/hls-gem5-rgb2gray/hls/src/image_accel_types.hpp' from /home/ronny/tec/high-level-design-for-electronics/homework/homework-3/hls-gem5-rgb2gray/hls/image_accel/hls_config.cfg(10) 
INFO: [HLS 200-1465] Applying ini 'syn.file=/home/ronny/tec/high-level-design-for-electronics/homework/homework-3/hls-gem5-rgb2gray/hls/src/image_accel_types.hpp' from /home/ronny/tec/high-level-design-for-electronics/homework/homework-3/hls-gem5-rgb2gray/hls/image_accel/hls_config.cfg(10)
Execute     add_files /home/ronny/tec/high-level-design-for-electronics/homework/homework-3/hls-gem5-rgb2gray/hls/src/image_accel_types.hpp 
INFO: [HLS 200-10] Adding design file '/home/ronny/tec/high-level-design-for-electronics/homework/homework-3/hls-gem5-rgb2gray/hls/src/image_accel_types.hpp' to the project
Execute     send_msg_by_id INFO @200-1465@%s 'tb.file=/home/ronny/tec/high-level-design-for-electronics/homework/homework-3/hls-gem5-rgb2gray/hls/tb/image_accel_tb.cpp' from /home/ronny/tec/high-level-design-for-electronics/homework/homework-3/hls-gem5-rgb2gray/hls/image_accel/hls_config.cfg(11) 
INFO: [HLS 200-1465] Applying ini 'tb.file=/home/ronny/tec/high-level-design-for-electronics/homework/homework-3/hls-gem5-rgb2gray/hls/tb/image_accel_tb.cpp' from /home/ronny/tec/high-level-design-for-electronics/homework/homework-3/hls-gem5-rgb2gray/hls/image_accel/hls_config.cfg(11)
Execute     add_files -tb /home/ronny/tec/high-level-design-for-electronics/homework/homework-3/hls-gem5-rgb2gray/hls/tb/image_accel_tb.cpp 
INFO: [HLS 200-10] Adding test bench file '/home/ronny/tec/high-level-design-for-electronics/homework/homework-3/hls-gem5-rgb2gray/hls/tb/image_accel_tb.cpp' to the project
Execute     send_msg_by_id INFO @200-1465@%s 'syn.top=image_accel' from /home/ronny/tec/high-level-design-for-electronics/homework/homework-3/hls-gem5-rgb2gray/hls/image_accel/hls_config.cfg(7) 
INFO: [HLS 200-1465] Applying ini 'syn.top=image_accel' from /home/ronny/tec/high-level-design-for-electronics/homework/homework-3/hls-gem5-rgb2gray/hls/image_accel/hls_config.cfg(7)
Execute     set_top image_accel 
Execute     send_msg_by_id INFO @200-1465@%s 'flow_target=vivado' from /home/ronny/tec/high-level-design-for-electronics/homework/homework-3/hls-gem5-rgb2gray/hls/image_accel/hls_config.cfg(4) 
INFO: [HLS 200-1465] Applying ini 'flow_target=vivado' from /home/ronny/tec/high-level-design-for-electronics/homework/homework-3/hls-gem5-rgb2gray/hls/image_accel/hls_config.cfg(4)
Execute     send_msg_by_id INFO @200-1505@%s%s  vivado 
INFO: [HLS 200-1505] Using flow_target 'vivado'
Execute     send_msg_by_id INFO @200-1465@%s 'part=xck26-sfvc784-2LV-c' from /home/ronny/tec/high-level-design-for-electronics/homework/homework-3/hls-gem5-rgb2gray/hls/image_accel/hls_config.cfg(1) 
INFO: [HLS 200-1465] Applying ini 'part=xck26-sfvc784-2LV-c' from /home/ronny/tec/high-level-design-for-electronics/homework/homework-3/hls-gem5-rgb2gray/hls/image_accel/hls_config.cfg(1)
Execute     set_part xck26-sfvc784-2LV-c 
Execute       create_platform xck26-sfvc784-2LV-c -board  
Command       create_platform done; 0.2 sec.
Execute       source /tools/Xilinx/Vitis_HLS/2024.1/common/technology/xilinx/common/xilinx.gen 
Execute         source /tools/Xilinx/Vitis_HLS/2024.1/common/technology/xilinx/interface/plb46.gen 
Execute         source /tools/Xilinx/Vitis_HLS/2024.1/common/technology/xilinx/interface/axi4.gen 
Execute         source /tools/Xilinx/Vitis_HLS/2024.1/common/technology/xilinx/interface/nativeAXI4.gen 
Execute           source /tools/Xilinx/Vitis_HLS/2024.1/common/technology/xilinx/interface/saxilite.gen 
Execute         source /tools/Xilinx/Vitis_HLS/2024.1/common/technology/xilinx/scripts/xilinxcoregen.gen 
Execute         source /tools/Xilinx/Vitis_HLS/2024.1/common/technology/xilinx/interface/XilEDKCoreGen.gen 
Execute         source /tools/Xilinx/Vitis_HLS/2024.1/common/technology/xilinx/ip/dds_compiler.gen 
Execute         source /tools/Xilinx/Vitis_HLS/2024.1/common/technology/xilinx/ip/util.gen 
Execute         source /tools/Xilinx/Vitis_HLS/2024.1/common/technology/xilinx/ip/xfft.gen 
Execute         source /tools/Xilinx/Vitis_HLS/2024.1/common/technology/xilinx/ip/xfir.gen 
Execute         source /tools/Xilinx/Vitis_HLS/2024.1/common/technology/xilinx/DSP48/dsp48.gen 
Command       ap_source done; 0.11 sec.
Execute       ap_part_info -name xck26-sfvc784-2LV-c -data info 
Execute       config_compile -quiet -complex-mul-dsp=0 
Command     set_part done; 0.37 sec.
Execute     send_msg_by_id INFO @200-1465@%s 'clock=4ns' from /home/ronny/tec/high-level-design-for-electronics/homework/homework-3/hls-gem5-rgb2gray/hls/image_accel/hls_config.cfg(12) 
INFO: [HLS 200-1465] Applying ini 'clock=4ns' from /home/ronny/tec/high-level-design-for-electronics/homework/homework-3/hls-gem5-rgb2gray/hls/image_accel/hls_config.cfg(12)
Execute     create_clock -period 4ns 
Execute       ap_set_clock -name default -period 4 -unit ns -default=false 
INFO: [SYN 201-201] Setting up clock 'default' with a period of 4ns.
Execute     send_msg_by_id INFO @200-1465@%s 'clock_uncertainty=12.5%' from /home/ronny/tec/high-level-design-for-electronics/homework/homework-3/hls-gem5-rgb2gray/hls/image_accel/hls_config.cfg(13) 
INFO: [HLS 200-1465] Applying ini 'clock_uncertainty=12.5%' from /home/ronny/tec/high-level-design-for-electronics/homework/homework-3/hls-gem5-rgb2gray/hls/image_accel/hls_config.cfg(13)
Execute     set_clock_uncertainty 12.5% 
Execute       ap_set_clock -name default -uncertainty 0.5 -unit % 
INFO: [SYN 201-201] Setting up clock 'default' with an uncertainty of 0.5ns.
Execute     send_msg_by_id INFO @200-1465@%s 'csim.code_analyzer=1' from /home/ronny/tec/high-level-design-for-electronics/homework/homework-3/hls-gem5-rgb2gray/hls/image_accel/hls_config.cfg(14) 
INFO: [HLS 200-1465] Applying ini 'csim.code_analyzer=1' from /home/ronny/tec/high-level-design-for-electronics/homework/homework-3/hls-gem5-rgb2gray/hls/image_accel/hls_config.cfg(14)
Execute     config_csim -code_analyzer=1 
Execute     send_msg_by_id INFO @200-1465@%s 'package.output.format=ip_catalog' from /home/ronny/tec/high-level-design-for-electronics/homework/homework-3/hls-gem5-rgb2gray/hls/image_accel/hls_config.cfg(5) 
INFO: [HLS 200-1465] Applying ini 'package.output.format=ip_catalog' from /home/ronny/tec/high-level-design-for-electronics/homework/homework-3/hls-gem5-rgb2gray/hls/image_accel/hls_config.cfg(5)
Execute     config_export -format=ip_catalog 
Command   apply_ini done; 0.42 sec.
Execute   apply_ini /home/ronny/tec/high-level-design-for-electronics/homework/homework-3/hls-gem5-rgb2gray/hls/image_accel/image_accel/hls/config.cmdline 
Execute   export_design -flow none 
Execute     AP::app_get_file_relativeroot [AP::app_get_root] {}
Execute     AP::app_get_file_relativeroot [AP::app_get_root] {}
Execute     AP::app_get_file_relativeroot [AP::app_get_root] {}
Execute     AP::get_vpp_package_output_file
Execute     config_export -flow=none 
INFO-FLOW: DBG:PUTS: export_design_wrap: -format ip_catalog -rtl verilog
Execute     source /home/ronny/tec/high-level-design-for-electronics/homework/homework-3/hls-gem5-rgb2gray/hls/image_accel/image_accel/hls/.autopilot/db/global.setting.tcl 
INFO-FLOW: DBG:PUTS:   auto_impl: pack: -export -rtl verilog
INFO-FLOW: DBG:PROC: ::AESL_AUTOIMPL::auto_impl args='-export -rtl verilog'
Execute     source /home/ronny/tec/high-level-design-for-electronics/homework/homework-3/hls-gem5-rgb2gray/hls/image_accel/image_accel/hls/.autopilot/db/global.setting.tcl 
INFO: [IMPL 213-8] Exporting RTL as a Vivado IP.
INFO-FLOW: DBG:PUTS: automg_wrap -export -pcore_version 1.00.a -rtl vlog -tool Vivado -impltomg_flag
INFO-FLOW: DBG:PROC: ::AESL_AUTOMG::auto_generate args='-export -pcore_version 1.00.a -rtl vlog -tool Vivado -impltomg_flag'
INFO-FLOW: DBG:PUTS:     auto_generate -export -pcore_version 1.00.a -rtl vlog -tool Vivado -impltomg_flag
Execute     source /home/ronny/tec/high-level-design-for-electronics/homework/homework-3/hls-gem5-rgb2gray/hls/image_accel/image_accel/hls/.autopilot/db/global.setting.tcl 
INFO-FLOW: DBG:PUTS: read_platform_lib /home/ronny/tec/high-level-design-for-electronics/homework/homework-3/hls-gem5-rgb2gray/hls/image_accel/image_accel/hls/.autopilot/db/global.setting.tcl
Execute     source /tools/Xilinx/Vitis_HLS/2024.1/common/technology/generic/autopilot/common.gen 
Execute       source /tools/Xilinx/Vitis_HLS/2024.1/common/technology/generic/autopilot/APCoreGen.gen 
Execute     source /tools/Xilinx/Vitis_HLS/2024.1/common/technology/generic/autopilot/op.gen 
Execute     source /tools/Xilinx/Vitis_HLS/2024.1/common/technology/generic/autopilot/op_simcore.gen 
Execute     source /tools/Xilinx/Vitis_HLS/2024.1/common/technology/generic/autopilot/interface.gen 
Execute     source /home/ronny/tec/high-level-design-for-electronics/homework/homework-3/hls-gem5-rgb2gray/hls/image_accel/image_accel/hls/.autopilot/db/global.setting.tcl 
Execute     source /tools/Xilinx/Vitis_HLS/2024.1/common/technology/xilinx/common/xilinx.gen 
Execute       source /tools/Xilinx/Vitis_HLS/2024.1/common/technology/xilinx/interface/plb46.gen 
Execute       source /tools/Xilinx/Vitis_HLS/2024.1/common/technology/xilinx/interface/axi4.gen 
Execute       source /tools/Xilinx/Vitis_HLS/2024.1/common/technology/xilinx/interface/nativeAXI4.gen 
Execute         source /tools/Xilinx/Vitis_HLS/2024.1/common/technology/xilinx/interface/saxilite.gen 
Execute       source /tools/Xilinx/Vitis_HLS/2024.1/common/technology/xilinx/scripts/xilinxcoregen.gen 
Execute       source /tools/Xilinx/Vitis_HLS/2024.1/common/technology/xilinx/interface/XilEDKCoreGen.gen 
Execute       source /tools/Xilinx/Vitis_HLS/2024.1/common/technology/xilinx/ip/dds_compiler.gen 
Execute       source /tools/Xilinx/Vitis_HLS/2024.1/common/technology/xilinx/ip/util.gen 
Execute       source /tools/Xilinx/Vitis_HLS/2024.1/common/technology/xilinx/ip/xfft.gen 
Execute       source /tools/Xilinx/Vitis_HLS/2024.1/common/technology/xilinx/ip/xfir.gen 
Execute       source /tools/Xilinx/Vitis_HLS/2024.1/common/technology/xilinx/DSP48/dsp48.gen 
INFO-FLOW: DBG:PUTS:   using AESL_AUTOCG::g_clock_period=4.000 (was NA)
INFO-FLOW: DBG:PUTS:       initCTypeInfo top_module=image_accel xml_exists=0
Execute     source /home/ronny/tec/high-level-design-for-electronics/homework/homework-3/hls-gem5-rgb2gray/hls/image_accel/image_accel/hls/.autopilot/db/image_accel.rtl_wrap.cfg.tcl 
Execute     source /home/ronny/tec/high-level-design-for-electronics/homework/homework-3/hls-gem5-rgb2gray/hls/image_accel/image_accel/hls/.autopilot/db/image_accel.rtl_wrap.cfg.tcl 
Execute     source /home/ronny/tec/high-level-design-for-electronics/homework/homework-3/hls-gem5-rgb2gray/hls/image_accel/image_accel/hls/.autopilot/db/image_accel.rtl_wrap.cfg.tcl 
Execute     source /home/ronny/tec/high-level-design-for-electronics/homework/homework-3/hls-gem5-rgb2gray/hls/image_accel/image_accel/hls/.autopilot/db/image_accel.tbgen.tcl 
Execute     source /home/ronny/tec/high-level-design-for-electronics/homework/homework-3/hls-gem5-rgb2gray/hls/image_accel/image_accel/hls/.autopilot/db/image_accel.tbgen.tcl 
Execute     source /home/ronny/tec/high-level-design-for-electronics/homework/homework-3/hls-gem5-rgb2gray/hls/image_accel/image_accel/hls/.autopilot/db/image_accel.tbgen.tcl 
Execute     source /home/ronny/tec/high-level-design-for-electronics/homework/homework-3/hls-gem5-rgb2gray/hls/image_accel/image_accel/hls/.autopilot/db/global.setting.tcl 
Execute     source /home/ronny/tec/high-level-design-for-electronics/homework/homework-3/hls-gem5-rgb2gray/hls/image_accel/image_accel/hls/.autopilot/db/image_accel.tbgen.tcl 
INFO-FLOW: DBG:PUTS:       cosim_export_main adding deadlock detection to image_accel
INFO-FLOW: DBG:PUTS:       generate_datafile_ip_script ip_types={vitis sysgen} #gSsdmPorts=0
INFO-FLOW: DBG:PUTS: Skipping loadAnalyze_DB, #g_database=5
INFO-FLOW: DBG:PUTS:       generate_json generate_bd_files=0 generate_xo_files=false #modelList=24 #gSsdmPorts=0
INFO-FLOW: DBG:PROC: ::AP::DESIGN_DATA::generate_json generate_bd_files='0' generate_xo_files='false' modelList='image_accel_flow_control_loop_pipe_sequential_init
image_accel_mul_8ns_8ns_15_1_1
image_accel_mac_muladd_8ns_5ns_15ns_15_4_1
image_accel_mac_muladd_8ns_8ns_15ns_16_4_1
image_accel_flow_control_loop_pipe_sequential_init
image_accel_flow_control_loop_pipe_sequential_init
image_accel_fifo_w64_d4_S
image_accel_fifo_w24_d64_A
image_accel_fifo_w32_d2_S
image_accel_fifo_w8_d64_S
image_accel_fifo_w32_d2_S
image_accel_start_for_p_anonymous_namespace_write_output_U0
image_accel_start_for_p_anonymous_namespace_rgb_to_gray_U0
image_accel_gmem0_m_axi
image_accel_gmem1_m_axi
image_accel_control_s_axi
entry_proc
p_anonymous_namespace_read_input_Pipeline_read_loop
p_anonymous_namespace_read_input
p_anonymous_namespace_rgb_to_gray_Pipeline_process_loop
p_anonymous_namespace_rgb_to_gray
p_anonymous_namespace_write_output_Pipeline_write_loop
p_anonymous_namespace_write_output
image_accel
' rtl_lang='vlog' bootstrap_tcl='false' outdir='' outfilename=''
Execute     source /tools/Xilinx/Vitis_HLS/2024.1/tps/tcl/tcllib1.11.1/yaml/huddle.tcl 
Execute     source /tools/Xilinx/Vitis_HLS/2024.1/tps/tcl/tcllib1.11.1/yaml/json2huddle.tcl 
Execute     source /home/ronny/tec/high-level-design-for-electronics/homework/homework-3/hls-gem5-rgb2gray/hls/image_accel/image_accel/hls/.autopilot/db/global.setting.tcl 
Execute     source /home/ronny/tec/high-level-design-for-electronics/homework/homework-3/hls-gem5-rgb2gray/hls/image_accel/image_accel/hls/.autopilot/db/global.setting.tcl 
Execute     source /home/ronny/tec/high-level-design-for-electronics/homework/homework-3/hls-gem5-rgb2gray/hls/image_accel/image_accel/hls/.autopilot/db/top-io-be.tcl 
Execute     source /home/ronny/tec/high-level-design-for-electronics/homework/homework-3/hls-gem5-rgb2gray/hls/image_accel/image_accel/hls/.autopilot/db/image_accel.tbgen.tcl 
Execute     source /home/ronny/tec/high-level-design-for-electronics/homework/homework-3/hls-gem5-rgb2gray/hls/image_accel/image_accel/hls/.autopilot/db/image_accel.compgen.dataonly.tcl 
Execute     source /home/ronny/tec/high-level-design-for-electronics/homework/homework-3/hls-gem5-rgb2gray/hls/image_accel/image_accel/hls/.autopilot/db/image_accel.compgen.dataonly.tcl 
Execute     source /home/ronny/tec/high-level-design-for-electronics/homework/homework-3/hls-gem5-rgb2gray/hls/image_accel/image_accel/hls/.autopilot/db/image_accel.rtl_wrap.cfg.tcl 
Execute     source /home/ronny/tec/high-level-design-for-electronics/homework/homework-3/hls-gem5-rgb2gray/hls/image_accel/image_accel/hls/.autopilot/db/image_accel.compgen.dataonly.tcl 
Execute     source /home/ronny/tec/high-level-design-for-electronics/homework/homework-3/hls-gem5-rgb2gray/hls/image_accel/image_accel/hls/.autopilot/db/entry_proc.tbgen.tcl 
Execute     source /home/ronny/tec/high-level-design-for-electronics/homework/homework-3/hls-gem5-rgb2gray/hls/image_accel/image_accel/hls/.autopilot/db/p_anonymous_namespace_read_input_Pipeline_read_loop.tbgen.tcl 
Execute     source /home/ronny/tec/high-level-design-for-electronics/homework/homework-3/hls-gem5-rgb2gray/hls/image_accel/image_accel/hls/.autopilot/db/p_anonymous_namespace_read_input.tbgen.tcl 
Execute     source /home/ronny/tec/high-level-design-for-electronics/homework/homework-3/hls-gem5-rgb2gray/hls/image_accel/image_accel/hls/.autopilot/db/p_anonymous_namespace_rgb_to_gray_Pipeline_process_loop.tbgen.tcl 
Execute     source /home/ronny/tec/high-level-design-for-electronics/homework/homework-3/hls-gem5-rgb2gray/hls/image_accel/image_accel/hls/.autopilot/db/p_anonymous_namespace_rgb_to_gray.tbgen.tcl 
Execute     source /home/ronny/tec/high-level-design-for-electronics/homework/homework-3/hls-gem5-rgb2gray/hls/image_accel/image_accel/hls/.autopilot/db/p_anonymous_namespace_write_output_Pipeline_write_loop.tbgen.tcl 
Execute     source /home/ronny/tec/high-level-design-for-electronics/homework/homework-3/hls-gem5-rgb2gray/hls/image_accel/image_accel/hls/.autopilot/db/p_anonymous_namespace_write_output.tbgen.tcl 
Execute     source /home/ronny/tec/high-level-design-for-electronics/homework/homework-3/hls-gem5-rgb2gray/hls/image_accel/image_accel/hls/.autopilot/db/image_accel.tbgen.tcl 
Execute     source /home/ronny/tec/high-level-design-for-electronics/homework/homework-3/hls-gem5-rgb2gray/hls/image_accel/image_accel/hls/.autopilot/db/global.setting.tcl 
Execute     ap_part_info -name xck26-sfvc784-2LV-c -data names -quiet 
Execute     ap_part_info -name xck26-sfvc784-2LV-c -data info -quiet 
Execute     source /home/ronny/tec/high-level-design-for-electronics/homework/homework-3/hls-gem5-rgb2gray/hls/image_accel/image_accel/hls/.autopilot/db/image_accel.constraint.tcl 
Execute     sc_get_clocks image_accel 
Execute     source /home/ronny/tec/high-level-design-for-electronics/homework/homework-3/hls-gem5-rgb2gray/hls/image_accel/image_accel/hls/.autopilot/db/global.setting.tcl 
INFO-FLOW: DBG:PUTS:       generate_syn_sh
Execute     ap_part_info -name xck26-sfvc784-2LV-c -data names -quiet 
Execute     ap_part_info -name xck26-sfvc784-2LV-c -data info -quiet 
Execute     source /home/ronny/tec/high-level-design-for-electronics/homework/homework-3/hls-gem5-rgb2gray/hls/image_accel/image_accel/hls/.autopilot/db/global.setting.tcl 
INFO-FLOW: DBG:PUTS:       generate_imp_constraints
Execute     ap_part_info -name xck26-sfvc784-2LV-c -data names -quiet 
Execute     ap_part_info -name xck26-sfvc784-2LV-c -data info -quiet 
Execute     source /home/ronny/tec/high-level-design-for-electronics/homework/homework-3/hls-gem5-rgb2gray/hls/image_accel/image_accel/hls/.autopilot/db/image_accel.constraint.tcl 
Execute     source /home/ronny/tec/high-level-design-for-electronics/homework/homework-3/hls-gem5-rgb2gray/hls/image_accel/image_accel/hls/.autopilot/db/image_accel.tbgen.tcl 
INFO-FLOW: DBG:PUTS:       delete-temp-dirs (skipped for debug)
Execute     ap_part_info -name xck26-sfvc784-2LV-c -data names -quiet 
Execute     ap_part_info -name xck26-sfvc784-2LV-c -data info -quiet 
INFO-FLOW: DBG:PUTS: read_platform_lib /home/ronny/tec/high-level-design-for-electronics/homework/homework-3/hls-gem5-rgb2gray/hls/image_accel/image_accel/hls/.autopilot/db/global.setting.tcl
Execute     source /tools/Xilinx/Vitis_HLS/2024.1/common/technology/generic/autopilot/common.gen 
Execute       source /tools/Xilinx/Vitis_HLS/2024.1/common/technology/generic/autopilot/APCoreGen.gen 
Execute     source /tools/Xilinx/Vitis_HLS/2024.1/common/technology/generic/autopilot/op.gen 
Execute     source /tools/Xilinx/Vitis_HLS/2024.1/common/technology/generic/autopilot/op_simcore.gen 
Execute     source /tools/Xilinx/Vitis_HLS/2024.1/common/technology/generic/autopilot/interface.gen 
Execute     source /home/ronny/tec/high-level-design-for-electronics/homework/homework-3/hls-gem5-rgb2gray/hls/image_accel/image_accel/hls/.autopilot/db/global.setting.tcl 
Execute     source /tools/Xilinx/Vitis_HLS/2024.1/common/technology/xilinx/common/xilinx.gen 
Execute       source /tools/Xilinx/Vitis_HLS/2024.1/common/technology/xilinx/interface/plb46.gen 
Execute       source /tools/Xilinx/Vitis_HLS/2024.1/common/technology/xilinx/interface/axi4.gen 
Execute       source /tools/Xilinx/Vitis_HLS/2024.1/common/technology/xilinx/interface/nativeAXI4.gen 
Execute         source /tools/Xilinx/Vitis_HLS/2024.1/common/technology/xilinx/interface/saxilite.gen 
Execute       source /tools/Xilinx/Vitis_HLS/2024.1/common/technology/xilinx/scripts/xilinxcoregen.gen 
Execute       source /tools/Xilinx/Vitis_HLS/2024.1/common/technology/xilinx/interface/XilEDKCoreGen.gen 
Execute       source /tools/Xilinx/Vitis_HLS/2024.1/common/technology/xilinx/ip/dds_compiler.gen 
Execute       source /tools/Xilinx/Vitis_HLS/2024.1/common/technology/xilinx/ip/util.gen 
Execute       source /tools/Xilinx/Vitis_HLS/2024.1/common/technology/xilinx/ip/xfft.gen 
Command       ap_source done; 0.19 sec.
Execute       source /tools/Xilinx/Vitis_HLS/2024.1/common/technology/xilinx/ip/xfir.gen 
Execute       source /tools/Xilinx/Vitis_HLS/2024.1/common/technology/xilinx/DSP48/dsp48.gen 
Command     ap_source done; 0.22 sec.
INFO-FLOW: DBG:PUTS:     IP package: exec /home/ronny/tec/high-level-design-for-electronics/homework/homework-3/hls-gem5-rgb2gray/hls/image_accel/image_accel/hls/impl/ip/pack.sh
INFO-FLOW: DBG:PUTS:     IP package: success /home/ronny/tec/high-level-design-for-electronics/homework/homework-3/hls-gem5-rgb2gray/hls/image_accel/image_accel/hls/impl/ip/pack.sh
Execute     send_msg_by_id INFO @200-802@%s image_accel/image_accel.zip 
INFO: [HLS 200-802] Generated output file image_accel/image_accel.zip
Command   export_design done; 49.11 sec.
Execute   close_project 
Execute     close_solution 
Execute       cleanup_all 
Execute       cleanup_all 
